    °„C	        No	    CH0	            CH1	            CH2	            CH3
40.661	1	0.1157944271	1809.5160311172	0.4862829737	-0.3391070568
40.692	2	0.1158063481	1807.5452332226	0.4862189583	-0.3389779531
40.728	3	0.1158204148	1805.5725577815	0.4861544660	-0.3388446771
40.759	4	0.1158322165	1803.6030115845	0.4860883049	-0.3387114011
40.791	5	0.1158444950	1801.6409755731	0.4860257200	-0.3385703765
40.819	6	0.1158554623	1799.6770620154	0.4859600357	-0.3384285175
40.850	7	0.1158672640	1797.7062641207	0.4858957819	-0.3382863008
40.885	8	0.1158809731	1795.7448539582	0.4858291439	-0.3381380044
40.916	9	0.1158928940	1793.7821920980	0.4857639364	-0.3379891120
40.941	10	0.1159024308	1791.8195302379	0.4857001594	-0.3378395044
40.975	11	0.1159155438	1789.8562425289	0.4856367401	-0.3376894198
41.008	12	0.1159285376	1787.8979616104	0.4855699829	-0.3375393353
41.024	13	0.1159347365	1785.9396806919	0.4855057290	-0.3373886548
41.058	14	0.1159476111	1783.9795222270	0.4854405216	-0.3372383319
41.087	15	0.1159590552	1782.0224930061	0.4853760293	-0.3370886050
41.120	16	0.1159715722	1780.0635862388	0.4853083185	-0.3369419776
41.145	17	0.1159814665	1778.1090604132	0.4852443031	-0.3367901049
41.170	18	0.1159908841	1776.1539087387	0.4851794532	-0.3366427622
41.206	19	0.1160049508	1774.2075189476	0.4851123384	-0.3364979229
41.242	20	0.1160187790	1772.2529931219	0.4850484422	-0.3363552294
41.274	21	0.1160312960	1770.2972155987	0.4849822810	-0.3362201653
41.301	22	0.1160415480	1768.3545809003	0.4849182656	-0.3360870085
30.901	23	0.1160535882	1766.4025584699	0.4848512700	-0.3359549246
30.932	24	0.1160659859	1764.4536652835	0.4847860625	-0.3358161650
30.963	25	0.1160782645	1762.5129081317	0.4847173980	-0.3356772861
30.986	26	0.1160874436	1760.5658924917	0.4846533826	-0.3355407915
31.023	27	0.1161024640	1758.6220060958	0.4845866254	-0.3354053697
31.041	28	0.1161096165	1756.6825006415	0.4845204642	-0.3352762661
31.071	29	0.1161217759	1754.7398659432	0.4844543031	-0.3351453742
31.106	30	0.1161356042	1752.8009863377	0.4843902877	-0.3350106677
31.136	31	0.1161476443	1750.8658618251	0.4843248418	-0.3348924121
31.162	32	0.1161581347	1748.9294856149	0.4842567732	-0.3347726068
31.193	33	0.1161705325	1746.9906060094	0.4841916850	-0.3346516093
31.217	34	0.1161801884	1745.0579848920	0.4841246893	-0.3345332345
31.249	35	0.1161933015	1743.1241120770	0.4840585282	-0.3344124755
31.277	36	0.1162043879	1741.1958719013	0.4839927247	-0.3342907628
31.302	37	0.1162145207	1739.2626249351	0.4839272788	-0.3341708382
31.338	38	0.1162287066	1737.3375140034	0.4838587334	-0.3340512713
31.370	39	0.1162414620	1735.4098996764	0.4837943604	-0.3339348038
31.399	40	0.1162533829	1733.4854145935	0.4837278416	-0.3338175019
31.423	41	0.1162628005	1731.5571744178	0.4836606076	-0.3336993655
31.453	42	0.1162748406	1729.6389478230	0.4835962345	-0.3335809906
31.475	43	0.1162837813	1727.7157144377	0.4835275700	-0.3334673842
31.510	44	0.1162976096	1725.8012429357	0.4834610512	-0.3333531817
31.538	45	0.1163090537	1723.8786353993	0.4833952477	-0.3332356413
31.567	46	0.1163208554	1721.9647897461	0.4833293249	-0.3331129749
31.601	47	0.1163342068	1720.0521957905	0.4832625677	-0.3329847057
31.624	48	0.1163436244	1718.1389759862	0.4831947376	-0.3328637083
31.653	49	0.1163550685	1716.2257561818	0.4831298878	-0.3327448566
31.693	50	0.1163711617	1714.3206724120	0.4830630114	-0.3326250513
31.725	51	0.1163839171	1712.4105818516	0.4829953005	-0.3325102527
31.745	52	0.1163921426	1710.4992395937	0.4829273512	-0.3323952158
31.777	53	0.1164048980	1708.6010401607	0.4828620245	-0.3322838743
31.802	54	0.1164147923	1706.6959563909	0.4827950289	-0.3321697910
31.831	55	0.1164265940	1704.7946277138	0.4827269603	-0.3320580919
31.861	56	0.1164386342	1702.8945507344	0.4826579382	-0.3319457967
31.896	57	0.1164524625	1700.9963513015	0.4825914194	-0.3318364818
31.926	58	0.1164645026	1699.0987777173	0.4825254966	-0.3317243059
31.961	59	0.1164785693	1697.2080884700	0.4824589778	-0.3316111762
31.989	60	0.1164900134	1695.3092631882	0.4823932935	-0.3314984042
32.017	61	0.1165013383	1693.4179480921	0.4823236753	-0.3313861091
32.047	62	0.1165132592	1691.5310139377	0.4822577526	-0.3312685687
32.076	63	0.1165247033	1689.6459573296	0.4821898033	-0.3311536509
32.109	64	0.1165379355	1687.7577714776	0.4821209003	-0.3310380179
32.142	65	0.1165511678	1685.8795992064	0.4820558120	-0.3309217889
32.174	66	0.1165642808	1683.9989235401	0.4819891740	-0.3308077056
32.204	67	0.1165763209	1682.1169961761	0.4819227744	-0.3306892115
32.226	68	0.1165847848	1680.2425789978	0.4818547059	-0.3305757243
32.257	69	0.1165975402	1678.3637808778	0.4817834188	-0.3304662901
32.287	70	0.1166095803	1676.4918670947	0.4817184497	-0.3303569752
32.319	71	0.1166220973	1674.6193274629	0.4816510964	-0.3302452761
32.347	72	0.1166334222	1672.7511687726	0.4815861274	-0.3301314312
32.376	73	0.1166449855	1670.8817583848	0.4815181781	-0.3300208050
32.403	74	0.1166559527	1669.0173547874	0.4814503480	-0.3299080330
32.437	75	0.1166694234	1667.1542028877	0.4813835908	-0.3297951418
32.463	76	0.1166801522	1665.2916768367	0.4813167144	-0.3296714026
32.495	77	0.1166926692	1663.4322800298	0.4812488843	-0.3295490938
32.521	78	0.1167030404	1661.5722573741	0.4811815310	-0.3294344145
32.545	79	0.1167128156	1659.7116088695	0.4811140586	-0.3293128210
32.573	80	0.1167242597	1657.8597222483	0.4810470629	-0.3291909891
32.609	81	0.1167383264	1656.0084614759	0.4809792328	-0.3290667730
32.637	82	0.1167497704	1654.1528197618	0.4809141446	-0.3289438682
32.666	83	0.1167613337	1652.3071916286	0.4808428574	-0.3288196521
32.703	84	0.1167761157	1650.4640668907	0.4807751465	-0.3286943632
32.723	85	0.1167841027	1648.6159353623	0.4807067204	-0.3285703855
32.758	86	0.1167984078	1646.7709330780	0.4806406784	-0.3284443813
32.783	87	0.1168083022	1644.9253049448	0.4805718947	-0.3283240991
32.813	88	0.1168203424	1643.0896903926	0.4805045414	-0.3282089429
32.846	89	0.1168336938	1641.2534499916	0.4804352808	-0.3280896144
32.871	90	0.1168434690	1639.4184612881	0.4803698349	-0.3279736238
32.901	91	0.1168555091	1637.5840984335	0.4803004551	-0.3278560834
32.933	92	0.1168686221	1635.7509872765	0.4802316713	-0.3277402119
32.965	93	0.1168813775	1633.9210053635	0.4801657486	-0.3276254134
32.980	94	0.1168874572	1632.0941526946	0.4800970841	-0.3275131182
33.010	95	0.1168993781	1630.2679258745	0.4800300884	-0.3273979621
33.049	96	0.1169151137	1628.4448282984	0.4799622583	-0.3272820906
33.079	97	0.1169269155	1626.6248599663	0.4798943090	-0.3271668152
33.111	98	0.1169397901	1624.8080208783	0.4798258829	-0.3270534472
33.135	99	0.1169492076	1622.9874266975	0.4797590065	-0.3269385294
33.165	100	0.1169612477	1621.1693359118	0.4796909380	-0.3268277840
33.188	101	0.1169705461	1619.3600070095	0.4796235847	-0.3267073826
33.221	102	0.1169840167	1617.5506781072	0.4795540857	-0.3265875773
33.257	103	0.1169983218	1615.7457301465	0.4794869709	-0.3264670567
33.284	104	0.1170092891	1613.9382787906	0.4794179487	-0.3263513044
33.315	105	0.1170215676	1612.1302015859	0.4793523836	-0.3262322143
33.343	106	0.1170328925	1610.3277570205	0.4792816925	-0.3261143164
33.369	107	0.1170430253	1608.5303192455	0.4792136240	-0.3259971336
33.405	108	0.1170574496	1606.7353848657	0.4791460323	-0.3258810238
33.435	109	0.1170694898	1604.9335661491	0.4790770101	-0.3257653907
33.463	110	0.1170806955	1603.1423868622	0.4789494562	-0.3256476120
33.488	111	0.1170910667	1601.3493300289	0.4789424228	-0.3255368665
33.519	112	0.1171033452	1599.5625316836	0.4788741159	-0.3254163459
33.554	113	0.1171175311	1597.7732299431	0.4788068818	-0.3252940372
33.581	114	0.1171282600	1595.9876832955	0.4787395286	-0.3251745895
33.606	115	0.1171382735	1594.2033883454	0.4786712217	-0.3250615791
33.638	116	0.1171509097	1592.4266035811	0.4786001729	-0.3249567941
33.670	117	0.1171639035	1590.6441861775	0.4785324620	-0.3248516515
33.699	118	0.1171753476	1588.8692789596	0.4784660625	-0.3247349456
33.729	119	0.1171875070	1587.0975009857	0.4783982324	-0.3246177628
33.764	120	0.1172015737	1585.3276005583	0.4783315944	-0.3244972422
33.785	121	0.1172099183	1583.5520674915	0.4782622146	-0.3243780329
33.817	122	0.1172227929	1581.7877997033	0.4781930732	-0.3242538169
33.846	123	0.1172343562	1580.0235319152	0.4781259583	-0.3241285279
33.876	124	0.1172463964	1578.2598899758	0.4780576514	-0.3240021660
33.905	125	0.1172580789	1576.4993772804	0.4779891061	-0.3238784268
33.933	126	0.1172694038	1574.7382387363	0.4779227065	-0.3237536146
33.973	127	0.1172851394	1572.9871137731	0.4778539227	-0.3236208155
33.994	128	0.1172937225	1571.2316078682	0.4777860926	-0.3234913542
34.024	129	0.1173058818	1569.4742244169	0.4777163552	-0.3233611776
34.054	130	0.1173178027	1567.7249770001	0.4776497172	-0.3232417299
34.087	131	0.1173310350	1565.9788588273	0.4775814103	-0.3231229975
34.113	132	0.1173415254	1564.2289855617	0.4775105999	-0.3229959204
34.145	133	0.1173540424	1562.4859966329	0.4774437235	-0.3228743269
34.180	134	0.1173683475	1560.7517695875	0.4773741053	-0.3227462961
34.206	135	0.1173787187	1559.0100323564	0.4773078249	-0.3226183845
34.239	136	0.1173920701	1557.2682951253	0.4772403525	-0.3224928571
34.264	137	0.1174019645	1555.5340680798	0.4771720455	-0.3223798467
34.295	138	0.1174143623	1553.8029702784	0.4771042154	-0.3222612335
34.319	139	0.1174240182	1552.0724983259	0.4770348356	-0.3221382095
34.355	140	0.1174385618	1550.3464073149	0.4769676016	-0.3220312787
34.381	141	0.1174489330	1548.6228196992	0.4768996523	-0.3219101621
34.424	142	0.1174658607	1546.8979803859	0.4768160866	-0.3217940522
34.444	143	0.1174739669	1545.1750186190	0.4767636345	-0.3216732932
34.476	144	0.1174869607	1543.4576894914	0.4766942547	-0.3215614749
34.504	145	0.1174981664	1541.7378569685	0.4766260670	-0.3214520408
34.535	146	0.1175104450	1540.0305414218	0.4765551374	-0.3213426066
34.560	147	0.1175206970	1538.3169673870	0.4764908836	-0.3212213708
34.589	148	0.1175320219	1536.6033933522	0.4763961122	-0.3211018038
34.612	149	0.1175414394	1534.8916968639	0.4763529585	-0.3209848595
34.651	150	0.1175570558	1533.1912656540	0.4762851284	-0.3208675576
34.681	151	0.1175688575	1531.4895827466	0.4762183712	-0.3207501364
34.710	152	0.1175806592	1529.7941583272	0.4761481569	-0.3206323576
34.751	153	0.1175969909	1528.0918495710	0.4760799692	-0.3205197048
34.773	154	0.1176059316	1526.3964251516	0.4760120199	-0.3204146815
34.804	155	0.1176183294	1524.7003748834	0.4759444282	-0.3202980948
34.833	156	0.1176301311	1523.0118348009	0.4758763597	-0.3201854420
34.865	157	0.1176426481	1521.3145328352	0.4758088872	-0.3200688553
34.891	158	0.1176532577	1519.6284961479	0.4757387922	-0.3199604940
34.925	159	0.1176667284	1517.9393302166	0.4756696508	-0.3198465300
34.952	160	0.1176776956	1516.2583003198	0.4756040857	-0.3197370958
34.978	161	0.1176880668	1514.5841547599	0.4755342290	-0.3196280193
35.005	162	0.1176986764	1512.9031248631	0.4754658029	-0.3195151281
35.036	163	0.1177114318	1511.2283534544	0.4753983304	-0.3194056940
35.069	164	0.1177244257	1509.5529561968	0.4753303811	-0.3192912530
35.096	165	0.1177355121	1507.8831915786	0.4752614781	-0.3191787195
35.120	166	0.1177448104	1506.2153045067	0.4751935288	-0.3190672588
35.153	167	0.1177581619	1504.5486691325	0.4751246259	-0.3189573478
35.184	168	0.1177704404	1502.8864146999	0.4750581071	-0.3188513707
35.216	169	0.1177831958	1501.2254119650	0.4749892041	-0.3187414598
35.243	170	0.1177940439	1499.5631575324	0.4749208972	-0.3186302375
35.270	171	0.1178051304	1497.9052840415	0.4748529479	-0.3185132932
35.301	172	0.1178172897	1496.2449071553	0.4747845217	-0.3183977794
35.324	173	0.1178267072	1494.5957955477	0.4747166917	-0.3183064650
35.351	174	0.1178375553	1492.9429288472	0.4746482655	-0.3181890439
35.385	175	0.1178510259	1491.2944430884	0.4745799586	-0.3180831860
35.418	176	0.1178644966	1489.6484607249	0.4745116517	-0.3179772090
35.437	177	0.1178721260	1488.0093626982	0.4744444176	-0.3178751658
35.472	178	0.1178859543	1486.3633803346	0.4743780180	-0.3177684735
35.501	179	0.1178976368	1484.7274115519	0.4742998167	-0.3176591586
35.530	180	0.1179090809	1483.0914427693	0.4742403313	-0.3175881098
35.558	181	0.1179204057	1481.4592290794	0.4741697594	-0.3175355385
35.591	182	0.1179335188	1479.8276412384	0.4741025254	-0.3174601983
35.619	183	0.1179447244	1478.1954275486	0.4740352913	-0.3173737715
35.649	184	0.1179570030	1476.5719757421	0.4739667460	-0.3172826956
35.681	185	0.1179695200	1474.9422654475	0.4738984390	-0.3171773146
35.711	186	0.1179815601	1473.3238204315	0.4738314434	-0.3170925568
35.736	187	0.1179916929	1471.7016203226	0.4737612291	-0.3169899176
35.765	188	0.1180033754	1470.0825494577	0.4736941143	-0.3168730925
35.789	189	0.1180129122	1468.4678595345	0.4736259266	-0.3167606781
35.819	190	0.1180248331	1466.8594280994	0.4735575005	-0.3166421841
35.845	191	0.1180354427	1465.2459898738	0.4734899088	-0.3165240476
35.880	192	0.1180493902	1463.6363067410	0.4734208866	-0.3164035270
35.913	193	0.1180627416	1462.0272494571	0.4733534141	-0.3162840793
35.949	194	0.1180770468	1460.4269540564	0.4732859417	-0.3161660621
35.978	195	0.1180886101	1458.8297878998	0.4732185884	-0.3160486410
36.004	196	0.1180989813	1457.2276149528	0.4731525465	-0.3159296701
36.034	197	0.1181111406	1455.6304487962	0.4730817362	-0.3158178518
36.062	198	0.1181223463	1454.0376635812	0.4730143829	-0.3157063911
36.092	199	0.1181345056	1452.4455042151	0.4729442878	-0.3155936191
36.120	200	0.1181454729	1450.8570999418	0.4728774114	-0.3154835889
36.155	201	0.1181594204	1449.2724507613	0.4728085084	-0.3153765390
36.189	202	0.1181730102	1447.6890532785	0.4727425857	-0.3152716348
36.218	203	0.1181846928	1446.1019007028	0.4726749940	-0.3151701877
36.244	204	0.1181953024	1444.5228841616	0.4726057334	-0.3150723168
36.270	205	0.1182054352	1442.9482485621	0.4725383802	-0.3149689624
36.299	206	0.1182172369	1441.3723612650	0.4724693580	-0.3148727605
36.329	207	0.1182292770	1439.7958481190	0.4724018855	-0.3147751281
36.360	208	0.1182417940	1438.2293485540	0.4723354860	-0.3146743962
36.383	209	0.1182508539	1436.6584680473	0.4722670598	-0.3145718762
36.418	210	0.1182646822	1435.0913426334	0.4721997066	-0.3144766280
36.451	211	0.1182779144	1433.5311015565	0.4721299691	-0.3143786379
36.480	212	0.1182897161	1431.9677312355	0.4720655961	-0.3143007943
36.504	213	0.1182992529	1430.4137486466	0.4719945474	-0.3142415472
36.538	214	0.1183130812	1428.8560109649	0.4719267173	-0.3141641804
36.565	215	0.1183235716	1427.2976474343	0.4718597217	-0.3140856215
36.597	216	0.1183366846	1425.7442906943	0.4717914147	-0.3139959761
36.617	217	0.1183445524	1424.1940631982	0.4717240615	-0.3139038273
36.641	218	0.1183540892	1422.6450873998	0.4716551585	-0.3138219305
36.673	219	0.1183668446	1421.1011183918	0.4715884013	-0.3137271591
36.708	220	0.1183809113	1419.5621561743	0.4715217633	-0.3136323877
36.744	221	0.1183954548	1418.0156837711	0.4714535756	-0.3135400005
36.763	222	0.1184032034	1416.4779732512	0.4713866992	-0.3134460636
36.795	223	0.1184157204	1414.9452695218	0.4713170809	-0.3133516498
36.830	224	0.1184299063	1413.4113140947	0.4712504429	-0.3132568785
36.852	225	0.1184388470	1411.8798620629	0.4711811823	-0.3131581732
36.887	226	0.1184526753	1410.3484100311	0.4711150212	-0.3130605407
36.919	227	0.1184653114	1408.8219647897	0.4710402769	-0.3129804321
36.940	228	0.1184740137	1407.2992746412	0.4709794802	-0.3128977008
36.970	229	0.1184860539	1405.7809654344	0.4709122462	-0.3128144928
37.003	230	0.1184990477	1404.2557718906	0.4708469195	-0.3127373643
37.033	231	0.1185113262	1402.7337075909	0.4707769436	-0.3126557060
37.066	232	0.1185242008	1401.2172759305	0.4707068485	-0.3125738092
37.101	233	0.1185382675	1399.7114836998	0.4706412834	-0.3124880977
37.133	234	0.1185511421	1398.1975554346	0.4705760759	-0.3124038167
37.163	235	0.1185631823	1396.6848788670	0.4705070538	-0.3123249002
37.189	236	0.1185734343	1395.1784607874	0.4704386276	-0.3122555204
37.216	237	0.1185845207	1393.6714168591	0.4703709167	-0.3121863790
37.241	238	0.1185944151	1392.1693797212	0.4703043980	-0.3121156879
37.269	239	0.1186057400	1390.6773561643	0.4702385944	-0.3120416589
37.298	240	0.1186170649	1389.1740673288	0.4701715988	-0.3119676299
37.326	241	0.1186283898	1387.6782886790	0.4701018614	-0.3118903823
37.355	242	0.1186400723	1386.1906460637	0.4700362963	-0.3118123002
37.390	243	0.1186541390	1384.6967449604	0.4699683470	-0.3117351718
37.420	244	0.1186661791	1383.2028438570	0.4699017090	-0.3116567321
37.449	245	0.1186778616	1381.7258406714	0.4698339981	-0.3115800805
37.476	246	0.1186885904	1380.2388239049	0.4697640222	-0.3115043826
37.511	247	0.1187024187	1378.7586914753	0.4696986955	-0.3114292807
37.530	248	0.1187102865	1377.2766814993	0.4696316999	-0.3113482184
37.558	249	0.1187212538	1375.7971749185	0.4695650619	-0.3112691826
37.588	250	0.1187331747	1374.3214234305	0.4694978279	-0.3111913390
37.620	251	0.1187460493	1372.8444202450	0.4694273752	-0.3111115879
37.652	252	0.1187590431	1371.3749272451	0.4693622869	-0.3110323138
37.681	253	0.1187704872	1369.9123185821	0.4692951721	-0.3109634108
37.707	254	0.1187808584	1368.4434514310	0.4692272228	-0.3108900971
37.736	255	0.1187926602	1366.9802169192	0.4691578429	-0.3108084387
37.764	256	0.1188036274	1365.5201116514	0.4690927547	-0.3107321448
37.790	257	0.1188143563	1364.0618839301	0.4690255206	-0.3106597847
37.826	258	0.1188286614	1362.6011528135	0.4689582866	-0.3105845636
37.853	259	0.1188395094	1361.1491835802	0.4688917678	-0.3105148262
37.885	260	0.1188522648	1359.6928334053	0.4688214343	-0.3104467577
37.920	261	0.1188664507	1358.2446192649	0.4687564652	-0.3103796429
37.940	262	0.1188744377	1356.7970309733	0.4686891120	-0.3103131241
37.969	263	0.1188860010	1355.3488168328	0.4686231892	-0.3102448172
38.004	264	0.1188998293	1353.9049836341	0.4685554784	-0.3101766294
38.029	265	0.1189098429	1352.4649055281	0.4684900325	-0.3101083225
38.048	266	0.1189175915	1351.0242015734	0.4684216063	-0.3100394195
38.082	267	0.1189310622	1349.5828717698	0.4683548491	-0.3099670595
38.111	268	0.1189427447	1348.1528072448	0.4682890456	-0.3098994678
38.141	269	0.1189547848	1346.7202393246	0.4682184737	-0.3098275846
38.174	270	0.1189680170	1345.2882972531	0.4681546967	-0.3097630924
38.201	271	0.1189788651	1343.8632395186	0.4680873435	-0.3096957391
38.235	272	0.1189923357	1342.4356783888	0.4680197518	-0.3096244520
38.267	273	0.1190050911	1341.0062397126	0.4679534714	-0.3095576948
38.291	274	0.1190146279	1339.5861887685	0.4678811114	-0.3094903415
38.311	275	0.1190227341	1338.1711446149	0.4678201954	-0.3094233459
38.342	276	0.1190353703	1336.7523453684	0.4677530806	-0.3093565887
38.382	277	0.1190511059	1335.3354236684	0.4676869194	-0.3092918580
38.405	278	0.1190604042	1333.9203795147	0.4676146786	-0.3092247432
38.431	279	0.1190710139	1332.5109680004	0.4675529282	-0.3091587013
38.462	280	0.1190831732	1331.1046857300	0.4674846213	-0.3090895599
38.487	281	0.1190934252	1329.6996551573	0.4674171488	-0.3090222066
38.515	282	0.1191043925	1328.2933728870	0.4673519413	-0.3089534228
38.541	283	0.1191148829	1326.8902198607	0.4672825615	-0.3088875001
38.577	284	0.1191293072	1325.4939511713	0.4672208111	-0.3088226502
38.602	285	0.1191392016	1324.0945532378	0.4671526234	-0.3087593501
38.628	286	0.1191495728	1322.6982845484	0.4670890848	-0.3086918776
38.663	287	0.1191635203	1321.3038934054	0.4670218508	-0.3086294120
38.683	288	0.1191715073	1319.9120056577	0.4669505636	-0.3085640853
38.719	289	0.1191861701	1318.5238730028	0.4668864290	-0.3084949439
38.747	290	0.1191974949	1317.1369920455	0.4668203871	-0.3084304517
38.775	291	0.1192084622	1315.7538661810	0.4667554180	-0.3083639329
38.802	292	0.1192194294	1314.3694886189	0.4666846077	-0.3082949107
38.833	293	0.1192318272	1312.9913695449	0.4666214267	-0.3082281535
38.871	294	0.1192468476	1311.6107470757	0.4665545503	-0.3081673567
38.890	295	0.1192543578	1310.2363830946	0.4664871971	-0.3081152623
38.921	296	0.1192671132	1308.8626449622	0.4664184133	-0.3080517237
38.951	297	0.1192789149	1307.4895326787	0.4663540403	-0.3079993908
38.983	298	0.1192915511	1306.1233047320	0.4662863294	-0.3079377596
39.011	299	0.1193027567	1304.7508182973	0.4662210027	-0.3078586047
39.039	300	0.1193139624	1303.3902229899	0.4661541263	-0.3078044836
39.058	301	0.1193217110	1302.0221174969	0.4660877267	-0.3077471440
39.098	302	0.1193376851	1300.6608963407	0.4660229961	-0.3076788370
39.124	303	0.1193480563	1299.3009268821	0.4659561197	-0.3076156561
39.157	304	0.1193614077	1297.9503451556	0.4658915082	-0.3075523560
39.190	305	0.1193744015	1296.5928790923	0.4658223668	-0.3074842875
39.210	306	0.1193823886	1295.2422973658	0.4657594243	-0.3074215834
39.236	307	0.1193928790	1293.8923414881	0.4656881372	-0.3073558991
39.263	308	0.1194037270	1292.5423856105	0.4656263867	-0.3072952215
39.299	309	0.1194180321	1291.1943072792	0.4655602256	-0.3072400276
39.322	310	0.1194273305	1289.8512357385	0.4654907266	-0.3071786348
39.353	311	0.1194397282	1288.5062866513	0.4654280225	-0.3071165268
39.385	312	0.1194524836	1287.1700994474	0.4653601924	-0.3070593063
39.417	313	0.1194652390	1285.8314088483	0.4652953425	-0.3069983904
39.448	314	0.1194776368	1284.4964733420	0.4652285853	-0.3069387857
39.469	315	0.1194862199	1283.1584085917	0.4651639739	-0.3068784658
39.503	316	0.1194998097	1281.8341125151	0.4650981703	-0.3068173115
39.523	317	0.1195077967	1280.5023062529	0.4650346318	-0.3067537729
39.556	318	0.1195209098	1279.1723775370	0.4649650136	-0.3066924993
39.576	319	0.1195288968	1277.8499590069	0.4648973027	-0.3066295568
39.603	320	0.1195398640	1276.5294180232	0.4648349562	-0.3065674488
39.630	321	0.1195505929	1275.2082511907	0.4647689143	-0.3065056984
39.653	322	0.1195597720	1273.8864585094	0.4647016802	-0.3064462129
39.691	323	0.1195751500	1272.5728018625	0.4646331349	-0.3063818399
39.718	324	0.1195857596	1271.2578935181	0.4645669737	-0.3063183013
39.750	325	0.1195987534	1269.9511212081	0.4645045080	-0.3062540475
39.779	326	0.1196103167	1268.6355870149	0.4644397774	-0.3061917011
39.819	327	0.1196261716	1267.3288147049	0.4643731394	-0.3061264936
39.834	328	0.1196321320	1266.0189131510	0.4643069782	-0.3060629550
39.877	329	0.1196496558	1264.7133925386	0.4642383137	-0.3059988204
39.900	330	0.1196588349	1263.4141304144	0.4641764441	-0.3059323016
39.920	331	0.1196667027	1262.1148682901	0.4641095676	-0.3058655444
39.957	332	0.1196813655	1260.8181095611	0.4640441217	-0.3058021251
39.989	333	0.1196941209	1259.5182215880	0.4639766493	-0.3057350103
40.016	334	0.1197049689	1258.2258438007	0.4639144220	-0.3056693259
40.046	335	0.1197168898	1256.9328401645	0.4638496914	-0.3056004230
40.081	336	0.1197309565	1255.6473467140	0.4637829342	-0.3055375997
40.103	337	0.1197400164	1254.3606015659	0.4637173691	-0.3054720345
40.127	338	0.1197494340	1253.0757339642	0.4636501350	-0.3054070655
40.149	339	0.1197581363	1251.7896146649	0.4635858812	-0.3053381625
40.188	340	0.1197739911	1250.5103797025	0.4635218658	-0.3052735511
40.214	341	0.1197843623	1249.2261379496	0.4634552278	-0.3052066746
40.243	342	0.1197959256	1247.9475288360	0.4633885898	-0.3051383677
40.272	343	0.1198074889	1246.6745523616	0.4633229055	-0.3050729218
40.298	344	0.1198178601	1245.4047051313	0.4632566251	-0.3050058070
40.331	345	0.1198310923	1244.1298511106	0.4631934442	-0.3049472752
40.365	346	0.1198448014	1242.8587521826	0.4631296672	-0.3048832598
40.387	347	0.1198536229	1241.5914083476	0.4630639829	-0.3048198405
40.415	348	0.1198648286	1240.3303230006	0.4629963912	-0.3047625008
40.441	349	0.1198750806	1239.0636050143	0.4629328527	-0.3047046843
40.469	350	0.1198864055	1237.8081523066	0.4628663339	-0.3046461525
40.492	351	0.1198954654	1236.5476928084	0.4628031530	-0.3045872631
40.516	352	0.1199052405	1235.2841040661	0.4627367534	-0.3045271817
40.556	353	0.1199212146	1234.0324064512	0.4626702346	-0.3044738951
40.580	354	0.1199306321	1232.7782054411	0.4626055040	-0.3044132176
40.611	355	0.1199430299	1231.5302629191	0.4625405349	-0.3043557587
40.636	356	0.1199532819	1230.2791911530	0.4624783076	-0.3042977038
40.666	357	0.1199649644	1229.0287452357	0.4624131001	-0.3042416754
40.694	358	0.1199764085	1227.7814285625	0.4623469390	-0.3041924420
40.726	359	0.1199889255	1226.5416220749	0.4622824468	-0.3041323605
40.749	360	0.1199983430	1225.2999380410	0.4622154511	-0.3040671530
40.783	361	0.1200116944	1224.0576281582	0.4621517934	-0.3040028992
40.810	362	0.1200226617	1222.8228284611	0.4620886124	-0.3039375725
40.837	363	0.1200333905	1221.5924097057	0.4620224513	-0.3038687887
40.865	364	0.1200444770	1220.3576100086	0.4619558133	-0.3037995281
40.896	365	0.1200569940	1219.1240620091	0.4618922747	-0.3037302675
40.923	366	0.1200678420	1217.8973983465	0.4618271865	-0.3036663713
40.952	367	0.1200795245	1216.6713605327	0.4617646016	-0.3035999717
40.979	368	0.1200901341	1215.4440710213	0.4616977252	-0.3035355987
41.000	369	0.1200985980	1214.2186590563	0.4616333521	-0.3034724178
41.033	370	0.1201118302	1213.0013831259	0.4615683831	-0.3034306945
41.060	371	0.1201225591	1211.7765970097	0.4615017451	-0.3033930244
41.084	372	0.1201322150	1210.5624503233	0.4614373721	-0.3033539238
41.120	373	0.1201467586	1209.3470519392	0.4613728798	-0.3033204259
41.148	374	0.1201579642	1208.1341569504	0.4613093413	-0.3032908620
41.175	375	0.1201686931	1206.9231395080	0.4612453259	-0.3032550993
41.196	376	0.1201771569	1205.7077411239	0.4611794031	-0.3032249393
41.224	377	0.1201881242	1204.5011046231	0.4611162222	-0.3031933488
41.251	378	0.1201989722	1203.2925905760	0.4610516108	-0.3031612815
41.276	379	0.1202091050	1202.0928384121	0.4609855688	-0.3031298103
41.300	380	0.1202187610	1200.8899570042	0.4609233416	-0.3031033458
41.335	381	0.1202324700	1199.6883272939	0.4608589685	-0.3030748548
41.361	382	0.1202429605	1198.4866975836	0.4607934034	-0.3030517282
41.389	383	0.1202541661	1197.2950814542	0.4607303417	-0.3030221643
41.424	384	0.1202681136	1196.1009619296	0.4606642998	-0.3029973688
41.450	385	0.1202784848	1194.9087199514	0.4606014765	-0.3029729308
41.473	386	0.1202877832	1193.7183555197	0.4605359114	-0.3029473008
41.506	387	0.1203011346	1192.5279910879	0.4604717768	-0.3029117765
41.532	388	0.1203115058	1191.3407559002	0.4604082382	-0.3028713645
41.567	389	0.1203255725	1190.1566499565	0.4603441036	-0.3028321447
41.596	390	0.1203370166	1188.9731698616	0.4602775848	-0.3027855338
41.617	391	0.1203452420	1187.7928190108	0.4602153576	-0.3027370156
41.648	392	0.1203579974	1186.6105906135	0.4601508653	-0.3026936235
41.675	393	0.1203686071	1185.4358724019	0.4600849426	-0.3026454629
41.705	394	0.1203806472	1184.2630317368	0.4600215232	-0.3025914611
41.734	395	0.1203920913	1183.0876876764	0.4599582231	-0.3025396051
41.764	396	0.1204042506	1181.9148470113	0.4598942077	-0.3025071801
41.785	397	0.1204125953	1180.7495165318	0.4598304307	-0.3024764241
41.815	398	0.1204247546	1179.5785534131	0.4597665346	-0.3024435224
41.843	399	0.1204357219	1178.4144746312	0.4597027576	-0.3024295749
41.865	400	0.1204444242	1177.2472666053	0.4596383846	-0.3023996533
41.896	401	0.1204570604	1176.0850653699	0.4595753228	-0.3023671092
41.930	402	0.1204704118	1174.9272450761	0.4595114267	-0.3023379029
41.954	403	0.1204801870	1173.7662955383	0.4594459808	-0.3023281278
41.980	404	0.1204905582	1172.6141078838	0.4593830382	-0.3023144187
42.008	405	0.1205017639	1171.4594168341	0.4593197381	-0.3023002328
42.033	406	0.1205116582	1170.3059774820	0.4592559611	-0.3022835435
42.064	407	0.1205240560	1169.1556673739	0.4591915881	-0.3022663773
42.087	408	0.1205332351	1168.0059831146	0.4591288840	-0.3022519530
42.109	409	0.1205422950	1166.8575505529	0.4590639150	-0.3022325219
42.136	410	0.1205529046	1165.7122472353	0.4590012109	-0.3022135676
42.172	411	0.1205673290	1164.5713248593	0.4589399373	-0.3021964015
42.195	412	0.1205766273	1163.4278990881	0.4588756835	-0.3021747054
42.224	413	0.1205880714	1162.2857250146	0.4588126218	-0.3021563472
42.256	414	0.1206008268	1161.1529386731	0.4587483680	-0.3021372737
42.278	415	0.1206095291	1160.0113904483	0.4586854254	-0.3021167697
42.305	416	0.1206203771	1158.8798558044	0.4586189067	-0.3020991267
42.339	417	0.1206342054	1157.7458177653	0.4585591828	-0.3020755233
42.366	418	0.1206450534	1156.6224191560	0.4584929024	-0.3020533503
42.390	419	0.1206543518	1155.4890069657	0.4584288870	-0.3020299853
42.416	420	0.1206649614	1154.3662342051	0.4583682095	-0.3020074548
42.444	421	0.1206761671	1153.2403322005	0.4583016907	-0.3019868315
42.482	422	0.1206911874	1152.1169335912	0.4582401787	-0.3019664468
42.504	423	0.1206998897	1150.9960383770	0.4581765210	-0.3019467772
42.527	424	0.1207091880	1149.8757690117	0.4581154858	-0.3019247235
42.562	425	0.1207231355	1148.7561254952	0.4580501591	-0.3019029082
42.588	426	0.1207335067	1147.6396112227	0.4579886471	-0.3018785895
42.613	427	0.1207435203	1146.5268520431	0.4579252278	-0.3018562974
42.640	428	0.1207543684	1145.4197255027	0.4578608547	-0.3018343629
42.659	429	0.1207618785	1144.3057146255	0.4577980314	-0.3018113555
42.688	430	0.1207734418	1143.1935812946	0.4577338968	-0.3017660559
42.714	431	0.1207841707	1142.0914615447	0.4576684509	-0.3017261208
42.747	432	0.1207970453	1140.9837091555	0.4576065813	-0.3016855897
42.785	433	0.1208125425	1139.8809635568	0.4575431620	-0.3016408862
42.810	434	0.1208225561	1138.7769662605	0.4574808155	-0.3015963019
42.832	435	0.1208310199	1137.6817308475	0.4574203764	-0.3015574397
42.854	436	0.1208399606	1136.5821144928	0.4573562418	-0.3015135706
42.882	437	0.1208512855	1135.4850015333	0.4572930609	-0.3014699400
42.912	438	0.1208630872	1134.3922695155	0.4572216545	-0.3014272631
42.940	439	0.1208744121	1133.2982858001	0.4571577583	-0.3013793410
42.971	440	0.1208865715	1132.2105605728	0.4571050678	-0.3013322533
43.003	441	0.1208994461	1131.1172027062	0.4570366417	-0.3012846888
43.025	442	0.1209081483	1130.0313550253	0.4569711958	-0.3012403429
43.050	443	0.1209182811	1128.9480107396	0.4569164787	-0.3012042225
43.079	444	0.1209297252	1127.8665440003	0.4568549667	-0.3011652411
43.099	445	0.1209378315	1126.7825738658	0.4567808185	-0.3011231602
43.125	446	0.1209482027	1125.7004812777	0.4567297969	-0.3010815561
43.146	447	0.1209565473	1124.6258988753	0.4566686426	-0.3010423363
43.173	448	0.1209673954	1123.5456838337	0.4566042695	-0.3010027588
43.201	449	0.1209786010	1122.4711014313	0.4565423999	-0.3009690226
43.228	450	0.1209894491	1121.3977707265	0.4564680133	-0.3009340942
43.264	451	0.1210039926	1120.3206849289	0.4564175878	-0.3008961857
43.289	452	0.1210138870	1119.2579936539	0.4563519035	-0.3008549393
43.318	453	0.1210254503	1118.1902955884	0.4562915836	-0.3008134544
43.343	454	0.1210353447	1117.1244750693	0.4562293563	-0.3007739962
43.369	455	0.1210457159	1116.0624096431	0.4561591420	-0.3007320345
43.403	456	0.1210591865	1115.0015959145	0.4561040673	-0.3006913841
43.428	457	0.1210692001	1113.9357753954	0.4560408864	-0.3006540716
43.458	458	0.1210813595	1112.8856010965	0.4559817586	-0.3006187857
43.483	459	0.1210913730	1111.8260390655	0.4559072528	-0.3005817116
43.508	460	0.1211015058	1110.7727355226	0.4558542046	-0.3005439222
43.535	461	0.1211121154	1109.7213095260	0.4557925734	-0.3005093515
43.557	462	0.1211210561	1108.6655025879	0.4557303462	-0.3004753769
43.591	463	0.1211344076	1107.6140765914	0.4556694302	-0.3004427135
43.628	464	0.1211493087	1106.5670315365	0.4556031499	-0.3004092157
43.655	465	0.1211601568	1105.5224898769	0.4555471215	-0.3003771484
43.668	466	0.1211652828	1104.4741931244	0.4554815564	-0.3003446043
43.692	467	0.1211749387	1103.4371616505	0.4554193291	-0.3003091991
43.724	468	0.1211875749	1102.3907424444	0.4553606782	-0.3002757013
43.755	469	0.1212002111	1101.3580919122	0.4552946362	-0.3002433956
43.777	470	0.1212086750	1100.3198087406	0.4552339587	-0.3002079904
43.804	471	0.1212197614	1099.2840289643	0.4551732811	-0.3001744926
43.829	472	0.1212296558	1098.2488750368	0.4551143918	-0.3001421869
43.857	473	0.1212409807	1097.2162245045	0.4550427470	-0.3001053512
43.885	474	0.1212520672	1096.1873290650	0.4549912485	-0.3000655353
43.897	475	0.1212567163	1095.1653179625	0.4549269947	-0.3000278652
43.924	476	0.1212674452	1094.1357966742	0.4548676285	-0.2999895990
43.952	477	0.1212786508	1093.1106563276	0.4548056397	-0.2999499023
43.978	478	0.1212892605	1092.0861418299	0.4547336373	-0.2999092519
44.006	479	0.1213003469	1091.0660082737	0.4546839270	-0.2998701513
44.031	480	0.1213102413	1090.0439971712	0.4546196732	-0.2998323619
44.055	481	0.1213200165	1089.0288704055	0.4545591148	-0.2997914731
44.076	482	0.1213282419	1088.0124919422	0.4544970068	-0.2997465312
44.104	483	0.1213394476	1086.9961134789	0.4544332298	-0.2997182786
44.136	484	0.1213522030	1085.9828642597	0.4543721947	-0.2996882379
44.166	485	0.1213642431	1084.9696150404	0.4543108019	-0.2996504485
44.192	486	0.1213744951	1083.9688827973	0.4542532238	-0.2996108711
44.219	487	0.1213854624	1082.9556335780	0.4541845592	-0.2995739162
44.239	488	0.1213933302	1081.9549013349	0.4541309151	-0.2995313585
44.272	489	0.1214068008	1080.9466589061	0.4540692838	-0.2994847476
44.293	490	0.1214150263	1079.9415457214	0.4540086063	-0.2994376599
44.319	491	0.1214253975	1078.9439427223	0.4539474519	-0.2993917644
44.342	492	0.1214345766	1077.9450880256	0.4538798603	-0.2993443191
44.368	493	0.1214450670	1076.9449816313	0.4538241895	-0.2993191659
44.394	494	0.1214553190	1075.9492561787	0.4537629160	-0.2992928206
44.424	495	0.1214672399	1074.9516531796	0.4537017616	-0.2992674291
44.455	496	0.1214796377	1073.9621862151	0.4536408456	-0.2992398917
44.474	497	0.1214871479	1072.9702158553	0.4535801681	-0.2992153346
44.511	498	0.1215022875	1071.9826264371	0.4535199674	-0.2991874396
44.536	499	0.1215120626	1070.9931594725	0.4534585746	-0.2991631209
44.566	500	0.1215239836	1070.0049442056	0.4533977779	-0.2991352260
44.588	501	0.1215328051	1069.0217357291	0.4533307823	-0.2991079270
44.609	502	0.1215412689	1068.0404047990	0.4532767804	-0.2990795552
44.633	503	0.1215506865	1067.0603255665	0.4532158645	-0.2990544021
44.664	504	0.1215634418	1066.0789946365	0.4531563791	-0.2990237653
44.688	505	0.1215729786	1065.1014187992	0.4530934365	-0.2989893138
44.710	506	0.1215816809	1064.1263463572	0.4530321630	-0.2989621341
44.741	507	0.1215939594	1063.1544031593	0.4529725583	-0.2989351928
44.764	508	0.1216033770	1062.1805824149	0.4529124768	-0.2989058673
44.790	509	0.1216136290	1061.2048841241	0.4528531106	-0.2988753497
44.815	510	0.1216236425	1060.2398252630	0.4527889760	-0.2988487660
44.843	511	0.1216348482	1059.2691337627	0.4527322324	-0.2988189637
44.869	512	0.1216453386	1058.3015715064	0.4526700051	-0.2987916648
44.889	513	0.1216533257	1057.3433969822	0.4526130231	-0.2987595975
44.914	514	0.1216629816	1056.3789639699	0.4525518687	-0.2987222850
44.948	515	0.1216768099	1055.4132792600	0.4524882109	-0.2986765086
44.977	516	0.1216883732	1054.4507237941	0.4524309905	-0.2986325204
44.996	517	0.1216960026	1053.5000594556	0.4523698361	-0.2985912739
45.030	518	0.1217094732	1052.5381298386	0.4523107083	-0.2985532462
45.050	519	0.1217173410	1051.5837104072	0.4522493155	-0.2985140263
45.075	520	0.1217273546	1050.6311685223	0.4521889956	-0.2984730183
45.105	521	0.1217395140	1049.6792524862	0.4521286757	-0.2984345137
45.131	522	0.1217496468	1048.7260847524	0.4520705016	-0.2983944594
45.155	523	0.1217595411	1047.7810530532	0.4520088704	-0.2983565508
45.183	524	0.1217705084	1046.8266336218	0.4519493849	-0.2983174502
45.206	525	0.1217796875	1045.8828536202	0.4518878729	-0.2982762038
45.228	526	0.1217886282	1044.9396994674	0.4518285067	-0.2982360302
45.253	527	0.1217986418	1043.9965453146	0.4517717631	-0.2981938301
45.279	528	0.1218088938	1043.0583979522	0.4517091782	-0.2981387554
45.308	529	0.1218203379	1042.1133662530	0.4516507656	-0.2980783163
45.335	530	0.1218311859	1041.1808515299	0.4515892536	-0.2980202614
45.362	531	0.1218420340	1040.2427041675	0.4515309603	-0.2979616104
45.403	532	0.1218583656	1039.3039309564	0.4514714749	-0.2979028403
45.419	533	0.1218649222	1038.3664094428	0.4514109165	-0.2978519379
45.439	534	0.1218727900	1037.4414049054	0.4513508350	-0.2977976977
45.469	535	0.1218847109	1036.5082643335	0.4512930185	-0.2977408348
45.494	536	0.1218948437	1035.5782530056	0.4512353212	-0.2976854025
45.531	537	0.1219096256	1034.6532484682	0.4511715443	-0.2976317583
45.551	538	0.1219174935	1033.7251146868	0.4511134893	-0.2975763260
45.579	539	0.1219289376	1032.7982326030	0.4510526926	-0.2975200592
45.600	540	0.1219370438	1031.8801124024	0.4509922535	-0.2974618851
45.628	541	0.1219483687	1030.9532303186	0.4509336025	-0.2974045454
45.656	542	0.1219593359	1030.0351101181	0.4508731634	-0.2973452984
45.678	543	0.1219683958	1029.1138606735	0.4508153469	-0.2972889124
45.698	544	0.1219761444	1028.1976180194	0.4507568151	-0.2972501694
45.731	545	0.1219894959	1027.2794978189	0.4506993562	-0.2972072540
45.753	546	0.1219980789	1026.3626293160	0.4506377250	-0.2971304832
45.773	547	0.1220061852	1025.4513934524	0.4505764515	-0.2971052108
45.799	548	0.1220167948	1024.5420351352	0.4505203039	-0.2970822035
45.824	549	0.1220265700	1023.6320509691	0.4504602224	-0.2970566927
45.848	550	0.1220363451	1022.7239443495	0.4504014522	-0.2969844518
45.871	551	0.1220451666	1021.8120826371	0.4503419668	-0.2969265161
45.900	552	0.1220568491	1020.9089828079	0.4502841503	-0.2968681036
45.922	553	0.1220655514	1020.0027537348	0.4502243072	-0.2968203006
45.957	554	0.1220797373	1019.1040348473	0.4501651794	-0.2967891870
45.978	555	0.1220880820	1018.1984316229	0.4501074821	-0.2967541395
45.999	556	0.1220964266	1017.2965834914	0.4500448972	-0.2967236219
46.022	557	0.1221057249	1016.4003679991	0.4499876767	-0.2966916738
46.053	558	0.1221182419	1015.5035266580	0.4499312907	-0.2966599641
46.082	559	0.1221296860	1014.6060594682	0.4498685867	-0.2966276584
46.101	560	0.1221371962	1013.7135990687	0.4498124391	-0.2966025052
46.125	561	0.1221468521	1012.8180094253	0.4497514039	-0.2965606628
46.155	562	0.1221586539	1011.9274265723	0.4496935874	-0.2965279994
46.175	563	0.1221666409	1011.0349661729	0.4496351748	-0.2964906869
46.205	564	0.1221788002	1010.1481384127	0.4495760470	-0.2964527784
46.228	565	0.1221880986	1009.2606848038	0.4495176345	-0.2964401422
46.256	566	0.1221990658	1008.3694761020	0.4494583875	-0.2964351354
46.277	567	0.1222076489	1007.4857775859	0.4493987828	-0.2964052139
46.304	568	0.1222181393	1006.6058341626	0.4493413239	-0.2963797031
46.332	569	0.1222294642	1005.7227614953	0.4492796927	-0.2963575301
46.349	570	0.1222363783	1004.8396888280	0.4492241412	-0.2963279662
46.376	571	0.1222471072	1003.9622487999	0.4491650134	-0.2963025747
46.406	572	0.1222591473	1003.0898155624	0.4491060048	-0.2962758718
46.425	573	0.1222666575	1002.2061170462	0.4490479499	-0.2962491689
46.449	574	0.1222761942	1001.3374389015	0.4489877492	-0.2962191281
46.483	575	0.1222897841	1000.4631281175	0.4489325553	-0.2961920676
46.508	576	0.1222997977	999.5931982752	0.4488733082	-0.2961616693
46.530	577	0.1223086192	998.7213908864	0.4488153725	-0.2961329398
46.560	578	0.1223206593	997.8552161369	0.4487550526	-0.2961014686
46.584	579	0.1223299576	996.9827828993	0.4486991435	-0.2960725007
46.602	580	0.1223371102	996.1159823010	0.4486408501	-0.2960401950
46.624	581	0.1223459317	995.2529367955	0.4485789805	-0.2960095582
46.645	582	0.1223545147	994.3905171389	0.4485228329	-0.2959790406
46.677	583	0.1223672701	993.5274716334	0.4484651356	-0.2959475694
46.698	584	0.1223757340	992.6681812208	0.4484093457	-0.2959159789
46.734	585	0.1223901583	991.8082649594	0.4483496218	-0.2958892760
46.751	586	0.1223965956	990.9489745467	0.4482926397	-0.2958551822
46.777	587	0.1224070860	990.0928133781	0.4482333927	-0.2958294330
46.807	588	0.1224192454	989.2372780584	0.4481742649	-0.2957942662
46.838	589	0.1224315239	988.3842461338	0.4481194286	-0.2957588611
46.858	590	0.1224393918	987.5287108140	0.4480586319	-0.2957366881
46.880	591	0.1224484517	986.6800598311	0.4480012922	-0.2957236943
46.911	592	0.1224606110	985.8301571506	0.4479447870	-0.2956978259
46.935	593	0.1224702670	984.9840095630	0.4478885202	-0.2956731496
46.952	594	0.1224768235	984.1397395217	0.4478298693	-0.2956451354
46.983	595	0.1224894597	983.2942177829	0.4477718143	-0.2956171212
47.004	596	0.1224976851	982.4499477416	0.4477132826	-0.2955837426
47.026	597	0.1225066258	981.6050518516	0.4476564197	-0.2955529866
47.055	598	0.1225183083	980.7639110544	0.4475993185	-0.2955208001
47.085	599	0.1225299908	979.9221444084	0.4475420980	-0.2954912362
47.106	600	0.1225385739	979.0878879480	0.4474829702	-0.2954617915
47.132	601	0.1225488259	978.2473729996	0.4474264650	-0.2954346118
47.166	602	0.1225622965	977.4118648417	0.4473687677	-0.2954079089
47.185	603	0.1225701644	976.5719757421	0.4473111896	-0.2953782258
47.211	604	0.1225804164	975.7446036187	0.4472527771	-0.2953564105
47.226	605	0.1225862576	974.9128505536	0.4471961526	-0.2953158793
47.252	606	0.1225968672	974.0760906980	0.4471376209	-0.2952722487
47.277	607	0.1226066424	973.2474668770	0.4470831422	-0.2952383933
47.303	608	0.1226172520	972.4244756952	0.4470240144	-0.2952003655
47.336	609	0.1226302458	971.5920967813	0.4469672708	-0.2951624569
47.351	610	0.1226360871	970.7678539019	0.4469088582	-0.2951268134
47.375	611	0.1226457431	969.9442368713	0.4468515186	-0.2950862822
47.403	612	0.1226569487	969.1262524799	0.4467972783	-0.2950489697
47.426	613	0.1226662470	968.2951252636	0.4467395810	-0.2950142798
47.451	614	0.1226760222	967.4790184187	0.4466830758	-0.2949836430
47.479	615	0.1226873471	966.6641632714	0.4466262130	-0.2949450192
47.505	616	0.1226977183	965.8443013337	0.4465679196	-0.2949022230
47.526	617	0.1227059437	965.0250652447	0.4465114144	-0.2948634800
47.557	618	0.1227185799	964.2114617951	0.4464520482	-0.2948242602
47.584	619	0.1227294280	963.3941032525	0.4463937549	-0.2947853979
47.603	620	0.1227368190	962.5836290469	0.4463368920	-0.2947446284
47.627	621	0.1227465941	961.7700255972	0.4462790755	-0.2947043356
47.655	622	0.1227574422	960.9620547868	0.4462255505	-0.2946674999
47.677	623	0.1227665021	960.1534581276	0.4461684493	-0.2946245846
47.701	624	0.1227759196	959.3467390148	0.4461102752	-0.2945833382
47.725	625	0.1227854563	958.5381423556	0.4460552005	-0.2945448336
47.750	626	0.1227957083	957.7414368237	0.4459971455	-0.2945040640
47.774	627	0.1228050067	956.9322143157	0.4459411172	-0.2944653210
47.795	628	0.1228133513	956.1292502957	0.4458856848	-0.2944264587
47.819	629	0.1228232457	955.3287896710	0.4458300141	-0.2943902191
47.844	630	0.1228332593	954.5264514998	0.4457713631	-0.2943493303
47.867	631	0.1228423192	953.7360044560	0.4457137850	-0.2943155941
47.894	632	0.1228530480	952.9342921337	0.4456595448	-0.2942791161
47.919	633	0.1228629424	952.1363349042	0.4456006554	-0.2942388233
47.941	634	0.1228716447	951.3433844652	0.4455447463	-0.2942030605
47.958	635	0.1228785588	950.5523115726	0.4454895523	-0.2941751655
47.989	636	0.1228910758	949.7631162264	0.4454344777	-0.2941498932
48.010	637	0.1228994204	948.9670365433	0.4453777340	-0.2941218790
48.037	638	0.1229102685	948.1834738364	0.4453208712	-0.2940955337
48.060	639	0.1229193284	947.3886458509	0.4452625778	-0.2940659698
48.079	640	0.1229267194	946.6088382369	0.4452066687	-0.2940367636
48.100	641	0.1229354216	945.8240238323	0.4451502827	-0.2940131601
48.117	642	0.1229419782	945.0404611254	0.4450930622	-0.2939839538
48.157	643	0.1229580714	944.2556467209	0.4450360802	-0.2939554628
48.180	644	0.1229672505	943.4727098628	0.4449820784	-0.2939251836
48.200	645	0.1229751183	942.6979090391	0.4449254540	-0.2938949045
48.221	646	0.1229834630	941.9193531227	0.4448701408	-0.2938678440
48.241	647	0.1229914500	941.1420489038	0.4448130396	-0.2938381609
48.266	648	0.1230013444	940.3653705338	0.4447595146	-0.2938107427
48.292	649	0.1230117156	939.5861887685	0.4447003868	-0.2938056167
48.313	650	0.1230201795	938.8145171889	0.4446474579	-0.2937997755
48.345	651	0.1230331733	938.0415939117	0.4445902374	-0.2937865432
48.362	652	0.1230399682	937.2711740298	0.4445348051	-0.2937761720
48.384	653	0.1230486705	936.5007541478	0.4444771078	-0.2937641319
48.415	654	0.1230610682	935.7390961492	0.4444239404	-0.2937548336
48.439	655	0.1230704858	934.9599143839	0.4443663624	-0.2937441047
48.460	656	0.1230789496	934.1901203507	0.4443118837	-0.2937340911
48.485	657	0.1230887248	933.4284623521	0.4442570474	-0.2937247928
48.509	658	0.1230983808	932.6661785046	0.4441999462	-0.2937168058
48.531	659	0.1231073214	931.8988878667	0.4441439178	-0.2937079843
48.561	660	0.1231192424	931.1409849609	0.4440886047	-0.2936984476
48.582	661	0.1231275870	930.3768235670	0.4440330532	-0.2936908182
48.604	662	0.1231361701	929.6132880219	0.4439765480	-0.2936845001
48.629	663	0.1231461837	928.8585143601	0.4439208772	-0.2936799701
48.653	664	0.1231559588	928.1012373031	0.4438677099	-0.2936678108
48.668	665	0.1231619193	927.3445860949	0.4438139465	-0.2936604198
48.699	666	0.1231740787	926.5891865843	0.4437564876	-0.2936554130
48.724	667	0.1231842114	925.8325353761	0.4437011745	-0.2936587509
48.743	668	0.1231918408	925.0827685048	0.4436457422	-0.2936830696
48.773	669	0.1232038810	924.3248655990	0.4435893562	-0.2936865266
48.800	670	0.1232146098	923.5776021229	0.4435359504	-0.2936868843
48.828	671	0.1232255771	922.8303386468	0.4434808757	-0.2936911758
48.844	672	0.1232320144	922.0793200779	0.4434248473	-0.2936953481
48.874	673	0.1232440545	921.3333082994	0.4433689382	-0.2936934408
48.901	674	0.1232547833	920.5866706721	0.4433139827	-0.2936904605
48.918	675	0.1232616975	919.8400330448	0.4432574775	-0.2936833080
48.938	676	0.1232698037	919.1009056032	0.4432027604	-0.2936765131
48.962	677	0.1232791020	918.3548938247	0.4431479241	-0.2936730560
48.993	678	0.1232913806	917.6120112903	0.4430926110	-0.2936608966
49.012	679	0.1232990100	916.8766389416	0.4430355098	-0.2936525520
49.032	680	0.1233071162	916.1375115000	0.4429825808	-0.2936555322
49.062	681	0.1233192756	915.3996357560	0.4429264333	-0.2936405118
49.085	682	0.1233284547	914.6623858608	0.4428726699	-0.2936241802
49.100	683	0.1233344152	913.9270135121	0.4428167607	-0.2936006959
49.123	684	0.1233432366	913.1947704074	0.4427622821	-0.2935931858
49.144	685	0.1233518197	912.4581463610	0.4427076842	-0.2935835298
49.171	686	0.1233626678	911.7246515587	0.4426532056	-0.2935753044
49.198	687	0.1233732774	910.9917826052	0.4425970580	-0.2935723241
49.215	688	0.1233800723	910.2595395004	0.4425457980	-0.2937394556
49.244	689	0.1233915164	909.5341807326	0.4424897696	-0.2939371046
49.270	690	0.1234022452	908.8025634767	0.4424348141	-0.2941619333
49.299	691	0.1234136893	908.0790822553	0.4423823620	-0.2943546947
49.316	692	0.1234206035	907.3549751851	0.4423266913	-0.2944853481
49.338	693	0.1234291865	906.6283647197	0.4422722126	-0.2946108755
49.359	694	0.1234375312	905.9080127423	0.4422177340	-0.2946925339
49.382	695	0.1234468295	905.1895383113	0.4421623017	-0.2947631058
49.411	696	0.1234585120	904.4623019971	0.4421060349	-0.2948795733
49.427	697	0.1234645917	903.7469568102	0.4420539404	-0.2950660166
49.454	698	0.1234754398	903.0266048328	0.4419995810	-0.2971166549
49.469	699	0.1234814002	902.3087562507	0.4419454600	-0.2975846706
49.496	700	0.1234922483	901.5940369126	0.4418888355	-0.2980579315
49.524	701	0.1235032155	900.8793175745	0.4418361450	-0.2983439146
49.545	702	0.1235119178	900.1633465387	0.4417815472	-0.2986316859
49.559	703	0.1235174014	899.4498788983	0.4417264725	-0.2988872706
49.582	704	0.1235265805	898.7364112578	0.4416718746	-0.2990329444
49.610	705	0.1235376670	898.0285762565	0.4416171576	-0.2991713464
49.635	706	0.1235475614	897.3182378601	0.4415642286	-0.2992061555
49.654	707	0.1235554292	896.6078994636	0.4415110613	-0.2992516934
49.677	708	0.1235644891	895.8963093696	0.4414552713	-0.2993481338
49.706	709	0.1235760524	895.1947328564	0.4414025808	-0.2994799792
49.733	710	0.1235866620	894.4956597385	0.4413479830	-0.2995488822
49.748	711	0.1235926225	893.7928315278	0.4412952925	-0.2995864331
49.765	712	0.1235995366	893.0874999218	0.4412405754	-0.2996170699
49.789	713	0.1236093118	892.3852975598	0.4411870504	-0.2996465146
49.817	714	0.1236202791	891.6774625586	0.4411316181	-0.2996663034
49.841	715	0.1236299350	890.9771377431	0.4410758281	-0.2996813237
49.873	716	0.1236428096	890.2768129275	0.4410248066	-0.2996912181
49.889	717	0.1236491277	889.5827466001	0.4409698511	-0.2996955097
49.907	718	0.1236561610	888.8824217845	0.4409179950	-0.2996906221
49.939	719	0.1236687972	888.1871037595	0.4408636356	-0.2996854961
49.952	720	0.1236742809	887.4924115832	0.4408108259	-0.2996850192
49.975	721	0.1236834600	886.7983452558	0.4407570625	-0.2997093379
49.997	722	0.1236921623	886.1042789283	0.4407021070	-0.2997435510
50.023	723	0.1237025335	885.4152193913	0.4406497741	-0.2997672737
50.050	724	0.1237131431	884.7199013662	0.4405946994	-0.2997809827
50.072	725	0.1237218454	884.0320935268	0.4405422473	-0.2997937381
50.093	726	0.1237301900	883.3424081410	0.4404887224	-0.2997980296
50.120	727	0.1237412765	882.6558519993	0.4404350782	-0.2997988641
50.135	728	0.1237472370	881.9674183111	0.4403804803	-0.2997988641
50.159	729	0.1237565353	881.2833655645	0.4403262401	-0.2998006523
50.189	730	0.1237688138	880.5955577252	0.4402745032	-0.2998039901
50.212	731	0.1237777545	879.9177634667	0.4402191901	-0.2998025596
50.229	732	0.1237845495	879.2324590225	0.4401672149	-0.2997926652
50.252	733	0.1237938478	878.5484062760	0.4401155973	-0.2997813403
50.266	734	0.1237995698	877.8737412616	0.4400638604	-0.2997727573
50.299	735	0.1238124444	877.1896885150	0.4400066400	-0.2997524917
50.329	736	0.1238246038	876.5137718030	0.4399537110	-0.2997077882
50.343	737	0.1238302066	875.8347258469	0.4398998284	-0.2996680915
50.362	738	0.1238375976	875.1569315885	0.4398471379	-0.2996093213
50.395	739	0.1238508298	874.4841441205	0.4397930169	-0.2995444715
50.420	740	0.1238606050	873.8063498620	0.4397396111	-0.2995003640
50.440	741	0.1238685920	873.1335623940	0.4396878743	-0.2994628131
50.457	742	0.1238755062	872.4639041700	0.4396366143	-0.2994551837
50.484	743	0.1238862350	871.7911167020	0.4395817780	-0.2995852411
50.515	744	0.1238985135	871.1189550828	0.4395267033	-0.2995755851
50.527	745	0.1239036395	870.4455417660	0.4394760394	-0.2995660484
50.553	746	0.1239138915	869.7802644837	0.4394226336	-0.2995667636
50.577	747	0.1239235475	869.1149872014	0.4393689894	-0.2995927512
50.605	748	0.1239347532	868.4434514310	0.4393166565	-0.2995878637
50.633	749	0.1239457204	867.7725415094	0.4392650389	-0.2995802343
50.649	750	0.1239520385	867.1116451688	0.4392105603	-0.2995969236
50.673	751	0.1239618137	866.4526263745	0.4391596579	-0.2996202886
50.696	752	0.1239709928	865.7854715458	0.4391063713	-0.2996415078
50.715	753	0.1239782646	865.1258269027	0.4390515351	-0.2996621311
50.736	754	0.1239869668	864.4649305621	0.4390008711	-0.2996806085
50.762	755	0.1239969804	863.8052859190	0.4389461541	-0.2997096956
50.787	756	0.1240071132	863.1456412760	0.4388926291	-0.2997347295
50.807	757	0.1240151002	862.4866224817	0.4388395809	-0.2997586906
50.827	758	0.1240229681	861.8301070827	0.4387868904	-0.2997772872
50.856	759	0.1240347698	861.1717141373	0.4387341999	-0.2997827709
50.880	760	0.1240440681	860.5151987383	0.4386792444	-0.2998122156
50.898	761	0.1240514591	859.8655676762	0.4386285805	-0.2998408258
50.917	762	0.1240589693	859.2121815212	0.4385786318	-0.2998688400
50.937	763	0.1240669563	858.5569178198	0.4385255837	-0.2998895824
50.962	764	0.1240770891	857.9066609089	0.4384725355	-0.2999137819
50.990	765	0.1240879371	857.2539006027	0.4384197258	-0.2999423921
51.010	766	0.1240960434	856.6067729358	0.4383683466	-0.2999667108
51.035	767	0.1241061761	855.9583935713	0.4383147024	-0.2999857843
51.062	768	0.1241166666	855.3125176020	0.4382643961	-0.2999997318
51.077	769	0.1241227462	854.6672674815	0.4382109903	-0.3000240505
51.101	770	0.1241321638	854.0195139658	0.4381616377	-0.3000569522
51.121	771	0.1241402700	853.3742638453	0.4381071590	-0.3000846088
51.147	772	0.1241506412	852.7340205153	0.4380542301	-0.3001071394
51.163	773	0.1241570785	852.0843894532	0.4380023741	-0.3001380146
51.189	774	0.1241673305	851.4447719720	0.4379476570	-0.3001647174
51.210	775	0.1241759136	850.8089095836	0.4378960394	-0.3001935661
51.230	776	0.1241836622	850.1692921024	0.4378440641	-0.3002354086
51.254	777	0.1241933181	849.5290487724	0.4377928041	-0.3002410114
51.275	778	0.1242017820	848.8913088376	0.4377401136	-0.3002661646
51.289	779	0.1242072656	848.2529430540	0.4376877807	-0.3002969206
51.314	780	0.1242171600	847.6177065145	0.4376349710	-0.3003131330
51.338	781	0.1242266967	846.9849733701	0.4375838302	-0.3003125370
51.357	782	0.1242344453	846.3459817377	0.4375320934	-0.3003452003
51.379	783	0.1242431476	845.7119968958	0.4374789260	-0.3003918112
51.399	784	0.1242511346	845.0792637515	0.4374275468	-0.3004045666
51.428	785	0.1242625787	844.4502857000	0.4373750947	-0.3004056394
51.440	786	0.1242674663	843.8169267068	0.4373245500	-0.3004048050
51.464	787	0.1242772415	843.1923295970	0.4372744821	-0.3003987253
51.486	788	0.1242857053	842.5639773943	0.4372200034	-0.3003881157
51.513	789	0.1242965534	841.9299925524	0.4371701740	-0.3003562868
51.531	790	0.1243039444	841.3053954426	0.4371183179	-0.3003436506
51.547	791	0.1243100240	840.6782949375	0.4370661042	-0.3003096760
51.577	792	0.1243219450	840.0524461301	0.4370136521	-0.3002761781
51.603	793	0.1243324354	839.4322299619	0.4369639419	-0.3002425611
51.616	794	0.1243376806	838.8032519104	0.4369114898	-0.3002288520
51.633	795	0.1243443563	838.1842874398	0.4368587993	-0.3001946390
51.650	796	0.1243511512	837.5596903300	0.4368059896	-0.3001599491
51.676	797	0.1243616417	836.9432292547	0.4367565177	-0.3001238287
51.692	798	0.1243678406	836.3236389353	0.4367047809	-0.3001070201
51.716	799	0.1243773773	835.7015452207	0.4366508983	-0.3000706613
51.744	800	0.1243885830	835.0832065989	0.4366023801	-0.3000552833
51.772	801	0.1243997886	834.4686230700	0.4365496896	-0.3000390708
51.796	802	0.1244094446	833.8484069019	0.4364979527	-0.3000232160
51.816	803	0.1244175508	833.2350750706	0.4364471696	-0.3000066459
51.837	804	0.1244256571	832.6204915417	0.4363956712	-0.2999929368
51.858	805	0.1244341209	832.0052821639	0.4363445304	-0.2999801815
51.877	806	0.1244417503	831.3925761814	0.4362933896	-0.2999665916
51.902	807	0.1244516447	830.7829994430	0.4362410567	-0.2999541938
51.935	808	0.1244647577	830.1715451581	0.4361914656	-0.2999416769
51.952	809	0.1244717911	829.5644718149	0.4361392520	-0.2999262989
51.976	810	0.1244810894	828.9523916812	0.4360879920	-0.2999123514
52.003	811	0.1244918182	828.3465700356	0.4360391161	-0.2998942316
52.024	812	0.1245002821	827.7394966924	0.4359871409	-0.2998811185
52.040	813	0.1245067194	827.1305458027	0.4359349272	-0.2998663366
52.054	814	0.1245124414	826.5259758548	0.4358855746	-0.2998539388
52.081	815	0.1245229318	825.9251609996	0.4358319304	-0.2998435676
52.102	816	0.1245312765	825.3149584123	0.4357823393	-0.2998304546
52.123	817	0.1245398596	824.7116401620	0.4357311985	-0.2998173416
52.141	818	0.1245470121	824.1114511556	0.4356812498	-0.2998013675
52.163	819	0.1245557144	823.5137655445	0.4356289170	-0.2997842014
52.185	820	0.1245644167	822.9091955965	0.4355795643	-0.2997623861
52.193	821	0.1245678738	822.3096324390	0.4355290196	-0.2997358024
52.222	822	0.1245794371	821.7119468279	0.4354776404	-0.2997148216
52.245	823	0.1245886162	821.1155129144	0.4354263804	-0.2997074306
52.270	824	0.1245982721	820.5184531521	0.4353740475	-0.2996972978
52.289	825	0.1246057823	819.9257743314	0.4353256485	-0.2997077882
52.307	826	0.1246129349	819.3293404179	0.4352716467	-0.2997452199
52.336	827	0.1246244982	818.7335323533	0.4352218172	-0.2997543990
52.365	828	0.1246362999	818.1389759862	0.4351716301	-0.2997770488
52.383	829	0.1246435717	817.5475488631	0.4351208469	-0.2997799098
52.408	830	0.1246534660	816.9586251353	0.4350695869	-0.2997908771
52.424	831	0.1246599033	816.3653204659	0.4350201151	-0.2997938573
52.436	832	0.1246646717	815.7770225869	0.4349688551	-0.2998131692
52.461	833	0.1246745661	815.1855954638	0.4349177143	-0.2998200834
52.486	834	0.1246843412	814.5972975848	0.4348688385	-0.2998305738
52.507	835	0.1246929243	814.0121289499	0.4348185322	-0.2998511970
52.531	836	0.1247024610	813.4263344661	0.4347682258	-0.2998892248
52.548	837	0.1247092560	812.8374107383	0.4347164890	-0.2999227226
52.570	838	0.1247178390	812.2553713474	0.4346676132	-0.2999508560
52.597	839	0.1247288063	811.6664476196	0.4346165916	-0.2999797046
52.608	840	0.1247330978	811.0881633215	0.4345671198	-0.3000052154
52.615	841	0.1247358396	810.5017429889	0.4345160982	-0.3000271499
52.644	842	0.1247474030	809.9197035980	0.4344679376	-0.3000414550
52.667	843	0.1247567013	809.3445485440	0.4344163200	-0.3000624359
52.692	844	0.1247665956	808.7631350018	0.4343650600	-0.3000791252
52.715	845	0.1247757748	808.1879799478	0.4343148729	-0.3000848472
52.736	846	0.1247840002	807.6059405569	0.4342657586	-0.3000960529
52.763	847	0.1247947290	807.0307855028	0.4342162868	-0.3000958145
52.774	848	0.1247993782	806.4499978095	0.4341640731	-0.3001016557
52.789	849	0.1248053387	805.8748427555	0.4341129323	-0.3000954568
52.819	850	0.1248171404	805.3015652479	0.4340639373	-0.3000840128
52.839	851	0.1248251274	804.7326686819	0.4340142270	-0.3000785291
52.862	852	0.1248344257	804.1581394767	0.4339634439	-0.3000741184
52.880	853	0.1248415783	803.5854878179	0.4339143296	-0.3000670850
52.905	854	0.1248515919	803.0134620078	0.4338643809	-0.3000390708
52.929	855	0.1248611286	802.4426878955	0.4338143130	-0.3000265539
52.947	856	0.1248681620	801.8656552950	0.4337648412	-0.3000301301
52.968	857	0.1248763874	801.3011396707	0.4337125083	-0.3000303686
52.987	858	0.1248842552	800.7359981976	0.4336625596	-0.3000184476
53.007	859	0.1248922422	800.1645982364	0.4336141606	-0.3000155866
53.027	860	0.1249002293	799.5975792168	0.4335636159	-0.3000073612
53.044	861	0.1249067858	799.0305601973	0.4335133096	-0.2999868572
53.068	862	0.1249165609	798.4691738170	0.4334652682	-0.2999214113
53.087	863	0.1249240711	797.9027806463	0.4334138890	-0.2998935163
53.104	864	0.1249308661	797.3388908707	0.4333645364	-0.2998967349
53.133	865	0.1249423102	796.7768786417	0.4333143493	-0.2998969734
53.160	866	0.1249530390	796.2167439590	0.4332665463	-0.2999366701
53.175	867	0.1249589995	795.6522283347	0.4332164784	-0.2999928176
53.190	868	0.1249651983	795.0914678032	0.4331661721	-0.3000493228
53.215	869	0.1249749735	794.5350882134	0.4331165810	-0.3001076162
53.240	870	0.1249849871	793.9780827748	0.4330679436	-0.3001610220
53.254	871	0.1249904707	793.4179480921	0.4330181142	-0.3002203882
53.276	872	0.1249994114	792.8596909559	0.4329717417	-0.3002751053
53.298	873	0.1250079945	792.2989304244	0.4329188128	-0.3003306568
53.316	874	0.1250152662	791.7481834738	0.4328710099	-0.3003878772
53.346	875	0.1250270680	791.1986882209	0.4328230877	-0.3004472435
53.368	876	0.1250358894	790.6404310847	0.4327730198	-0.3005013645
53.388	877	0.1250439957	790.0840514948	0.4327217598	-0.3005486906
53.417	878	0.1250555590	789.5326786955	0.4326727648	-0.3005913675
53.433	879	0.1250619963	788.9800541985	0.4326254387	-0.3006349981
53.459	880	0.1250722483	788.4286813991	0.4325760861	-0.3006755293
53.473	881	0.1250778511	787.8816895414	0.4325279255	-0.3007118881
53.497	882	0.1250873879	787.3315684397	0.4324771424	-0.3007412136
53.511	883	0.1250929907	786.7826990356	0.4324280281	-0.3008884371
53.540	884	0.1251044348	786.2363330267	0.4323798676	-0.3008736551
53.559	885	0.1251121834	785.6818309833	0.4323284884	-0.3009224117
53.583	886	0.1251217201	785.1373425208	0.4322811623	-0.3009816588
53.602	887	0.1251292303	784.5959833024	0.4322307367	-0.3010286272
53.619	888	0.1251357868	784.0508689911	0.4321820994	-0.3010879934
53.645	889	0.1251463965	783.5107614702	0.4321326275	-0.3011565388
53.666	890	0.1251545027	782.9656471590	0.4320832748	-0.3012095869
53.685	891	0.1251621321	782.4230362429	0.4320340414	-0.3012685955
53.692	892	0.1251649931	781.8810511757	0.4319844503	-0.3013227166
53.716	893	0.1251746491	781.3396919572	0.4319360514	-0.3013549031
53.738	894	0.1251833513	780.8002102852	0.4318866987	-0.3013593138
53.763	895	0.1251934841	780.2632320084	0.4318406839	-0.3013676585
53.782	896	0.1252008751	779.7250020340	0.4317894239	-0.3013779105
53.800	897	0.1252080277	779.1842686644	0.4317416210	-0.3013856591
53.817	898	0.1252147034	778.6516713292	0.4316923876	-0.3013950766
53.834	899	0.1252216175	778.1121896572	0.4316445846	-0.3013975800
53.858	900	0.1252310351	777.5795923221	0.4315933246	-0.3013932885
53.881	901	0.1252404526	777.0413623477	0.4315451641	-0.3013862551
53.897	902	0.1252467707	776.5143976518	0.4314964075	-0.3013724268
53.924	903	0.1252576187	775.9780452238	0.4314470548	-0.3013576449
53.951	904	0.1252682284	775.4492029815	0.4313992519	-0.3013438166
53.973	905	0.1252770499	774.9178573440	0.4313520450	-0.3013268889
53.996	906	0.1252863482	774.3840083113	0.4313028116	-0.3013110340
54.014	907	0.1252933815	773.8557919178	0.4312542934	-0.3012876690
54.029	908	0.1252994612	773.3238204315	0.4312074441	-0.3012670458
54.051	909	0.1253079251	772.7962298868	0.4311589260	-0.3012420119
54.073	910	0.1253168658	772.2705168885	0.4311101694	-0.3012165011
54.093	911	0.1253248528	771.7435521927	0.4310610551	-0.3011872948
54.110	912	0.1253316477	771.2165874968	0.4310109872	-0.3011571348
54.128	913	0.1253389195	770.6896228009	0.4309630651	-0.3011276901
54.156	914	0.1253498867	770.1664131979	0.4309149045	-0.3010986031
54.167	915	0.1253542975	769.6444552925	0.4308682937	-0.3010651053
54.196	916	0.1253659800	769.1187422942	0.4308201331	-0.3010353029
54.210	917	0.1253715828	768.5967843888	0.4307724494	-0.3010027588
54.227	918	0.1253781393	768.0716972394	0.4307234544	-0.3009684265
54.255	919	0.1253892258	767.5534944268	0.4306742210	-0.3009373129
54.272	920	0.1253961399	767.0327882190	0.4306262988	-0.3009059609
54.294	921	0.1254048422	766.5139595577	0.4305802840	-0.3008721054
54.315	922	0.1254134253	765.9926275010	0.4305323619	-0.3008392036
54.328	923	0.1254185513	765.4794314789	0.4304826516	-0.3008041561
54.353	924	0.1254284457	764.9543443295	0.4304347295	-0.3007660091
54.372	925	0.1254360751	764.4430258538	0.4303875226	-0.3007290543
54.394	926	0.1254447773	763.9260747389	0.4303399581	-0.3006922186
54.410	927	0.1254510954	763.4110011703	0.4302917975	-0.3006520451
54.429	928	0.1254586056	762.8978051482	0.4302438754	-0.3006140173
54.449	929	0.1254664734	762.3796023357	0.4301953572	-0.3005736053
54.476	930	0.1254775599	761.8689097088	0.4301475543	-0.3005325973
54.496	931	0.1254853085	761.3569653843	0.4300991553	-0.3004923046
54.510	932	0.1254910305	760.8443952110	0.4300507563	-0.3004558265
54.535	933	0.1255010441	760.3343284329	0.4300034302	-0.3004131496
54.556	934	0.1255093888	759.8242616549	0.4299568194	-0.3003702343
54.574	935	0.1255163029	759.3192016673	0.4299074668	-0.3003275573
54.591	936	0.1255232171	758.8041280987	0.4298593062	-0.3002835691
54.614	937	0.1255325154	758.2996939599	0.4298109072	-0.3002445877
54.623	938	0.1255358532	757.7871237866	0.4297639388	-0.3002041757
54.643	939	0.1255439595	757.2826896478	0.4297154206	-0.3001626909
54.663	940	0.1255519465	756.7757521138	0.4296694058	-0.3001203716
54.684	941	0.1255600527	756.2700662774	0.4296230334	-0.3000813901
54.702	942	0.1255673245	755.7668838362	0.4295746344	-0.3000331104
54.727	943	0.1255774573	755.2630755462	0.4295265931	-0.2999724329
54.745	944	0.1255846098	754.7648998955	0.4294791478	-0.2999447763
54.770	945	0.1255943850	754.2573365126	0.4294305104	-0.2998954236
54.784	946	0.1255998686	753.7591608619	0.4293833035	-0.2998472631
54.803	947	0.1256074980	753.2541008743	0.4293370503	-0.2998132884
54.825	948	0.1256162003	752.7515442819	0.4292882937	-0.2997720420
54.841	949	0.1256227568	752.2564978752	0.4292420405	-0.2997305572
54.858	950	0.1256294325	751.7564446781	0.4291950720	-0.2996982515
54.883	951	0.1256395653	751.2620241202	0.4291489380	-0.2996604621
54.904	952	0.1256477908	750.7600933766	0.4290992277	-0.2996180236
54.925	953	0.1256560162	750.2619177259	0.4290504711	-0.2995784461
54.940	954	0.1256622151	749.7674971680	0.4290056484	-0.2995381534
54.957	955	0.1256690100	749.2718249125	0.4289596336	-0.2995163381
54.977	956	0.1256768778	748.7774043547	0.4289113539	-0.2994972646
55.001	957	0.1256864146	748.2798545527	0.4288651007	-0.2994721114
55.014	958	0.1256916598	747.7885632389	0.4288178938	-0.2994606673
55.037	959	0.1257008389	747.2953943786	0.4287700909	-0.2994816482
55.060	960	0.1257098988	746.8028513672	0.4287250298	-0.2994557798
55.077	961	0.1257165745	746.3121859021	0.4286780613	-0.2994675815
55.100	962	0.1257259921	745.8215204371	0.4286289471	-0.2994759261
55.114	963	0.1257314757	745.3296032744	0.4285840052	-0.2994798600
55.135	964	0.1257397011	744.8389378094	0.4285352485	-0.2994748532
55.155	965	0.1257479266	744.3507757396	0.4284892338	-0.2994593560
55.176	966	0.1257560328	743.8626136698	0.4284427421	-0.2994551837
55.187	967	0.1257606820	743.3757032976	0.4283945816	-0.2994312226
55.205	968	0.1257675961	742.8881670766	0.4283486860	-0.2994238317
55.226	969	0.1257761792	742.4056376461	0.4283015983	-0.2994160831
55.254	970	0.1257871464	741.9199789715	0.4282531994	-0.2993818700
55.273	971	0.1257948950	741.4336944481	0.4282075422	-0.2993687570
55.295	972	0.1258035973	740.9511650176	0.4281606929	-0.2993538558
55.313	973	0.1258107499	740.4667580406	0.4281146782	-0.2993403852
55.322	974	0.1258144454	739.9810993660	0.4280675905	-0.2993205964
55.351	975	0.1258257702	739.5029508771	0.4280219333	-0.2993070066
55.370	976	0.1258332804	739.0222989930	0.4279740112	-0.2992867410
55.393	977	0.1258425788	738.5378920160	0.4279285924	-0.2992708861
55.403	978	0.1258467511	738.0597435272	0.4278810279	-0.2992572963
55.421	979	0.1258539036	737.5797174918	0.4278353708	-0.2992429912
55.440	980	0.1258611754	737.0990656077	0.4277868526	-0.2992289245
55.460	981	0.1258691624	736.6209171188	0.4277407186	-0.2992055594
55.481	982	0.1258777455	736.1421427811	0.4276927965	-0.2991869628
55.499	983	0.1258846596	735.6652459899	0.4276486890	-0.2991692006
55.515	984	0.1258912162	735.1889750474	0.4276045816	-0.2991475045
55.537	985	0.1258997992	734.7152075002	0.4275557058	-0.2991262853
55.552	986	0.1259058789	734.2420658017	0.4275107639	-0.2991064965
55.578	987	0.1259162501	733.7607880688	0.4274648683	-0.2990887343
55.603	988	0.1259260253	733.2920273120	0.4274195687	-0.2990663230
55.624	989	0.1259344891	732.8170080672	0.4273704545	-0.2990467727
55.635	990	0.1259390191	732.3457439152	0.4273258702	-0.2990262687
55.660	991	0.1259487942	731.8744797632	0.4272796170	-0.2990105330
55.682	992	0.1259574965	731.4000863671	0.4272315757	-0.2989902675
55.704	993	0.1259665564	730.9306997616	0.4271856801	-0.2989732205
55.721	994	0.1259731129	730.4613131560	0.4271391885	-0.2989539086
55.731	995	0.1259772853	729.9900490040	0.4270941274	-0.2989419877
55.759	996	0.1259882525	729.5231657936	0.4270481126	-0.2989564120
55.777	997	0.1259954051	729.0562825833	0.4270024554	-0.2989254176
55.799	998	0.1260042266	728.5893993729	0.4269565598	-0.2988819062
55.811	999	0.1260091141	728.1187610697	0.4269095914	-0.2988276660
55.829	1000	0.1260162667	727.6575104986	0.4268642918	-0.2987939297
55.844	1001	0.1260221080	727.1900014395	0.4268173234	-0.2987635314
55.866	1002	0.1260308102	726.7262474731	0.4267728583	-0.2987135827
55.892	1003	0.1260411814	726.2593642628	0.4267249362	-0.2986587464
55.911	1004	0.1260488108	725.7968619941	0.4266805903	-0.2986035525
55.918	1005	0.1260517911	725.3312304813	0.4266362445	-0.2985240399
55.941	1006	0.1260606126	724.8706057591	0.4265886799	-0.2984463154
55.965	1007	0.1260705069	724.4118585832	0.4265434996	-0.2983812272
55.981	1008	0.1260767058	723.9487304657	0.4264971272	-0.2983113705
56.002	1009	0.1260850505	723.4924866851	0.4264486090	-0.2982483088
56.017	1010	0.1260910109	723.0231000795	0.4264043824	-0.2981729685
56.032	1011	0.1260970906	722.5674821477	0.4263594405	-0.2980902373
56.067	1012	0.1261109189	722.1131159135	0.4263139025	-0.2980183541
56.082	1013	0.1261167601	721.6531170400	0.4262652651	-0.2979384838
56.105	1014	0.1261259393	721.1918664689	0.4262212769	-0.2978654085
56.122	1015	0.1261328534	720.7406294787	0.4261778847	-0.2977931677
56.136	1016	0.1261383370	720.2762496636	0.4261306778	-0.2977215229
56.159	1017	0.1261473969	719.8250126734	0.4260849015	-0.2976522623
56.171	1018	0.1261521653	719.3712722880	0.4260411516	-0.2975826441
56.188	1019	0.1261589602	718.9118992634	0.4259950176	-0.2975117145
56.203	1020	0.1261651591	718.4637915172	0.4259495989	-0.2974457918
56.224	1021	0.1261732653	718.0087994342	0.4259029881	-0.2973810612
56.253	1022	0.1261849479	717.5563107464	0.4258588806	-0.2973145424
56.265	1023	0.1261898354	717.1031962099	0.4258125082	-0.2972647129
56.286	1024	0.1261982993	716.6513333709	0.4257685200	-0.2972215591
56.306	1025	0.1262061671	716.2007222295	0.4257239357	-0.2971770941
56.330	1026	0.1262154654	715.7494852394	0.4256791130	-0.2971331058
56.340	1027	0.1262196378	715.3020033420	0.4256333366	-0.2970909057
56.361	1028	0.1262281016	714.8488888054	0.4255864874	-0.2970465599
56.376	1029	0.1262340621	714.4026586057	0.4255414263	-0.2970053135
56.402	1030	0.1262443141	713.9558025572	0.4254958883	-0.2969647823
56.432	1031	0.1262562350	713.5076948111	0.4254507080	-0.2969254432
56.427	1032	0.1262542085	713.0645938554	0.4254031435	-0.2968868194
56.439	1033	0.1262588576	712.6183636557	0.4253593937	-0.2968484340
56.465	1034	0.1262692288	712.1696300608	0.4253146902	-0.2968094526
56.478	1035	0.1262747125	711.7321617444	0.4252686754	-0.2967734514
56.498	1036	0.1262824611	711.2821764518	0.4252246872	-0.2967404304
56.519	1037	0.1262909249	710.8365721009	0.4251806989	-0.2967063365
56.540	1038	0.1262991504	710.3972262381	0.4251357570	-0.2966736732
56.565	1039	0.1263092832	709.9534994336	0.4250899807	-0.2966724811
56.580	1040	0.1263150052	709.5141535708	0.4250461116	-0.2966709314
56.603	1041	0.1263241843	709.0672975223	0.4250018850	-0.2966706930
56.617	1042	0.1263299064	708.6292033571	0.4249555126	-0.2966729579
56.640	1043	0.1263392047	708.1917350406	0.4249110475	-0.2966795144
56.669	1044	0.1263505296	707.7517633290	0.4248663440	-0.2966883359
56.677	1045	0.1263538674	707.3117916174	0.4248205677	-0.2966954885
56.683	1046	0.1263561324	706.8680648129	0.4247775331	-0.2967021642
56.708	1047	0.1263660268	706.4349774382	0.4247327104	-0.2967124162
56.727	1048	0.1263738946	705.9968832729	0.4246877685	-0.2967146812
56.755	1049	0.1263848618	705.5612925030	0.4246416345	-0.2966941772
56.771	1050	0.1263910607	705.1225724889	0.4245968118	-0.2966679511
56.782	1051	0.1263954715	704.6926143582	0.4245536580	-0.2966344533
56.806	1052	0.1264052466	704.2570235882	0.4245088353	-0.2966007171
56.819	1053	0.1264103726	703.8195552718	0.4244634166	-0.2965649543
56.848	1054	0.1264219359	703.3864678971	0.4244203820	-0.2965310989
56.864	1055	0.1264282540	702.9502512783	0.4243723407	-0.2964954553
56.886	1056	0.1264368371	702.5202931476	0.4243289485	-0.2964627919
56.902	1057	0.1264432744	702.0878316216	0.4242855563	-0.2964329896
56.913	1058	0.1264476851	701.6559959445	0.4242400184	-0.2963993726
56.934	1059	0.1264561490	701.2247861162	0.4241961494	-0.2963706432
56.952	1060	0.1264631824	700.7960796831	0.4241512075	-0.2963382182
56.970	1061	0.1264705733	700.3673732500	0.4241069808	-0.2963080583
56.985	1062	0.1264765338	699.9380409681	0.4240622773	-0.2962788520
57.002	1063	0.1264832095	699.5062052909	0.4240175738	-0.2962503610
57.022	1064	0.1264911965	699.0774988578	0.4239747777	-0.2962198434
57.045	1065	0.1265001372	698.6487924247	0.4239291205	-0.2961913524
57.059	1066	0.1265058593	698.2213376892	0.4238852515	-0.2961629806
57.080	1067	0.1265142039	697.7976380466	0.4238397136	-0.2961338935
57.097	1068	0.1265208797	697.3758159504	0.4237957253	-0.2961051641
57.123	1069	0.1265311317	696.9421027268	0.4237513795	-0.2960795341
57.132	1070	0.1265347079	696.5221581770	0.4237061992	-0.2960508046
57.149	1071	0.1265418605	696.0978326856	0.4236604228	-0.2960205255
57.167	1072	0.1265488938	695.6728813453	0.4236175074	-0.2959956107
57.185	1073	0.1265559272	695.2491817027	0.4235717311	-0.2959747491
57.208	1074	0.1265649871	694.8279854553	0.4235308423	-0.2959462581
57.222	1075	0.1265705899	694.4055375102	0.4234843507	-0.2959217009
57.241	1076	0.1265784577	693.9837154140	0.4234409585	-0.2958939252
57.262	1077	0.1265866832	693.5643967130	0.4233985200	-0.2958687720
57.279	1078	0.1265932397	693.1432004656	0.4233528628	-0.2958413539
57.294	1079	0.1265994386	692.7257593111	0.4233093514	-0.2958183465
57.317	1080	0.1266086177	692.3051889125	0.4232663168	-0.2957946238
57.337	1081	0.1266163663	691.8877477579	0.4232206597	-0.2957699475
57.357	1082	0.1266245917	691.4721841498	0.4231752409	-0.2957464633
57.370	1083	0.1266295985	691.0516137512	0.4231320872	-0.2957213101
57.389	1084	0.1266372279	690.6366759918	0.4230883374	-0.2956990180
57.395	1085	0.1266396121	690.2217382325	0.4230438723	-0.2956756530
57.434	1086	0.1266551093	689.8017936827	0.4230011954	-0.2956540761
57.442	1087	0.1266584472	689.3856042257	0.4229567303	-0.2956298766
57.458	1088	0.1266647653	688.9737957104	0.4229128613	-0.2956055579
57.483	1089	0.1266745404	688.5563545559	0.4228697075	-0.2955814776
57.502	1090	0.1266821698	688.1395392501	0.4228256001	-0.2955582318
57.515	1091	0.1266872958	687.7308599788	0.4227819695	-0.2955355820
57.538	1092	0.1266964750	687.3184256147	0.4227379812	-0.2955144820
57.553	1093	0.1267023162	686.9034878554	0.4226957812	-0.2954927859
57.568	1094	0.1267085151	686.4923051889	0.4226513161	-0.2954709706
57.584	1095	0.1267147140	686.0823742200	0.4226054205	-0.2954498706
57.592	1096	0.1267178134	685.6730691000	0.4225634588	-0.2954285321
57.619	1097	0.1267285423	685.2631381311	0.4225218548	-0.2954079089
57.635	1098	0.1267352180	684.8500779182	0.4224796547	-0.2954032597
57.658	1099	0.1267441587	684.4426503445	0.4224374546	-0.2953546223
57.687	1100	0.1267556028	684.0302159804	0.4223917974	-0.2953322110
57.700	1101	0.1267608480	683.6259176508	0.4223490013	-0.2953148064
57.714	1102	0.1267664508	683.2197417748	0.4223059668	-0.2952953753
57.729	1103	0.1267726497	682.8141917476	0.4222607864	-0.2952761826
57.749	1104	0.1267805175	682.4042607787	0.4222163214	-0.2952566323
57.771	1105	0.1267891006	681.9993366003	0.4221743597	-0.2952374396
57.785	1106	0.1267947034	681.5962899683	0.4221312059	-0.2952202734
57.794	1107	0.1267981605	681.1907399410	0.4220872177	-0.2952027497
57.821	1108	0.1268090085	680.7876933091	0.4220453752	-0.2951810536
57.840	1109	0.1268166379	680.3852725259	0.4220023407	-0.2951631722
57.845	1110	0.1268186645	679.9759674058	0.4219575180	-0.2951440987
57.872	1111	0.1268293933	679.5760500178	0.4219162716	-0.2951102433
57.883	1112	0.1268339233	679.1761326299	0.4218702568	-0.2950680432
57.900	1113	0.1268404798	678.7730859979	0.4218290104	-0.2950430092
57.921	1114	0.1268490629	678.3744203075	0.4217853798	-0.2950204787
57.943	1115	0.1268576459	677.9694961291	0.4217419876	-0.2949986634
57.951	1116	0.1268609838	677.5695787412	0.4216989530	-0.2949730334
57.971	1117	0.1268687324	677.1759198413	0.4216561569	-0.2949481186
57.990	1118	0.1268763618	676.7728732093	0.4216126455	-0.2949207005
58.016	1119	0.1268866138	676.3735816701	0.4215682996	-0.2948928055
58.034	1120	0.1268937663	675.9767935262	0.4215256227	-0.2948616919
58.043	1121	0.1268973426	675.5793795335	0.4214831842	-0.2948378500
58.061	1122	0.1269044952	675.1769587503	0.4214402688	-0.2948171076
58.068	1123	0.1269073562	674.7814223040	0.4213952077	-0.2948135313
58.098	1124	0.1269192771	674.3921443458	0.4213550342	-0.2948029217
58.111	1125	0.1269246415	673.9909752602	0.4213112844	-0.2947894511
58.135	1126	0.1269340591	673.5973163603	0.4212674154	-0.2947739538
58.156	1127	0.1269425229	673.2017799140	0.4212240232	-0.2947510657
58.173	1128	0.1269490795	672.8099985605	0.4211803926	-0.2947366413
58.191	1129	0.1269562320	672.4132104166	0.4211387885	-0.2946705994
58.200	1130	0.1269600467	672.0233066096	0.4210950387	-0.2946109947
58.226	1131	0.1269704179	671.6296477097	0.4210531963	-0.2945870337
58.246	1132	0.1269782857	671.2416214491	0.4210102809	-0.2945321974
58.266	1133	0.1269862728	670.8454591540	0.4209664119	-0.2944865402
58.279	1134	0.1269915180	670.4561811957	0.4209254039	-0.2944482740
58.294	1135	0.1269974784	670.0669032375	0.4208834422	-0.2944446978
58.308	1136	0.1270029621	669.6782511281	0.4208415998	-0.2944436249
58.329	1137	0.1270111875	669.2889731699	0.4207965386	-0.2944331345
58.342	1138	0.1270165519	668.8965659676	0.4207550538	-0.2944243130
58.359	1139	0.1270231084	668.5110431022	0.4207130921	-0.2944070276
58.371	1140	0.1270277576	668.1267719344	0.4206704152	-0.2943974909
58.393	1141	0.1270366983	667.7349905810	0.4206272614	-0.2943875965
58.414	1142	0.1270451621	667.3507194132	0.4205837500	-0.2943917688
58.434	1143	0.1270530300	666.9601897574	0.4205429805	-0.2943839010
58.447	1144	0.1270581560	666.5765444384	0.4204992307	-0.2943931993
58.467	1145	0.1270662622	666.1922732706	0.4204583419	-0.2943961796
58.487	1146	0.1270742492	665.8042470100	0.4204162610	-0.2944021400
58.499	1147	0.1270790176	665.4206016910	0.4203735841	-0.2944140610
58.517	1148	0.1270860509	665.0375822209	0.4203301919	-0.2944225248
58.536	1149	0.1270935611	664.6526852043	0.4202863228	-0.2944312271
58.548	1150	0.1270982103	664.2696657342	0.4202463877	-0.2944497046
58.573	1151	0.1271084623	663.8872721128	0.4202029956	-0.2944954809
58.588	1152	0.1271143035	663.5073818867	0.4201603186	-0.2945540127
58.609	1153	0.1271226482	663.1262399629	0.4201184762	-0.2946245846
58.623	1154	0.1271281318	662.7463497368	0.4200785410	-0.2946902689
58.640	1155	0.1271350460	662.3633302667	0.4200350297	-0.2947378334
58.660	1156	0.1271429138	661.9834400406	0.4199939024	-0.2947699007
58.674	1157	0.1271486358	661.6054273609	0.4199501526	-0.2947869477
58.683	1158	0.1271522121	661.2274146812	0.4199098599	-0.2948123392
58.706	1159	0.1271613912	660.8468986062	0.4198680174	-0.2948395190
58.722	1160	0.1271674709	660.4720151706	0.4198240292	-0.2948692021
58.738	1161	0.1271739082	660.0927507933	0.4197821867	-0.2948785004
58.756	1162	0.1271809415	659.7134864160	0.4197415364	-0.2948886332
58.776	1163	0.1271890478	659.3386029803	0.4196985018	-0.2948935208
58.789	1164	0.1271944122	658.9618419982	0.4196567786	-0.2949071106
58.807	1165	0.1272015647	658.5844551673	0.4196143400	-0.2949147400
58.824	1166	0.1272081213	658.2120751269	0.4195732128	-0.2949211773
58.840	1167	0.1272144393	657.8359399936	0.4195324433	-0.2949260649
58.863	1168	0.1272234993	657.4654374996	0.4194910776	-0.2949330983
58.878	1169	0.1272294597	657.0905540639	0.4194473278	-0.2949352440
58.891	1170	0.1272347049	656.7175481747	0.4194073927	-0.2949284491
58.913	1171	0.1272436456	656.3464198319	0.4193654310	-0.2949193892
58.929	1172	0.1272499637	655.9721622450	0.4193232309	-0.2949092564
58.946	1173	0.1272566394	655.6004080534	0.4192826998	-0.2949006733
58.971	1174	0.1272666530	655.2286538618	0.4192395460	-0.2948928055
58.978	1175	0.1272692756	654.8625323094	0.4191972267	-0.2948934016
59.009	1176	0.1272817926	654.4907781178	0.4191570532	-0.2948931631
59.024	1177	0.1272878723	654.1240307167	0.4191142570	-0.2948912558
59.038	1178	0.1272933559	653.7529023738	0.4190742027	-0.2948857722
59.055	1179	0.1273001508	653.3830257286	0.4190330755	-0.2948824343
59.078	1180	0.1273092107	653.0144007811	0.4189886104	-0.2948891100
59.091	1181	0.1273142175	652.6470275311	0.4189487945	-0.2948869643
59.105	1182	0.1273199396	652.2790284323	0.4189067137	-0.2948719439
59.126	1183	0.1273284034	651.9141585776	0.4188640367	-0.2948582348
59.141	1184	0.1273341255	651.5442819324	0.4188241016	-0.2948527512
59.154	1185	0.1273392515	651.1825413217	0.4187819015	-0.2948402342
59.170	1186	0.1273459272	650.8139163741	0.4187397014	-0.2948268828
59.177	1187	0.1273486690	650.4496723681	0.4186991703	-0.2948200878
59.207	1188	0.1273603515	650.0829249670	0.4186566126	-0.2948188957
59.225	1189	0.1273675041	649.7199326587	0.4186178695	-0.2948136505
59.236	1190	0.1273719148	649.3581920480	0.4185763847	-0.2948001799
59.258	1191	0.1273808555	648.9926963444	0.4185339462	-0.2947927889
59.268	1192	0.1273847894	648.6309557337	0.4184917461	-0.2948374924
59.280	1193	0.1273894386	648.2685892742	0.4184514534	-0.2948973355
59.293	1194	0.1273946838	647.9099779075	0.4184098493	-0.2949211773
59.309	1195	0.1274011211	647.5463597504	0.4183699142	-0.2949434695
59.323	1196	0.1274064855	647.1839932909	0.4183293830	-0.2949445423
59.338	1197	0.1274124460	646.8278853195	0.4182851564	-0.2949204621
59.365	1198	0.1274231748	646.4655188600	0.4182451021	-0.2948912558
59.370	1199	0.1274253206	646.1069074933	0.4182008754	-0.2948748049
59.390	1200	0.1274331884	645.7495478242	0.4181617748	-0.2948887524
59.411	1201	0.1274416523	645.3896847600	0.4181213628	-0.2948987660
59.423	1202	0.1274464206	645.0304475445	0.4180825006	-0.2949062762
59.446	1203	0.1274553613	644.6743395730	0.4180394660	-0.2949135479
59.456	1204	0.1274595337	644.3188574504	0.4180010806	-0.2948762354
59.472	1205	0.1274659710	643.9602460838	0.4179588805	-0.2947522577
59.493	1206	0.1274743156	643.6010088683	0.4179184686	-0.2947265085
59.512	1207	0.1274818258	643.2467784433	0.4178792487	-0.2947120842
59.526	1208	0.1274875478	642.8956772623	0.4178366910	-0.2946981367
59.546	1209	0.1274954157	642.5358141980	0.4177954446	-0.2946809706
59.557	1210	0.1274998264	642.1828354706	0.4177525292	-0.2946665463
59.571	1211	0.1275050716	641.8298567432	0.4177141439	-0.2946504530
59.581	1212	0.1275093631	641.4762521670	0.4176615726	-0.2946331677
59.607	1213	0.1275196151	641.1257768348	0.4176332007	-0.2946125445
59.629	1214	0.1275284366	640.7690430146	0.4175921927	-0.2945891794
59.648	1215	0.1275360660	640.4185676824	0.4175526153	-0.2945666489
59.661	1216	0.1275411920	640.0674665014	0.4175066005	-0.2945413765
59.673	1217	0.1275457220	639.7144877740	0.4174696456	-0.2945230183
59.694	1218	0.1275540666	639.3633865931	0.4174316178	-0.2945028719
59.707	1219	0.1275595503	639.0141629585	0.4173875104	-0.2945321974
59.729	1220	0.1275681333	638.6611842311	0.4173463832	-0.2945939478
59.733	1221	0.1275696830	638.3138381430	0.4173066865	-0.2946385321
59.760	1222	0.1275805311	637.9677437525	0.4172694932	-0.2946759638
59.770	1223	0.1275844650	637.6172684203	0.4172265778	-0.2947130379
59.794	1224	0.1275937633	637.2692964834	0.4171865235	-0.2947492775
59.809	1225	0.1276000814	636.9219503952	0.4171453963	-0.2947831330
59.818	1226	0.1276036577	636.5746043071	0.4171045075	-0.2947975573
59.837	1227	0.1276109295	636.2322650094	0.4170649300	-0.2948085245
59.855	1228	0.1276182012	635.8780345844	0.4170223723	-0.2948163924
59.878	1229	0.1276274996	635.5369469843	0.4169826756	-0.2947994646
59.897	1230	0.1276347713	635.1877233498	0.4169430981	-0.2946986136
59.908	1231	0.1276393013	634.8422548081	0.4169013749	-0.2946487841
59.923	1232	0.1276453810	634.4992896616	0.4168627511	-0.2946016964
59.939	1233	0.1276516990	634.1531952711	0.4168222199	-0.2945642647
59.959	1234	0.1276595669	633.8114818222	0.4167807351	-0.2945397076
59.978	1235	0.1276671963	633.4691425245	0.4167405615	-0.2945130047
59.999	1236	0.1276753025	633.1205447388	0.4167008648	-0.2945344624
60.002	1237	0.1276768522	632.7857156268	0.4166616450	-0.2945656952
60.022	1238	0.1276844816	632.4377436899	0.4166199217	-0.2945891794
60.041	1239	0.1276922302	632.0979077874	0.4165816555	-0.2945848879
60.062	1240	0.1277003364	631.7568201874	0.4165411244	-0.2945835766
60.078	1241	0.1277070122	631.4132291921	0.4165003548	-0.2945848879
60.090	1242	0.1277116613	631.0765225337	0.4164598236	-0.2945860800
60.102	1243	0.1277163105	630.7341832360	0.4164217959	-0.2945914444
60.124	1244	0.1277252512	630.3962248800	0.4163800726	-0.2945925173
60.132	1245	0.1277284698	630.0576406752	0.4163412104	-0.2945848879
60.155	1246	0.1277375297	629.7171789239	0.4162996063	-0.2945763048
60.169	1247	0.1277431326	629.3773430215	0.4162613402	-0.2945697483
60.181	1248	0.1277477817	629.0412622119	0.4162200937	-0.2945586619
60.204	1249	0.1277569609	628.7008004606	0.4161808739	-0.2945509132
60.215	1250	0.1277613716	628.3684747439	0.4161399851	-0.2945449528
60.225	1251	0.1277655439	628.0280129926	0.4161013613	-0.2945345816
60.244	1252	0.1277730541	627.6938097294	0.4160613070	-0.2945174154
60.264	1253	0.1277809219	627.3602323151	0.4160210142	-0.2945035872
60.278	1254	0.1277862863	627.0266549007	0.4159815559	-0.2944872555
60.292	1255	0.1277920084	626.6886965447	0.4159429321	-0.2944703278
60.310	1256	0.1277991609	626.3526157351	0.4159019241	-0.2944568571
60.333	1257	0.1278082209	626.0209158671	0.4158621082	-0.2944413599
60.342	1258	0.1278116779	625.6848350575	0.4158213386	-0.2944231209
60.360	1259	0.1278190689	625.3525093408	0.4157817612	-0.2944061932
60.377	1260	0.1278257446	625.0214353217	0.4157440910	-0.2943903383
60.389	1261	0.1278305130	624.6866062097	0.4157011757	-0.2943712648
60.404	1262	0.1278365927	624.3555321905	0.4156631479	-0.2943549332
60.421	1263	0.1278432684	624.0244581714	0.4156241665	-0.2943378862
60.438	1264	0.1278501825	623.6946358499	0.4155833969	-0.2943190512
60.450	1265	0.1278549509	623.3610584355	0.4155453691	-0.2942830500
60.472	1266	0.1278635340	623.0306102652	0.4155038843	-0.2942412075
60.480	1267	0.1278667526	622.6989103972	0.4154641876	-0.2942193922
60.501	1268	0.1278749781	622.3715914709	0.4154247293	-0.2941966232
60.516	1269	0.1278811769	622.0411433006	0.4153855095	-0.2941560921
60.527	1270	0.1278853493	621.7150760719	0.4153470049	-0.2941116270
60.540	1271	0.1278904753	621.3865054480	0.4153054008	-0.2940901693
60.556	1272	0.1278971510	621.0554314289	0.4152676115	-0.2940463003
60.575	1273	0.1279044228	620.7312417466	0.4152275571	-0.2940235313
60.597	1274	0.1279132442	620.4020452739	0.4151900062	-0.2940002855
60.611	1275	0.1279187279	620.0772297428	0.4151486406	-0.2939731058
60.627	1276	0.1279251652	619.7492849677	0.4151094207	-0.2939279255
60.642	1277	0.1279310064	619.4219660414	0.4150704393	-0.2938835796
60.655	1278	0.1279362516	619.0984022080	0.4150349149	-0.2938597377
60.667	1279	0.1279410200	618.7679540377	0.4149942645	-0.2938362535
60.693	1280	0.1279513912	618.4456419018	0.4149551639	-0.2938127693
60.705	1281	0.1279562788	618.1227039172	0.4149143943	-0.2937871393
60.727	1282	0.1279651003	617.7947591421	0.4148751745	-0.2937660392
60.741	1283	0.1279707031	617.4768279479	0.4148364314	-0.2937414821
60.758	1284	0.1279771404	617.1495090216	0.4147976884	-0.2937129911
60.780	1285	0.1279862003	616.8221900953	0.4147565612	-0.2936827119
60.790	1286	0.1279900150	616.5030072035	0.4147186526	-0.2936542209
60.801	1287	0.1279943066	616.1850760093	0.4146783599	-0.2936284717
60.820	1288	0.1280019360	615.8615121759	0.4146396169	-0.2935991462
60.829	1289	0.1280053930	615.5429551329	0.4145995626	-0.2935687479
60.848	1290	0.1280130224	615.2200171483	0.4145641574	-0.2935414489
60.870	1291	0.1280218439	614.8995825588	0.4145239839	-0.2935102161
60.888	1292	0.1280288773	614.5797738182	0.4144842872	-0.2934838708
60.907	1293	0.1280363874	614.2599650776	0.4144466170	-0.2934556182
60.913	1294	0.1280387716	613.9439114299	0.4144064435	-0.2934251006
60.921	1295	0.1280422287	613.6209734452	0.4143682965	-0.2933970865
60.939	1296	0.1280491428	613.3055456463	0.4143288382	-0.2933677610
60.953	1297	0.1280547457	612.9863627545	0.4142899760	-0.2933414157
60.976	1298	0.1280639248	612.6696832579	0.4142524251	-0.2933132823
60.991	1299	0.1280697660	612.3517520637	0.4142139205	-0.2932857450
61.005	1300	0.1280754881	612.0331950207	0.4141762503	-0.2932578500
61.017	1301	0.1280802565	611.7196447682	0.4141354808	-0.2932352002
61.027	1302	0.1280840712	611.4029652716	0.4140969762	-0.2932028945
61.044	1303	0.1280911045	611.0862857751	0.4140589484	-0.2931736882
61.063	1304	0.1280983763	610.7677287321	0.4140190133	-0.2931447204
61.074	1305	0.1281030254	610.4566818748	0.4139811047	-0.2931115802
61.091	1306	0.1281098204	610.1412540758	0.4139410504	-0.2930867847
61.103	1307	0.1281142311	609.8239487305	0.4139029034	-0.2930612739
61.122	1308	0.1281219797	609.5135277220	0.4138654717	-0.2930299218
61.137	1309	0.1281279402	609.1999774694	0.4138261326	-0.2930045303
61.153	1310	0.1281343775	608.8901823098	0.4137875088	-0.2929789003
61.167	1311	0.1281397419	608.5716252668	0.4137486466	-0.2929452832
61.192	1312	0.1281497555	608.2630818047	0.4137104996	-0.2929179843
61.199	1313	0.1281527357	607.9470281569	0.4136734255	-0.2928879436
61.216	1314	0.1281591730	607.6366071484	0.4136352786	-0.2928617175
61.229	1315	0.1281645374	607.3274378376	0.4135947474	-0.2928310807
61.244	1316	0.1281704979	607.0163909803	0.4135566004	-0.2928011592
61.263	1317	0.1281778889	606.7015890301	0.4135190495	-0.2927671845
61.274	1318	0.1281824188	606.3949231145	0.4134806641	-0.2927390511
61.285	1319	0.1281865912	606.0851279548	0.4134412058	-0.2927140172
61.304	1320	0.1281942206	605.7772103415	0.4134046086	-0.2926819499
61.319	1321	0.1282001810	605.4680410306	0.4133652695	-0.2926577504
61.341	1322	0.1282091217	605.1588717198	0.4133287915	-0.2926297362
61.347	1323	0.1282112675	604.8515799553	0.4132886179	-0.2926006492
61.363	1324	0.1282177048	604.5449140397	0.4132528551	-0.2925734694
61.388	1325	0.1282275992	604.2344930312	0.4132143505	-0.2925502236
61.402	1326	0.1282332020	603.9259495691	0.4131738194	-0.2925203021
61.411	1327	0.1282370167	603.6199095023	0.4131353148	-0.2924935992
61.427	1328	0.1282430964	603.3126177378	0.4130965717	-0.2924648698
61.445	1329	0.1282503681	603.0065776710	0.4130609282	-0.2924263652
61.455	1330	0.1282543020	602.7036668482	0.4130209931	-0.2924058612
61.466	1331	0.1282588320	602.3988784789	0.4129854687	-0.2923805888
61.483	1332	0.1282655077	602.0947159585	0.4129464872	-0.2923519786
61.498	1333	0.1282713490	601.7924309845	0.4129097708	-0.2923188384
61.511	1334	0.1282765942	601.4851392201	0.4128700741	-0.2922880824
61.521	1335	0.1282806473	601.1784733044	0.4128331192	-0.2922592337
61.539	1336	0.1282877999	600.8786917257	0.4127943762	-0.2922319348
61.560	1337	0.1282961445	600.5764067517	0.4127562292	-0.2922014172
61.575	1338	0.1283022242	600.2722442312	0.4127179630	-0.2921750720
61.583	1339	0.1283052044	599.9705851061	0.4126796968	-0.2921507533
61.597	1340	0.1283106880	599.6689259809	0.4126415499	-0.2921226199
61.612	1341	0.1283166485	599.3697702509	0.4126041181	-0.2921000893
61.630	1342	0.1283239203	599.0699886721	0.4125687130	-0.2920774396
61.653	1343	0.1283330994	598.7683295469	0.4125287779	-0.2920515711
61.663	1344	0.1283370333	598.4666704218	0.4124926575	-0.2920271332
61.682	1345	0.1283446627	598.1637595990	0.4124541528	-0.2920056756
61.697	1346	0.1283505039	597.8671072642	0.4124166019	-0.2919829066
61.719	1347	0.1283590870	597.5692032319	0.4123792894	-0.2919550116
61.727	1348	0.1283625441	597.2687958043	0.4123404272	-0.2919341500
61.737	1349	0.1283663588	596.9683883767	0.4123035915	-0.2919109042
61.758	1350	0.1283745842	596.6692326468	0.4122642524	-0.2918899233
61.772	1351	0.1283801871	596.3719544632	0.4122289665	-0.2918677504
61.789	1352	0.1283872204	596.0727987333	0.4121909387	-0.2918596442
61.796	1353	0.1283897238	595.7824048866	0.4121519573	-0.2918507035
61.814	1354	0.1283969956	595.4782423662	0.4121152408	-0.2918155367
61.830	1355	0.1284031945	595.1834675779	0.4120754249	-0.2917866881
61.844	1356	0.1284089165	594.8880669408	0.4120370395	-0.2917601044
61.862	1357	0.1284159498	594.5926663037	0.4120021112	-0.2917337591
61.880	1358	0.1284232216	594.2972656666	0.4119646795	-0.2917109902
61.899	1359	0.1284309702	594.0031167271	0.4119282014	-0.2916882212
61.911	1360	0.1284355002	593.7083419388	0.4118892200	-0.2916642601
61.928	1361	0.1284424143	593.4160705457	0.4118520267	-0.2916362459
61.948	1362	0.1284501629	593.1181665133	0.4118138797	-0.2916133578
61.955	1363	0.1284529047	592.8290243643	0.4117764480	-0.2915882046
61.973	1364	0.1284600573	592.5336237272	0.4117391355	-0.2915612633
61.983	1365	0.1284642296	592.2419781829	0.4117014654	-0.2915326531
62.004	1366	0.1284725743	591.9515843363	0.4116651065	-0.2915097649
62.015	1367	0.1284771042	591.6561836991	0.4116267211	-0.2914855654
62.028	1368	0.1284819918	591.3582796668	0.4115903623	-0.2914611275
62.045	1369	0.1284887867	591.0741443082	0.4115529306	-0.2914341862
62.062	1370	0.1284955817	590.7812470663	0.4115147836	-0.2914080794
62.071	1371	0.1284992771	590.4839688828	0.4114790208	-0.2913844759
62.090	1372	0.1285067873	590.1973301290	0.4114424235	-0.2913636143
62.107	1373	0.1285133438	589.9075621311	0.4114057071	-0.2913445408
62.120	1374	0.1285185891	589.6177941333	0.4113663680	-0.2913212950
62.126	1375	0.1285210924	589.3255227402	0.4113321549	-0.2912880356
62.144	1376	0.1285280066	589.0388839864	0.4112938888	-0.2912556107
62.159	1377	0.1285342055	588.7534969302	0.4112570531	-0.2912267620
62.178	1378	0.1285415964	588.4624772347	0.4112185485	-0.2911883766
62.190	1379	0.1285464840	588.1727092369	0.4111824281	-0.2911533291
62.207	1380	0.1285530405	587.8873221807	0.4111445195	-0.2911229307
62.221	1381	0.1285586434	587.6013092757	0.4111079223	-0.2910933668
62.231	1382	0.1285625773	587.3121671267	0.4110713250	-0.2910624916
62.247	1383	0.1285692530	587.0274059193	0.4110328204	-0.2910317356
62.264	1384	0.1285760479	586.7363862238	0.4109974152	-0.2909957344
62.283	1385	0.1285834389	586.4553801093	0.4109616525	-0.2909639055
62.292	1386	0.1285868960	586.1681155067	0.4109245784	-0.2909286196
62.310	1387	0.1285941677	585.8833542993	0.4108878619	-0.2908940489
62.322	1388	0.1285990553	585.5985930919	0.4108509070	-0.2908595974
62.336	1389	0.1286046582	585.3169611285	0.4108129985	-0.2908271724
62.359	1390	0.1286135989	585.0278189795	0.4107755667	-0.2907971317
62.370	1391	0.1286181288	584.7405543769	0.4107402808	-0.2907660181
62.385	1392	0.1286239701	584.4595482623	0.4107014186	-0.2907344276
62.401	1393	0.1286301690	584.1791679966	0.4106661326	-0.2907073671
62.417	1394	0.1286367255	583.8925292428	0.4106291777	-0.2906773264
62.418	1395	0.1286370831	583.6121489771	0.4105924613	-0.2906450206
62.439	1396	0.1286454277	583.3236326768	0.4105544335	-0.2906146223
62.455	1397	0.1286518650	583.0470075039	0.4105201012	-0.2905862505
62.464	1398	0.1286553221	582.7622462965	0.4104843384	-0.2905585939
62.478	1399	0.1286609250	582.4831177284	0.4104469067	-0.2905305797
62.486	1400	0.1286642628	582.1996082186	0.4104106671	-0.2905013734
62.506	1401	0.1286720114	581.9217313481	0.4103737122	-0.2904739553
62.518	1402	0.1286767798	581.6394735360	0.4103365189	-0.2904441530
62.539	1403	0.1286852436	581.3628483631	0.4103012330	-0.2904178077
62.553	1404	0.1286907273	581.0805905509	0.4102652317	-0.2903900320
62.576	1405	0.1286996680	580.8014619828	0.4102274424	-0.2903613025
62.584	1406	0.1287030058	580.5235851123	0.4101895338	-0.2903347188
62.594	1407	0.1287069397	580.2494633346	0.4101546055	-0.2903076583
62.620	1408	0.1287171917	579.9659538249	0.4101174122	-0.2902804786
62.625	1409	0.1287193375	579.6887028032	0.4100824839	-0.2902605707
62.642	1410	0.1287260132	579.4083225374	0.4100437409	-0.2902275497
62.656	1411	0.1287314969	579.1367041550	0.4100079781	-0.2901997739
62.658	1412	0.1287323313	578.8563238893	0.4099723345	-0.2901684219
62.677	1413	0.1287398415	578.5778211700	0.4099374062	-0.2901369506
62.694	1414	0.1287466364	578.3049510899	0.4099004513	-0.2901075059
62.708	1415	0.1287524777	578.0277000682	0.4098634964	-0.2900749618
62.722	1416	0.1287578421	577.7542041394	0.4098276144	-0.2900467092
62.737	1417	0.1287636834	577.4738238736	0.4097905403	-0.2900194103
62.746	1418	0.1287673789	577.2009537936	0.4097563273	-0.2899929458
62.759	1419	0.1287725049	576.9237027719	0.4097194916	-0.2899649316
62.778	1420	0.1287801342	576.6539619359	0.4096846825	-0.2899373943
62.789	1421	0.1287845450	576.3779626118	0.4096466547	-0.2899036580
62.795	1422	0.1287866908	576.1007115901	0.4096098190	-0.2898738557
62.804	1423	0.1287905055	575.8297190565	0.4095758444	-0.2898463184
62.817	1424	0.1287956315	575.5537197324	0.4095387703	-0.2898161584
62.837	1425	0.1288034993	575.2858564428	0.4095037228	-0.2897889787
62.853	1426	0.1288098174	575.0098571187	0.4094645029	-0.2897629911
62.872	1427	0.1288173275	574.7357353411	0.4094321972	-0.2897319966
62.879	1428	0.1288203078	574.4659945050	0.4093925005	-0.2896974259
62.894	1429	0.1288261490	574.1924985762	0.4093595987	-0.2896646434
62.912	1430	0.1288334208	573.9208801938	0.4093228823	-0.2896287614
62.925	1431	0.1288385468	573.6561461482	0.4092860466	-0.2895922833
62.945	1432	0.1288466530	573.3832760682	0.4092505222	-0.2895534211
62.959	1433	0.1288521367	573.1122835345	0.4092122560	-0.2895138436
62.973	1434	0.1288577395	572.8419168497	0.4091816192	-0.2894764119
62.991	1435	0.1288648921	572.5684209209	0.4091444259	-0.2894371920
62.998	1436	0.1288675147	572.2999317825	0.4091072326	-0.2893958264
63.019	1437	0.1288757401	572.0308167953	0.4090726619	-0.2893558913
63.031	1438	0.1288807469	571.7591984128	0.4090361839	-0.2893164330
63.044	1439	0.1288858729	571.4988453090	0.4089981561	-0.2892753058
63.054	1440	0.1288899260	571.2297303217	0.4089641815	-0.2892418080
63.072	1441	0.1288969594	570.9618670322	0.4089292532	-0.2892314368
63.090	1442	0.1289038735	570.6883711033	0.4088936096	-0.2892044955
63.107	1443	0.1289106684	570.4223853601	0.4088554626	-0.2891590768
63.127	1444	0.1289187747	570.1607805586	0.4088216072	-0.2891234332
63.132	1445	0.1289205628	569.8904138738	0.4087875133	-0.2890833789
63.150	1446	0.1289278346	569.6244281307	0.4087515121	-0.2890424901
63.173	1447	0.1289371329	569.3609457827	0.4087164646	-0.2890043431
63.178	1448	0.1289389210	569.0937083419	0.4086783176	-0.2889629775
63.188	1449	0.1289430934	568.8270967500	0.4086419588	-0.2889222079
63.197	1450	0.1289465504	568.5629885532	0.4086094146	-0.2888853722
63.214	1451	0.1289534646	568.2970028101	0.4085730558	-0.2888457947
63.224	1452	0.1289572793	568.0341463109	0.4085368162	-0.2888066941
63.243	1453	0.1289649087	567.7656571725	0.4085021262	-0.2887671166
63.257	1454	0.1289702731	567.5065557663	0.4084666019	-0.2887267046
63.277	1455	0.1289783793	567.2430734183	0.4084317928	-0.2886891537
63.281	1456	0.1289800482	566.9764618264	0.4083963876	-0.2886476689
63.295	1457	0.1289856511	566.7111019320	0.4083605056	-0.2886079722
63.314	1458	0.1289930421	566.4488712817	0.4083258157	-0.2885675602
63.326	1459	0.1289976912	566.1872664802	0.4082904105	-0.2885266714
63.335	1460	0.1290012675	565.9231582834	0.4082533364	-0.2884876900
63.356	1461	0.1290096121	565.6646827259	0.4082190042	-0.2884438210
63.370	1462	0.1290154534	565.4055813197	0.4081833606	-0.2883987599
63.388	1463	0.1290223675	565.1452282158	0.4081481938	-0.2883545332
63.391	1464	0.1290237980	564.8811200190	0.4081120734	-0.2883161478
63.405	1465	0.1290290433	564.6195152175	0.4080772643	-0.2882629805
63.420	1466	0.1290353614	564.3622913577	0.4080416207	-0.2882127934
63.436	1467	0.1290416794	564.1013124049	0.4080068116	-0.2881648712
63.453	1468	0.1290481167	563.8384559058	0.4079720025	-0.2881238632
63.460	1469	0.1290509778	563.5781028019	0.4079370742	-0.2880845242
63.481	1470	0.1290594416	563.3221306397	0.4079028611	-0.2880410128
63.498	1471	0.1290661174	563.0611516870	0.4078670983	-0.2879945211
63.509	1472	0.1290706473	562.8058053735	0.4078322892	-0.2879494600
63.519	1473	0.1290743428	562.5391937816	0.4077972417	-0.2879154854
63.536	1474	0.1290812569	562.2876025610	0.4077611213	-0.2878747158
63.549	1475	0.1290865021	562.0278753059	0.4077267890	-0.2878288202
63.567	1476	0.1290935355	561.7750323877	0.4076900725	-0.2877830438
63.583	1477	0.1291000920	561.5140534350	0.4076562171	-0.2877584867
63.586	1478	0.1291012841	561.2587071215	0.4076217656	-0.2877261810
63.600	1479	0.1291066485	561.0021091105	0.4075850491	-0.2876674108
63.613	1480	0.1291118937	560.7442594018	0.4075522666	-0.2876182966
63.626	1481	0.1291171389	560.4895389372	0.4075178151	-0.2875725202
63.635	1482	0.1291204768	560.2298116821	0.4074836020	-0.2875293665
63.664	1483	0.1291322785	559.9800980079	0.4074478392	-0.2874822788
63.673	1484	0.1291354972	559.7222482993	0.4074137454	-0.2874344759
63.688	1485	0.1291415768	559.4694053810	0.4073795323	-0.2873873882
63.697	1486	0.1291452723	559.2184400093	0.4073452000	-0.2873412542
63.714	1487	0.1291519480	558.9574610566	0.4073094372	-0.2872942857
63.721	1488	0.1291546899	558.7027405919	0.4072741513	-0.2872466020
63.736	1489	0.1291607695	558.4530269178	0.4072387461	-0.2871990375
63.747	1490	0.1291650611	558.2014356972	0.4072052483	-0.2871498041
63.764	1491	0.1291716176	557.9442118373	0.4071681742	-0.2871006898
63.779	1492	0.1291775780	557.6907430703	0.4071328883	-0.2870500259
63.792	1493	0.1291829425	557.4385260009	0.4071003441	-0.2870016269
63.807	1494	0.1291889029	557.1831796875	0.4070654158	-0.2869551353
63.821	1495	0.1291946250	556.9340918621	0.4070329909	-0.2869093589
63.833	1496	0.1291992741	556.6850040367	0.4069956784	-0.2868602447
63.839	1497	0.1292017775	556.4340386649	0.4069617037	-0.2868137531
63.860	1498	0.1292097646	556.1799440491	0.4069265370	-0.2867528371
63.872	1499	0.1292145329	555.9327337702	0.4068920855	-0.2866978816
63.880	1500	0.1292178708	555.6786391544	0.4068573956	-0.2866476945
63.899	1501	0.1292255002	555.4314288754	0.4068219904	-0.2866015605
63.917	1502	0.1292327719	555.1817152012	0.4067895655	-0.2865539960
63.936	1503	0.1292401629	554.9326273759	0.4067555908	-0.2865051202
63.942	1504	0.1292424279	554.6797844577	0.4067213778	-0.2864543370
63.954	1505	0.1292474347	554.4300707835	0.4066851381	-0.2864043883
63.971	1506	0.1292538720	554.1834863534	0.4066528324	-0.2863449029
63.987	1507	0.1292601901	553.9306434352	0.4066154007	-0.2863042525
64.003	1508	0.1292668658	553.6878140979	0.4065824989	-0.2862663440
64.014	1509	0.1292709189	553.4349711797	0.4065476898	-0.2862180642
64.027	1510	0.1292761641	553.1840058079	0.4065141920	-0.2861710957
64.040	1511	0.1292812901	552.9386730754	0.4064784292	-0.2861243657
64.056	1512	0.1292877274	552.6927144940	0.4064460043	-0.2860813311
64.065	1513	0.1292915421	552.4467559127	0.4064104799	-0.2860367469
64.082	1514	0.1292980986	552.1989197850	0.4063771013	-0.2859903744
64.091	1515	0.1293015557	551.9554645989	0.4063415770	-0.2859449557
64.108	1516	0.1293083506	551.7057509247	0.4063081984	-0.2859021596
64.128	1517	0.1293163377	551.4622957386	0.4062738661	-0.2858566216
64.133	1518	0.1293184834	551.2182147037	0.4062378649	-0.2858108452
64.152	1519	0.1293258744	550.9697527271	0.4062036518	-0.2857594660
64.173	1520	0.1293340998	550.7275492387	0.4061715845	-0.2857139281
64.180	1521	0.1293369609	550.4772097157	0.4061366562	-0.2856702975
64.198	1522	0.1293439942	550.2356320760	0.4061008934	-0.2856239251
64.214	1523	0.1293505507	549.9953061339	0.4060683492	-0.2855789832
64.219	1524	0.1293525773	549.7455924598	0.4060331825	-0.2855347565
64.230	1525	0.1293569880	549.5002597273	0.4059996847	-0.2854898146
64.243	1526	0.1293622332	549.2574303900	0.4059641603	-0.2854470185
64.257	1527	0.1293675977	549.0164785991	0.4059329275	-0.2854018381
64.272	1528	0.1293734389	548.7736492618	0.4058996681	-0.2853552273
64.290	1529	0.1293808299	548.5320716221	0.4058637861	-0.2853142193
64.294	1530	0.1293822604	548.2879905872	0.4058298114	-0.2852772644
64.318	1531	0.1293919164	548.0439095523	0.4057961944	-0.2852407864
64.325	1532	0.1293947774	547.8060870055	0.4057613853	-0.2851922682
64.333	1533	0.1293978768	547.5657610634	0.4057268146	-0.2851466110
64.350	1534	0.1294044333	547.3204283309	0.4056961778	-0.2851017883
64.364	1535	0.1294100362	547.0782248424	0.4056598190	-0.2850597075
64.375	1536	0.1294143277	546.8422798420	0.4056254867	-0.2850148848
64.393	1537	0.1294214803	546.5969471095	0.4055918697	-0.2849674395
64.394	1538	0.1294218379	546.3603762603	0.4055572990	-0.2849271467
64.410	1539	0.1294283944	546.1181727718	0.4055252317	-0.2848825625
64.423	1540	0.1294336396	545.8772209810	0.4054905418	-0.2848372629
64.432	1541	0.1294372159	545.6387725853	0.4054571632	-0.2847944668
64.451	1542	0.1294448453	545.3990724921	0.4054229501	-0.2847510746
64.467	1543	0.1294510442	545.1637533405	0.4053900483	-0.2847069672
64.480	1544	0.1294561702	544.9228015496	0.4053538087	-0.2846585682
64.495	1545	0.1294622498	544.6868565492	0.4053212646	-0.2846133879
64.509	1546	0.1294676143	544.4465306071	0.4052884820	-0.2845697573
64.515	1547	0.1294701177	544.2080822115	0.4052553418	-0.2845282724
64.529	1548	0.1294756013	543.9696338159	0.4052200559	-0.2844867876
64.541	1549	0.1294804889	543.7343146643	0.4051878694	-0.2844469717
64.549	1550	0.1294834691	543.4971179662	0.4051536563	-0.2844081095
64.567	1551	0.1294908601	543.2586695706	0.4051186088	-0.2843678167
64.585	1552	0.1294977742	543.0239762678	0.4050852302	-0.2843307426
64.596	1553	0.1295023042	542.7849020234	0.4050517324	-0.2842873504
64.607	1554	0.1295067149	542.5439502325	0.4050175193	-0.2842490842
64.622	1555	0.1295125562	542.3148895690	0.4049858096	-0.2842089107
64.632	1556	0.1295166093	542.0783187198	0.4049525502	-0.2841626575
64.641	1557	0.1295200664	541.8404961729	0.4049191716	-0.2841184309
64.659	1558	0.1295272189	541.6089321142	0.4048869851	-0.2840746810
64.681	1559	0.1295360404	541.3729871138	0.4048513415	-0.2840360572
64.699	1560	0.1295430737	541.1395455086	0.4048185590	-0.2840049436
64.704	1561	0.1295452195	540.9029746594	0.4047852996	-0.2839685848
64.715	1562	0.1295495110	540.6670296590	0.4047535899	-0.2839256694
64.731	1563	0.1295559484	540.4392206931	0.4047171119	-0.2838710716
64.743	1564	0.1295607167	540.2032756927	0.4046838525	-0.2838385274
64.753	1565	0.1295647698	539.9673306923	0.4046507123	-0.2838022878
64.769	1566	0.1295708495	539.7351407847	0.4046184066	-0.2837624719
64.775	1567	0.1295732337	539.5060801212	0.4045859816	-0.2837195566
64.796	1568	0.1295818168	539.2707609696	0.4045517686	-0.2836815288
64.807	1569	0.1295858699	539.0398227596	0.4045185092	-0.2836384942
64.814	1570	0.1295888501	538.8070070032	0.4044847729	-0.2836003473
64.832	1571	0.1295961219	538.5779463397	0.4044502023	-0.2835550477
64.835	1572	0.1295970756	538.3457564322	0.4044188502	-0.2835148742
64.855	1573	0.1296050626	538.1135665246	0.4043855908	-0.2834681441
64.867	1574	0.1296098310	537.8882609539	0.4043540004	-0.2834235599
64.882	1575	0.1296159106	537.6566968952	0.4043182376	-0.2833789756
64.890	1576	0.1296191293	537.4257586852	0.4042852166	-0.2833322455
64.903	1577	0.1296240169	537.1979497193	0.4042525532	-0.2832887342
64.918	1578	0.1296299773	536.9676373582	0.4042188170	-0.2832422425
64.927	1579	0.1296335536	536.7341957530	0.4041869881	-0.2831946780
64.946	1580	0.1296413022	536.5063867871	0.4041550400	-0.2831494977
64.949	1581	0.1296424943	536.2748227283	0.4041222575	-0.2831031253
64.959	1582	0.1296465474	536.0457620648	0.4040893557	-0.2830562760
64.980	1583	0.1296546536	535.8185789477	0.4040556195	-0.2830059697
64.998	1584	0.1296620446	535.5888924354	0.4040225985	-0.2829556634
65.004	1585	0.1296640712	535.3592059230	0.4039905312	-0.2829111983
65.013	1586	0.1296680051	535.1357778988	0.4039565566	-0.2828648259
65.026	1587	0.1296731311	534.9079689329	0.4039228203	-0.2828180959
65.037	1588	0.1296773034	534.6782824205	0.4038906338	-0.2827682664
65.052	1589	0.1296831447	534.4567319427	0.4038566592	-0.2827192713
65.062	1590	0.1296871978	534.2264195816	0.4038254263	-0.2826701571
65.074	1591	0.1296922046	533.9998623133	0.4037924054	-0.2826262881
65.089	1592	0.1296979266	533.7739308938	0.4037579539	-0.2825781275
65.096	1593	0.1297007876	533.5473736255	0.4037276747	-0.2825298478
65.110	1594	0.1297062713	533.3208163572	0.4036914351	-0.2824843098
65.123	1595	0.1297115165	533.0973883329	0.4036605599	-0.2824360301
65.141	1596	0.1297187882	532.8714569134	0.4036253931	-0.2823811938
65.156	1597	0.1297247487	532.6411445523	0.4035929682	-0.2823317219
65.169	1598	0.1297296363	532.4158389816	0.4035622122	-0.2822810580
65.185	1599	0.1297360736	532.1961660502	0.4035272839	-0.2822350432
65.197	1600	0.1297408420	531.9708604795	0.4034955742	-0.2821855713
65.203	1601	0.1297431069	531.7493100017	0.4034639837	-0.2821457554
65.213	1602	0.1297470409	531.5196234894	0.4034322741	-0.2821003367
65.227	1603	0.1297528821	531.3005764068	0.4033974650	-0.2820480038
65.239	1604	0.1297574121	531.0752708361	0.4033659937	-0.2820037771
65.253	1605	0.1297630149	530.8505911142	0.4033323767	-0.2819487025
65.272	1606	0.1297706443	530.6271630899	0.4032999518	-0.2818951775
65.284	1607	0.1297752935	530.4037350657	0.4032696726	-0.2818459440
65.294	1608	0.1297793466	530.1884430759	0.4032370092	-0.2817993332
65.304	1609	0.1297832805	529.9625116564	0.4032039883	-0.2817484308
65.317	1610	0.1297885257	529.7397094810	0.4031718018	-0.2817009855
65.328	1611	0.1297928172	529.5181590031	0.4031410458	-0.2816498447
65.351	1612	0.1298019963	529.2959826765	0.4031073095	-0.2816069294
65.357	1613	0.1298042613	529.0744321987	0.4030738117	-0.2815590073
65.370	1614	0.1298095065	528.8566368137	0.4030412676	-0.2815139461
65.379	1615	0.1298133212	528.6350863358	0.4030093195	-0.2814691235
65.397	1616	0.1298202354	528.4116583116	0.4029772522	-0.2814245392
65.407	1617	0.1298242885	528.1926112290	0.4029445888	-0.2813817430
65.421	1618	0.1298298913	527.9735641464	0.4029121639	-0.2813397814
65.429	1619	0.1298331100	527.7476327269	0.4028785469	-0.2812968660
65.437	1620	0.1298362094	527.5329665859	0.4028471948	-0.2812553812
65.450	1621	0.1298412162	527.3126678057	0.4028165581	-0.2812161613
65.471	1622	0.1298496801	527.0911173279	0.4027840139	-0.2811741997
65.478	1623	0.1298523027	526.8714443965	0.4027509929	-0.2811356950
65.497	1624	0.1298598128	526.6549007091	0.4027166607	-0.2810943294
65.508	1625	0.1298643428	526.4371053241	0.4026845934	-0.2810560632
65.518	1626	0.1298685151	526.2180582415	0.4026544334	-0.2810145784
65.541	1627	0.1298773366	525.9983853101	0.4026234390	-0.2809754778
65.546	1628	0.1298792440	525.7837191691	0.4025885107	-0.2809372116
65.555	1629	0.1298831779	525.5671754817	0.4025573970	-0.2808978725
65.569	1630	0.1298885423	525.3449991551	0.4025244953	-0.2808576990
65.583	1631	0.1298940259	525.1303330142	0.4024931432	-0.2808168102
65.589	1632	0.1298966485	524.9156668732	0.4024605991	-0.2807779479
65.607	1633	0.1299036819	524.6997490346	0.4024294855	-0.2807332445
65.618	1634	0.1299079734	524.4832053473	0.4023964645	-0.2806952167
65.629	1635	0.1299123841	524.2641582646	0.4023655893	-0.2806552816
65.646	1636	0.1299192983	524.0538730653	0.4023318531	-0.2806132007
65.657	1637	0.1299235898	523.8335742851	0.4023013355	-0.2805733848
65.663	1638	0.1299258548	523.6189081442	0.4022689105	-0.2805320192
65.667	1639	0.1299276429	523.4036161544	0.4022368432	-0.2804887462
65.688	1640	0.1299357492	523.1883241646	0.4022053720	-0.2804460693
65.703	1641	0.1299419481	522.9780389653	0.4021759273	-0.2804045844
65.710	1642	0.1299446899	522.7608694292	0.4021429063	-0.2803659606
65.720	1643	0.1299483854	522.5449515906	0.4021094085	-0.2803238797
65.728	1644	0.1299516040	522.3302854496	0.4020780565	-0.2802802491
65.743	1645	0.1299578029	522.1187485527	0.4020462276	-0.2802349496
65.769	1646	0.1299678165	521.9090892022	0.4020130874	-0.2801915574
65.777	1647	0.1299710351	521.6900421196	0.4019834043	-0.2801479268
65.780	1648	0.1299724656	521.4760018275	0.4019487144	-0.2801007199
65.788	1649	0.1299755651	521.2644649306	0.4019192697	-0.2800527978
65.802	1650	0.1299810487	521.0548055801	0.4018873216	-0.2800008225
65.821	1651	0.1299884397	520.8401394391	0.4018552543	-0.2799512315
65.834	1652	0.1299936849	520.6304800886	0.4018244983	-0.2799041438
65.839	1653	0.1299959499	520.4208207381	0.4017910005	-0.2798509765
65.858	1654	0.1300031024	520.2061545972	0.4017610789	-0.2798013854
65.864	1655	0.1300058442	519.9958693979	0.4017291308	-0.2797523904
65.877	1656	0.1300109702	519.7843325010	0.4016977788	-0.2796982693
65.888	1657	0.1300150234	519.5765506969	0.4016665460	-0.2796468901
65.902	1658	0.1300208646	519.3656396488	0.4016354323	-0.2795928883
65.916	1659	0.1300262290	519.1547286007	0.4016034842	-0.2795349526
65.926	1660	0.1300304014	518.9431917037	0.4015722514	-0.2794851231
65.937	1661	0.1300345737	518.7354098997	0.4015393496	-0.2794288563
65.943	1662	0.1300371963	518.5232471540	0.4015099050	-0.2793741393
65.962	1663	0.1300444680	518.3117102570	0.4014756919	-0.2793215680
65.977	1664	0.1300504285	518.1026767553	0.4014449359	-0.2792686390
65.988	1665	0.1300548393	517.8930174049	0.4014145375	-0.2792178559
66.003	1666	0.1300607997	517.6858614496	0.4013822318	-0.2791646885
66.007	1667	0.1300625879	517.4749504015	0.4013515950	-0.2791100907
66.017	1668	0.1300662833	517.2696719926	0.4013169051	-0.2790569233
66.028	1669	0.1300706941	517.0593867933	0.4012884141	-0.2790024447
66.038	1670	0.1300748664	516.8522308381	0.4012551547	-0.2789513039
66.052	1671	0.1300804693	516.6475782780	0.4012254716	-0.2789046931
66.068	1672	0.1300867873	516.4410481716	0.4011929274	-0.2788556980
66.076	1673	0.1300900060	516.2301371235	0.4011622906	-0.2788037228
66.086	1674	0.1300939399	516.0223553194	0.4011299849	-0.2787567543
66.101	1675	0.1300996620	515.8189544570	0.4010989905	-0.2787070440
66.117	1676	0.1301062185	515.6105468041	0.4010693074	-0.2786592411
66.127	1677	0.1301099140	515.4021391512	0.4010372401	-0.2786131071
66.141	1678	0.1301157552	515.1981124400	0.4010050536	-0.2785656618
66.158	1679	0.1301224309	514.9922081823	0.4009744168	-0.2785189318
66.162	1680	0.1301240999	514.7844263783	0.4009434224	-0.2784693407
66.173	1681	0.1301285106	514.5810255159	0.4009115935	-0.2784228491
66.186	1682	0.1301335174	514.3769988046	0.4008802414	-0.2783725428
66.201	1683	0.1301395971	514.1748496398	0.4008486510	-0.2783084082
66.217	1684	0.1301456767	513.9645644405	0.4008172989	-0.2782508301
66.223	1685	0.1301482993	513.7611635781	0.4007860661	-0.2782102989
66.237	1686	0.1301535446	513.5546334716	0.4007561446	-0.2781819271
66.243	1687	0.1301560479	513.3499809116	0.4007243157	-0.2781418728
66.255	1688	0.1301609355	513.1503351420	0.4006939173	-0.2780941891
66.261	1689	0.1301632005	512.9444308844	0.4006633997	-0.2780515121
66.270	1690	0.1301668960	512.7404041732	0.4006334782	-0.2780076431
66.286	1691	0.1301730949	512.5388808572	0.4005984307	-0.2779635357
66.293	1692	0.1301758367	512.3329765995	0.4005680323	-0.2779268192
66.310	1693	0.1301827508	512.1327049811	0.4005370379	-0.2778802084
66.321	1694	0.1301870424	511.9274265723	0.4005055666	-0.2778368162
66.337	1695	0.1301934797	511.7277808027	0.4004764796	-0.2777893709
66.350	1696	0.1301984865	511.5262574867	0.4004441738	-0.2777445482
66.361	1697	0.1302031356	511.3228566243	0.4004135371	-0.2777017520
66.362	1698	0.1302034932	511.1194557619	0.4003818274	-0.2776566909
66.374	1699	0.1302081424	510.9204358411	0.4003528595	-0.2776150869
66.389	1700	0.1302139837	510.7170349787	0.4003222227	-0.2775725292
66.400	1701	0.1302182752	510.5192667555	0.4002908707	-0.2775356935
66.416	1702	0.1302247125	510.3164917419	0.4002602339	-0.2774967121
66.428	1703	0.1302293617	510.1168459724	0.4002288818	-0.2774590419
66.445	1704	0.1302361566	509.9140709587	0.4001983643	-0.2774189876
66.447	1705	0.1302372295	509.7087925499	0.4001705885	-0.2773809598
66.469	1706	0.1302459318	509.5141535708	0.4001374483	-0.2773428129
66.479	1707	0.1302496272	509.3138819524	0.4001082420	-0.2773043083
66.483	1708	0.1302515346	509.1148620316	0.4000770092	-0.2772636579
66.496	1709	0.1302566606	508.9164679597	0.4000442266	-0.2772233651
66.514	1710	0.1302635747	508.7130670973	0.4000126362	-0.2771856950
66.526	1711	0.1302684623	508.5165505717	0.3999837875	-0.2771470712
66.533	1712	0.1302710849	508.3175306509	0.3999494553	-0.2771084474
66.553	1713	0.1302791912	508.1178848814	0.3999215603	-0.2770719693
66.550	1714	0.1302778799	507.9207425070	0.3998914003	-0.2770333455
66.565	1715	0.1302838403	507.7210967375	0.3998606443	-0.2769960330
66.580	1716	0.1302899200	507.5239543631	0.3998283386	-0.2769564555
66.586	1717	0.1302924234	507.3274378376	0.3997985363	-0.2769177125
66.595	1718	0.1302959997	507.1271662192	0.3997682571	-0.2768790887
66.617	1719	0.1303044635	506.9287721472	0.3997389316	-0.2768451140
66.628	1720	0.1303091127	506.7360107145	0.3997068643	-0.2768057750
66.643	1721	0.1303149539	506.5344873985	0.3996773004	-0.2767673896
66.650	1722	0.1303178150	506.3448552099	0.3996478557	-0.2767305539
66.660	1723	0.1303216297	506.1445835915	0.3996180534	-0.2766980098
66.678	1724	0.1303289014	505.9455636707	0.3995881319	-0.2766596244
66.696	1725	0.1303358156	505.7509246916	0.3995560646	-0.2766226695
66.701	1726	0.1303380805	505.5581632589	0.3995259046	-0.2765865491
66.713	1727	0.1303424913	505.3622725822	0.3994958639	-0.2765517400
66.729	1728	0.1303489286	505.1607492662	0.3994652271	-0.2765140698
66.729	1729	0.1303490478	504.9648585895	0.3994318485	-0.2764794991
66.737	1730	0.1303521472	504.7714713080	0.3994033575	-0.2764471934
66.757	1731	0.1303600151	504.5780840265	0.3993714094	-0.2764085696
66.766	1732	0.1303637105	504.3809416521	0.3993431568	-0.2763738797
66.780	1733	0.1303691942	504.1919353123	0.3993126392	-0.2763374016
66.784	1734	0.1303707439	503.9910378451	0.3992812872	-0.2763005660
66.795	1735	0.1303750354	503.7976505636	0.3992520809	-0.2762668297
66.809	1736	0.1303808767	503.6042632821	0.3992234706	-0.2762326167
66.823	1737	0.1303864795	503.4121276982	0.3991929531	-0.2761980460
66.826	1738	0.1303875524	503.2181145679	0.3991612434	-0.2761632369
66.845	1739	0.1303949434	503.0241014376	0.3991313219	-0.2761304543
66.857	1740	0.1303998310	502.8300883073	0.3991006851	-0.2760963605
66.871	1741	0.1304054338	502.6379527234	0.3990708827	-0.2760615513
66.874	1742	0.1304065067	502.4476946859	0.3990421533	-0.2760319874
66.896	1743	0.1304150898	502.2524298580	0.3990077018	-0.2759951518
66.907	1744	0.1304197389	502.0565391813	0.3989805221	-0.2759617732
66.922	1745	0.1304254610	501.8687845390	0.3989490508	-0.2759294674
66.938	1746	0.1304320175	501.6779006528	0.3989204406	-0.2758978770
66.948	1747	0.1304359514	501.4870167665	0.3988895654	-0.2758737967
66.960	1748	0.1304406005	501.2948811826	0.3988594054	-0.2758528159
66.970	1749	0.1304447729	501.1052489939	0.3988294839	-0.2758257553
66.979	1750	0.1304482299	500.9087324684	0.3988000392	-0.2758068011
66.986	1751	0.1304509717	500.7197261286	0.3987699985	-0.2757764027
66.999	1752	0.1304562170	500.5282163935	0.3987405538	-0.2757499382
67.004	1753	0.1304581243	500.3348291120	0.3987096786	-0.2757265732
67.012	1754	0.1304614622	500.1477003186	0.3986788034	-0.2756986782
67.031	1755	0.1304687339	499.9580681299	0.3986495971	-0.2756699488
67.050	1756	0.1304764825	499.7703134877	0.3986207484	-0.2756453917
67.053	1757	0.1304775554	499.5806812990	0.3985908269	-0.2756171391
67.069	1758	0.1304838735	499.3916749592	0.3985598325	-0.2755906746
67.073	1759	0.1304856617	499.2007910729	0.3985295533	-0.2755645678
67.080	1760	0.1304882843	499.0117847330	0.3984999894	-0.2755382225
67.092	1761	0.1304929334	498.8221525444	0.3984725713	-0.2755192682
67.111	1762	0.1305005628	498.6312686581	0.3984419345	-0.2755000755
67.118	1763	0.1305033046	498.4422623183	0.3984128474	-0.2754746840
67.132	1764	0.1305087883	498.2582627689	0.3983823298	-0.2754587099
67.148	1765	0.1305152256	498.0673788826	0.3983530044	-0.2754401133
67.156	1766	0.1305183250	497.8821276356	0.3983220099	-0.2754235432
67.167	1767	0.1305229742	497.6924954469	0.3982924460	-0.2753986284
67.185	1768	0.1305298883	497.5053666535	0.3982639550	-0.2753751442
67.183	1769	0.1305291730	497.3144827673	0.3982311725	-0.2753548786
67.196	1770	0.1305341798	497.1361158571	0.3982018470	-0.2753319904
67.202	1771	0.1305366832	496.9427285756	0.3981740712	-0.2753153011
67.220	1772	0.1305438358	496.7543480846	0.3981441497	-0.2752965853
67.235	1773	0.1305497963	496.5697226864	0.3981137513	-0.2752735779
67.249	1774	0.1305552799	496.3825938930	0.3980835913	-0.2752603457
67.263	1775	0.1305610019	496.1960909483	0.3980541467	-0.2752387688
67.265	1776	0.1305615980	496.0127172478	0.3980260133	-0.2752152845
67.280	1777	0.1305677969	495.8243367567	0.3979952573	-0.2751935884
67.292	1778	0.1305724460	495.6390855097	0.3979650973	-0.2751684353
67.310	1779	0.1305794794	495.4538342627	0.3979372023	-0.2751454279
67.313	1780	0.1305805523	495.2660796205	0.3979078768	-0.2751177713
67.322	1781	0.1305841285	495.0852093151	0.3978775977	-0.2750954792
67.345	1782	0.1305934269	494.8943254289	0.3978482722	-0.2750752136
67.360	1783	0.1305993873	494.7147068211	0.3978185891	-0.2750427887
67.362	1784	0.1306001026	494.5269521789	0.3977898596	-0.2750184700
67.371	1785	0.1306037981	494.3467077223	0.3977593421	-0.2749948665
67.376	1786	0.1306057054	494.1570755337	0.3977293013	-0.2749672100
67.395	1787	0.1306134540	493.9774569260	0.3977008103	-0.2749480173
67.407	1788	0.1306182224	493.7928315278	0.3976717232	-0.2749254867
67.414	1789	0.1306208450	493.6107095248	0.3976407288	-0.2749021217
67.426	1790	0.1306254942	493.4273358242	0.3976118802	-0.2748842403
67.440	1791	0.1306309778	493.2470913677	0.3975823163	-0.2748551533
67.449	1792	0.1306347925	493.0643435159	0.3975534676	-0.2748305961
67.459	1793	0.1306386072	492.8784664201	0.3975244997	-0.2748071119
67.471	1794	0.1306436140	492.6944668707	0.3974957703	-0.2747789785
67.481	1795	0.1306474287	492.5154741118	0.3974658488	-0.2747537061
67.493	1796	0.1306521970	492.3302228648	0.3974367617	-0.2747287914
67.510	1797	0.1306587536	492.1499784082	0.3974079131	-0.2747047111
67.520	1798	0.1306628067	491.9697339517	0.3973790644	-0.2746796772
67.527	1799	0.1306655485	491.7863602511	0.3973490237	-0.2746541664
67.532	1800	0.1306678135	491.6004831553	0.3973199366	-0.2746273443
67.553	1801	0.1306759197	491.4271230356	0.3972916840	-0.2745968267
67.549	1802	0.1306744892	491.2418717886	0.3972628353	-0.2745648786
67.565	1803	0.1306805689	491.0635048785	0.3972314833	-0.2745372221
67.575	1804	0.1306846220	490.8820087243	0.3972016810	-0.2745077774
67.588	1805	0.1306897480	490.6992608726	0.3971754549	-0.2744801208
67.605	1806	0.1306965429	490.5208939624	0.3971457718	-0.2744513914
67.619	1807	0.1307020265	490.3406495059	0.3971157311	-0.2744202777
67.625	1808	0.1307044107	490.1647859910	0.3970878361	-0.2743876144
67.634	1809	0.1307082254	489.9839156856	0.3970583914	-0.2743587657
67.645	1810	0.1307123977	489.8042970779	0.3970300196	-0.2743313476
67.650	1811	0.1307144243	489.6253043190	0.3970003365	-0.2743042871
67.662	1812	0.1307191927	489.4425564672	0.3969720839	-0.2742725774
67.675	1813	0.1307244379	489.2679446499	0.3969424008	-0.2742450401
67.681	1814	0.1307269413	489.0914552862	0.3969148634	-0.2742120191
67.697	1815	0.1307332594	488.9087074345	0.3968857763	-0.2741819784
67.707	1816	0.1307371933	488.7328439196	0.3968554972	-0.2741522952
67.712	1817	0.1307392198	488.5513477654	0.3968261717	-0.2741218969
67.722	1818	0.1307431537	488.3767359481	0.3967989920	-0.2740913793
67.728	1819	0.1307454187	488.1989948868	0.3967697857	-0.2740518018
67.749	1820	0.1307537634	488.0231313719	0.3967395065	-0.2740087672
67.756	1821	0.1307566244	487.8453903106	0.3967138765	-0.2739695474
67.764	1822	0.1307594854	487.6676492493	0.3966839550	-0.2739316388
67.783	1823	0.1307671148	487.4949149784	0.3966554640	-0.2738927766
67.791	1824	0.1307703335	487.3146705219	0.3966275690	-0.2738650008
67.810	1825	0.1307779629	487.1419362510	0.3965981243	-0.2738371059
67.810	1826	0.1307778436	486.9610659457	0.3965692757	-0.2738098069
67.824	1827	0.1307835657	486.7845765820	0.3965405462	-0.2737806007
67.838	1828	0.1307889301	486.6137198576	0.3965105055	-0.2737559243
67.845	1829	0.1307916719	486.4347270986	0.3964840410	-0.2737306520
67.850	1830	0.1307939369	486.2569860373	0.3964547155	-0.2737044259
67.853	1831	0.1307951290	486.0848776153	0.3964275358	-0.2736778422
67.866	1832	0.1308000166	485.9127691932	0.3964008329	-0.2736493512
67.879	1833	0.1308051426	485.7350281319	0.3963673351	-0.2736244365
67.892	1834	0.1308106262	485.5572870706	0.3963393209	-0.2735990449
67.902	1835	0.1308145601	485.3851786485	0.3963122604	-0.2735731765
67.912	1836	0.1308183748	485.2130702265	0.3962840078	-0.2735455199
67.918	1837	0.1308208782	485.0409618044	0.3962563512	-0.2735176249
67.943	1838	0.1308305342	484.8663499872	0.3962269066	-0.2734935447
67.947	1839	0.1308322031	484.6886089259	0.3961985347	-0.2734687491
67.957	1840	0.1308363754	484.5183780502	0.3961692093	-0.2734427615
67.966	1841	0.1308398325	484.3456437794	0.3961428640	-0.2734129592
67.970	1842	0.1308415014	484.1704061133	0.3961136577	-0.2733892365
67.993	1843	0.1308506805	483.9989235401	0.3960837362	-0.2733625337
67.997	1844	0.1308519918	483.8230600252	0.3960572717	-0.2733367844
68.015	1845	0.1308591444	483.6534549983	0.3960278270	-0.2733115121
68.026	1846	0.1308636743	483.4800948787	0.3959989784	-0.2732874318
68.025	1847	0.1308631975	483.3092381542	0.3959719179	-0.2732587024
68.043	1848	0.1308703501	483.1346263370	0.3959442613	-0.2732331916
68.047	1849	0.1308718998	482.9656471590	0.3959166048	-0.2732064887
68.059	1850	0.1308765489	482.7891577953	0.3958887098	-0.2731814547
68.070	1851	0.1308810789	482.6195527684	0.3958597419	-0.2731566592
68.083	1852	0.1308862049	482.4505735904	0.3958318469	-0.2731288834
68.091	1853	0.1308895428	482.2790910172	0.3958009717	-0.2731038495
68.103	1854	0.1308943111	482.1044791999	0.3957741496	-0.2730796500
68.120	1855	0.1309008676	481.9323707779	0.3957449434	-0.2730539008
68.129	1856	0.1309043247	481.7590106582	0.3957150218	-0.2730274363
68.139	1857	0.1309083778	481.5912831778	0.3956885574	-0.2730020447
68.151	1858	0.1309130270	481.4235556974	0.3956598279	-0.2729768916
68.159	1859	0.1309164841	481.2489438801	0.3956309793	-0.2729524537
68.159	1860	0.1309164841	481.0843456438	0.3956029651	-0.2729268237
68.178	1861	0.1309239942	480.9147406170	0.3955773351	-0.2728995247
68.185	1862	0.1309264976	480.7407546485	0.3955480096	-0.2728734179
68.191	1863	0.1309291202	480.5755305633	0.3955207107	-0.2728467150
68.211	1864	0.1309371073	480.4040479901	0.3954925773	-0.2728208466
68.218	1865	0.1309396107	480.2331912657	0.3954642055	-0.2727940245
68.231	1866	0.1309450943	480.0692188781	0.3954380986	-0.2727707787
68.250	1867	0.1309526045	479.8939812120	0.3954072234	-0.2727456255
68.255	1868	0.1309542734	479.7275054292	0.3953821895	-0.2727191611
68.259	1869	0.1309559423	479.5629071929	0.3953535792	-0.2726935311
68.267	1870	0.1309592802	479.3926763173	0.3953256843	-0.2726714774
68.284	1871	0.1309658367	479.2230712904	0.3952983853	-0.2726466818
68.298	1872	0.1309716780	479.0584730541	0.3952683446	-0.2726227208
68.303	1873	0.1309735853	478.8857387832	0.3952399728	-0.2725970908
68.317	1874	0.1309791881	478.7217663957	0.3952137467	-0.2725731297
68.323	1875	0.1309813339	478.5496579736	0.3951862094	-0.2725507183
68.328	1876	0.1309833605	478.3825563420	0.3951578376	-0.2725302143
68.343	1877	0.1309893209	478.2154547105	0.3951305387	-0.2725087567
68.353	1878	0.1309933740	478.0483530789	0.3951021668	-0.2724894448
68.358	1879	0.1309951622	477.8806255985	0.3950749871	-0.2724661989
68.374	1880	0.1310018379	477.7185307573	0.3950460193	-0.2724466486
68.383	1881	0.1310054142	477.5464223353	0.3950184819	-0.2724237604
68.398	1882	0.1310112554	477.3849533430	0.3949913022	-0.2724044485
68.412	1883	0.1310167391	477.2197292578	0.3949645993	-0.2723812027
68.414	1884	0.1310175735	477.0551310214	0.3949377772	-0.2723611756
68.431	1885	0.1310242493	476.8842742970	0.3949085709	-0.2723400755
68.431	1886	0.1310242493	476.7159209678	0.3948797223	-0.2723176642
68.439	1887	0.1310273487	476.5500710338	0.3948546883	-0.2722969217
68.446	1888	0.1310300905	476.3911054367	0.3948265549	-0.2722722454
68.463	1889	0.1310367662	476.2196228635	0.3947983023	-0.2722492380
68.478	1890	0.1310430843	476.0600314176	0.3947712418	-0.2722248001
68.487	1891	0.1310465414	475.8954331813	0.3947439429	-0.2722023888
68.497	1892	0.1310504753	475.7283315497	0.3947170016	-0.2721781893
68.498	1893	0.1310509521	475.5662367085	0.3946887490	-0.2721443338
68.512	1894	0.1310563166	475.4060194138	0.3946615693	-0.2721120281
68.526	1895	0.1310619194	475.2395436310	0.3946346280	-0.2720796032
68.534	1896	0.1310651380	475.0730678483	0.3946050641	-0.2720450325
68.537	1897	0.1310662109	474.9128505536	0.3945801493	-0.2720133228
68.545	1898	0.1310696680	474.7482523172	0.3945534464	-0.2719785137
68.555	1899	0.1310733635	474.5849057785	0.3945230481	-0.2719444199
68.576	1900	0.1310817081	474.4178041469	0.3944946763	-0.2719103260
68.578	1901	0.1310825426	474.2557093057	0.3944699999	-0.2718777819
68.581	1902	0.1310838539	474.0923627670	0.3944422242	-0.2718434496
68.595	1903	0.1310893375	473.9308937747	0.3944136139	-0.2718105478
68.612	1904	0.1310960133	473.7700506312	0.3943866726	-0.2717758579
68.626	1905	0.1311016161	473.6054523948	0.3943596121	-0.2717553539
68.630	1906	0.1311030466	473.4427317049	0.3943304059	-0.2717274589
68.637	1907	0.1311057884	473.2806368637	0.3943042990	-0.2717033787
68.657	1908	0.1311138946	473.1197937202	0.3942753312	-0.2716752453
68.664	1909	0.1311166365	472.9608281231	0.3942483899	-0.2716510458
68.674	1910	0.1311206896	472.7981074332	0.3942229983	-0.2716260118
68.680	1911	0.1311231930	472.6360125921	0.3941968914	-0.2715994282
68.692	1912	0.1311276037	472.4782986926	0.3941667315	-0.2715723676
68.701	1913	0.1311314184	472.3143263051	0.3941400286	-0.2715460224
68.713	1914	0.1311361868	472.1541090103	0.3941134449	-0.2715186042
68.724	1915	0.1311404783	471.9963951109	0.3940850731	-0.2714929743
68.729	1916	0.1311423857	471.8317968745	0.3940592047	-0.2714632911
68.744	1917	0.1311482269	471.6703278822	0.3940310713	-0.2714369459
68.759	1918	0.1311545450	471.5119881339	0.3940034148	-0.2714098854
68.770	1919	0.1311588366	471.3498932928	0.3939771887	-0.2713821096
68.780	1920	0.1311626513	471.1903018469	0.3939504858	-0.2713524265
68.783	1921	0.1311638433	471.0332137962	0.3939233061	-0.2713207168
68.798	1922	0.1311696846	470.8729965015	0.3938955303	-0.2712906761
68.808	1923	0.1311737377	470.7127792068	0.3938687082	-0.2712631387
68.823	1924	0.1311796982	470.5556911561	0.3938436743	-0.2712329788
68.823	1925	0.1311795790	470.3948480126	0.3938145872	-0.2712071104
68.839	1926	0.1311862547	470.2390116596	0.3937893149	-0.2711785001
68.855	1927	0.1311924536	470.0794202137	0.3937627312	-0.2711508436
68.858	1928	0.1311935265	469.9210804654	0.3937347170	-0.2711198492
68.868	1929	0.1311975796	469.7621148683	0.3937067028	-0.2710936231
68.876	1930	0.1312005598	469.6012717248	0.3936792847	-0.2710569066
68.884	1931	0.1312040169	469.4404285813	0.3936529394	-0.2710180444
68.898	1932	0.1312096197	469.2852180770	0.3936285015	-0.2709833545
68.909	1933	0.1312139112	469.1300075728	0.3936002489	-0.2709543866
68.923	1934	0.1312192757	468.9722936733	0.3935754534	-0.2709185047
68.926	1935	0.1312207062	468.8170831690	0.3935461279	-0.2708791656
68.931	1936	0.1312224943	468.6587434208	0.3935182329	-0.2708430452
68.939	1937	0.1312257130	468.5010295213	0.3934906956	-0.2708082361
68.950	1938	0.1312301237	468.3445673194	0.3934647079	-0.2707715196
68.960	1939	0.1312340576	468.1862275711	0.3934376474	-0.2707373065
68.970	1940	0.1312381107	468.0322687645	0.3934095140	-0.2707005901
68.988	1941	0.1312450249	467.8726773186	0.3933820959	-0.2706649465
68.992	1942	0.1312469322	467.7168409656	0.3933550354	-0.2706295413
69.006	1943	0.1312524159	467.5635080077	0.3933301206	-0.2705962819
69.019	1944	0.1312576611	467.4039165618	0.3933052059	-0.2705708903
69.034	1945	0.1312635023	467.2487060576	0.3932758804	-0.2705456180
69.046	1946	0.1312681515	467.0903663093	0.3932504888	-0.2705228490
69.053	1947	0.1312710125	466.9357816539	0.3932246204	-0.2705010337
69.068	1948	0.1312767345	466.7830745449	0.3931957718	-0.2704756421
69.074	1949	0.1312791187	466.6259864942	0.3931731220	-0.2704584760
69.078	1950	0.1312809069	466.4714018387	0.3931443926	-0.2704401177
69.080	1951	0.1312815029	466.3180688809	0.3931186434	-0.2704191369
69.088	1952	0.1312849600	466.1641100743	0.3930943247	-0.2703930301
69.102	1953	0.1312903244	466.0063961748	0.3930657144	-0.2703689498
69.115	1954	0.1312956888	465.8524373682	0.3930392500	-0.2703499955
69.127	1955	0.1313002188	465.7003561080	0.3930148121	-0.2703330678
69.143	1956	0.1313065369	465.5445197549	0.3929857250	-0.2703099412
69.146	1957	0.1313079674	465.3893092507	0.3929574724	-0.2702838344
69.147	1958	0.1313080866	465.2359762928	0.3929347034	-0.2702579659
69.159	1959	0.1313128550	465.0857725791	0.3929071661	-0.2702365083
69.166	1960	0.1313159544	464.9286845284	0.3928797479	-0.2702118319
69.178	1961	0.1313204844	464.7772291170	0.3928528066	-0.2701914472
69.188	1962	0.1313244183	464.6220186127	0.3928266998	-0.2701684398
69.194	1963	0.1313269217	464.4699373525	0.3928004737	-0.2701440019
69.206	1964	0.1313318092	464.3184819411	0.3927749629	-0.2701205176
69.218	1965	0.1313362200	464.1664006809	0.3927490945	-0.2700947684
69.226	1966	0.1313395578	464.0118160255	0.3927217956	-0.2700718802
69.235	1967	0.1313432533	463.8616123117	0.3926948543	-0.2700492305
69.246	1968	0.1313475449	463.7057759586	0.3926682706	-0.2700210971
69.260	1969	0.1313530285	463.5549463960	0.3926418062	-0.2699934405
69.264	1970	0.1313546974	463.3997358918	0.3926143880	-0.2699703139
69.279	1971	0.1313605387	463.2507838756	0.3925887580	-0.2699425381
69.283	1972	0.1313622076	463.0999543130	0.3925638433	-0.2699177426
69.294	1973	0.1313663799	462.9484989016	0.3925363059	-0.2698922318
69.309	1974	0.1313724596	462.7964176414	0.3925110336	-0.2698671979
69.309	1975	0.1313724596	462.6424588348	0.3924851651	-0.2698413294
69.322	1976	0.1313777048	462.4903775746	0.3924589391	-0.2698161763
69.325	1977	0.1313787777	462.3382963144	0.3924321170	-0.2697906655
69.341	1978	0.1313850958	462.1912218446	0.3924077983	-0.2697668236
69.351	1979	0.1313892681	462.0378888868	0.3923797841	-0.2697431010
69.353	1980	0.1313897450	461.8914402659	0.3923535581	-0.2697180670
69.375	1981	0.1313988049	461.7381073080	0.3923284049	-0.2696927947
69.378	1982	0.1313996393	461.5922845359	0.3923021789	-0.2696696681
69.389	1983	0.1314040501	461.4408291245	0.3922745223	-0.2696465415
69.402	1984	0.1314094145	461.2925029571	0.3922497268	-0.2696216267
69.405	1985	0.1314107258	461.1422992433	0.3922232623	-0.2695963543
69.419	1986	0.1314159710	460.9902179831	0.3921973939	-0.2695743006
69.425	1987	0.1314183552	460.8412659670	0.3921710487	-0.2695526045
69.436	1988	0.1314228851	460.6891847068	0.3921452994	-0.2695315045
69.450	1989	0.1314282496	460.5414843882	0.3921172853	-0.2695077818
69.456	1990	0.1314308722	460.3944099185	0.3920924897	-0.2694832247
69.464	1991	0.1314337332	460.2435803559	0.3920672174	-0.2694621247
69.472	1992	0.1314370711	460.0996351301	0.3920393224	-0.2694400710
69.483	1993	0.1314416010	459.9488055676	0.3920160766	-0.2694149178
69.492	1994	0.1314450581	459.7979760050	0.3919892545	-0.2693931025
69.502	1995	0.1314489920	459.6527790816	0.3919630284	-0.2693686646
69.517	1996	0.1314548332	459.5019495190	0.3919364448	-0.2693449419
69.526	1997	0.1314586479	459.3542492005	0.3919108148	-0.2693216961
69.543	1998	0.1314654429	459.2103039748	0.3918822045	-0.2692979735
69.548	1999	0.1314671118	459.0601002610	0.3918578858	-0.2692732971
69.554	2000	0.1314697344	458.9111482448	0.3918304677	-0.2692512434
69.569	2001	0.1314754564	458.7628220774	0.3918048377	-0.2692293089
69.573	2002	0.1314772446	458.6163734565	0.3917800422	-0.2692068976
69.578	2003	0.1314792711	458.4680472891	0.3917565579	-0.2691840094
69.583	2004	0.1314812977	458.3241020634	0.3917302127	-0.2691492003
69.590	2005	0.1314840395	458.1738983496	0.3917035098	-0.2691260737
69.606	2006	0.1314901192	458.0280755775	0.3916777606	-0.2691023510
69.615	2007	0.1314936955	457.8835045030	0.3916518922	-0.2690731447
69.625	2008	0.1314976294	457.7358041844	0.3916231627	-0.2690409582
69.635	2009	0.1315019209	457.5899814123	0.3915995593	-0.2690084141
69.645	2010	0.1315056164	457.4435327913	0.3915748830	-0.2689763468
69.655	2011	0.1315096695	457.2958324728	0.3915492530	-0.2689430874
69.661	2012	0.1315121729	457.1512613983	0.3915248151	-0.2689085167
69.674	2013	0.1315170605	457.0029352309	0.3915004964	-0.2688752573
69.680	2014	0.1315194447	456.8602417028	0.3914723630	-0.2688443821
69.684	2015	0.1315209944	456.7131672331	0.3914467330	-0.2688124340
69.698	2016	0.1315268357	456.5704737050	0.3914203877	-0.2687795322
69.711	2017	0.1315317232	456.4252767816	0.3913946385	-0.2687430542
69.722	2018	0.1315362532	456.2775764631	0.3913680548	-0.2687091988
69.724	2019	0.1315372069	456.1367604814	0.3913440938	-0.2686782043
69.730	2020	0.1315395910	455.9940669533	0.3913141722	-0.2686430376
69.739	2021	0.1315429289	455.8438632395	0.3912909264	-0.2686118048
69.753	2022	0.1315486510	455.7036731067	0.3912658925	-0.2685780685
69.763	2023	0.1315523464	455.5584761833	0.3912406201	-0.2685476702
69.773	2024	0.1315563996	455.4126534112	0.3912153477	-0.2685171526
69.782	2025	0.1315599758	455.2687081855	0.3911892409	-0.2684834163
69.790	2026	0.1315631945	455.1272663550	0.3911638493	-0.2684465807
69.802	2027	0.1315679629	454.9839469781	0.3911392922	-0.2684118908
69.808	2028	0.1315702278	454.8393759036	0.3911139006	-0.2683738630
69.821	2029	0.1315754730	454.6904238874	0.3910885090	-0.2683389347
69.818	2030	0.1315742810	454.5502337545	0.3910626406	-0.2683017414
69.835	2031	0.1315810759	454.4056626800	0.3910372490	-0.2682682436
69.845	2032	0.1315848906	454.2635950007	0.3910124535	-0.2682365339
69.853	2033	0.1315881092	454.1240307167	0.3909861082	-0.2682010095
69.866	2034	0.1315934736	453.9807113398	0.3909622664	-0.2681681078
69.878	2035	0.1315981228	453.8367661140	0.3909352059	-0.2681329410
69.880	2036	0.1315988381	453.6940725859	0.3909108872	-0.2680962246
69.899	2037	0.1316065867	453.5513790578	0.3908859724	-0.2680585544
69.902	2038	0.1316074211	453.4136923202	0.3908620114	-0.2680221956
69.916	2039	0.1316130240	453.2691212457	0.3908343548	-0.2679909627
69.917	2040	0.1316137392	453.1239243224	0.3908092016	-0.2679528158
69.924	2041	0.1316163618	452.9856117359	0.3907829756	-0.2679152648
69.939	2042	0.1316222031	452.8416665102	0.3907574648	-0.2678836744
69.950	2043	0.1316264946	452.7002246797	0.3907314772	-0.2678446929
69.958	2044	0.1316298325	452.5600345469	0.3907099003	-0.2678064268
69.971	2045	0.1316349585	452.4198444140	0.3906839127	-0.2677655380
69.985	2046	0.1316405613	452.2777767347	0.3906569714	-0.2677273910
69.990	2047	0.1316423495	452.1375866018	0.3906330103	-0.2676893632
69.996	2048	0.1316447336	451.9955189225	0.3906080956	-0.2676495473
70.007	2049	0.1316491444	451.8553287897	0.3905818695	-0.2676098506
70.019	2050	0.1316537936	451.7151386568	0.3905576700	-0.2675709884
70.029	2051	0.1316578467	451.5743226751	0.3905303711	-0.2675327222
70.033	2052	0.1316593964	451.4347583911	0.3905078405	-0.2674948137
70.046	2053	0.1316646416	451.2970716534	0.3904800648	-0.2674565475
70.047	2054	0.1316651184	451.1550039741	0.3904569382	-0.2674174468
70.054	2055	0.1316677410	451.0166913877	0.3904297585	-0.2673814456
70.061	2056	0.1316707213	450.8777529524	0.3904062742	-0.2673463981
70.075	2057	0.1316763241	450.7350594243	0.3903826708	-0.2673088471
70.084	2058	0.1316799004	450.5954951403	0.3903553719	-0.2672742765
70.087	2059	0.1316808541	450.4571825538	0.3903299803	-0.2672369639
70.099	2060	0.1316857416	450.3151148745	0.3903055424	-0.2671998899
70.116	2061	0.1316924174	450.1786798345	0.3902787203	-0.2671677033
70.111	2062	0.1316905100	450.0447481897	0.3902551168	-0.2671348016
70.128	2063	0.1316973049	449.9064356033	0.3902317518	-0.2671152512
70.138	2064	0.1317011196	449.7631162264	0.3902060026	-0.2670763890
70.154	2065	0.1317074377	449.6260553376	0.3901795381	-0.2670374076
70.160	2066	0.1317099411	449.4883685999	0.3901541466	-0.2670045058
70.163	2067	0.1317111332	449.3456750718	0.3901292318	-0.2669670741
70.175	2068	0.1317159016	449.2117434270	0.3901072973	-0.2669342915
70.178	2069	0.1317170937	449.0746825382	0.3900798792	-0.2669004361
70.183	2070	0.1317191202	448.9351182541	0.3900560373	-0.2668692033
70.195	2071	0.1317238886	448.7968056677	0.3900321955	-0.2668343941
70.212	2072	0.1317303259	448.6603706277	0.3900059694	-0.2668011348
70.205	2073	0.1317278225	448.5201804948	0.3899824852	-0.2667663256
70.215	2074	0.1317317564	448.3881263964	0.3899582857	-0.2667317549
70.226	2075	0.1317359288	448.2448070195	0.3899321789	-0.2666962306
70.234	2076	0.1317393858	448.1127529211	0.3899088138	-0.2666720311
70.242	2077	0.1317424853	447.9750661835	0.3898833030	-0.2666440169
70.246	2078	0.1317439158	447.8392569923	0.3898577922	-0.2666198174
70.261	2079	0.1317499955	447.7009444059	0.3898320430	-0.2665938298
70.276	2080	0.1317557175	447.5670127611	0.3898087972	-0.2665665309
70.279	2081	0.1317571480	447.4299518722	0.3897838825	-0.2665463845
70.281	2082	0.1317578633	447.2966460762	0.3897594446	-0.2665219466
70.295	2083	0.1317635853	447.1570817922	0.3897360796	-0.2664989392
70.301	2084	0.1317659695	447.0193950545	0.3897099727	-0.2664768855
70.309	2085	0.1317689497	446.8867151074	0.3896837467	-0.2664511363
70.320	2086	0.1317733605	446.7509059161	0.3896612161	-0.2664293210
70.332	2087	0.1317778904	446.6150967249	0.3896354669	-0.2664317051
70.346	2088	0.1317837317	446.4774099873	0.3896137708	-0.2664617459
70.359	2089	0.1317888577	446.3434783425	0.3895894521	-0.2664472024
70.356	2090	0.1317875464	446.2082950001	0.3895638221	-0.2664354006
70.366	2091	0.1317917187	446.0756150529	0.3895400995	-0.2664213339
70.379	2092	0.1317966063	445.9366766177	0.3895149463	-0.2664038102
70.381	2093	0.1317973215	445.8077517633	0.3894897932	-0.2663875977
70.393	2094	0.1318022091	445.6738201185	0.3894658321	-0.2663698355
70.404	2095	0.1318065007	445.5411401714	0.3894418710	-0.2663561264
70.409	2096	0.1318087656	445.4034534337	0.3894168371	-0.2663420598
70.416	2097	0.1318113882	445.2713993353	0.3893926376	-0.2663262049
70.434	2098	0.1318185408	445.1355901441	0.3893673652	-0.2663109461
70.435	2099	0.1318190176	444.9991551041	0.3893419736	-0.2662946145
70.440	2100	0.1318209250	444.8664751569	0.3893192046	-0.2662805478
70.447	2101	0.1318235476	444.7337952098	0.3892947667	-0.2662629048
70.458	2102	0.1318281968	444.6004894138	0.3892699712	-0.2662452618
70.470	2103	0.1318328459	444.4678094666	0.3892457717	-0.2662274996
70.476	2104	0.1318352301	444.3345036706	0.3892221683	-0.2662017504
70.480	2105	0.1318368990	444.1980686306	0.3891970151	-0.2661756436
70.497	2106	0.1318435748	444.0710213227	0.3891732925	-0.2661458412
70.503	2107	0.1318459589	443.9370896779	0.3891495698	-0.2661203305
70.511	2108	0.1318491776	443.8019063355	0.3891241782	-0.2660893360
70.517	2109	0.1318513234	443.6704780859	0.3890992635	-0.2660622755
70.532	2110	0.1318571646	443.5384239875	0.3890749448	-0.2660309235
70.531	2111	0.1318568070	443.4063698892	0.3890503877	-0.2660038630
70.541	2112	0.1318608601	443.2749416396	0.3890276187	-0.2659773985
70.550	2113	0.1318643172	443.1466426341	0.3890041345	-0.2659456888
70.560	2114	0.1318684895	443.0114592917	0.3889787429	-0.2659139792
70.572	2115	0.1318733771	442.8762759493	0.3889559739	-0.2658803621
70.572	2116	0.1318731387	442.7504803390	0.3889323705	-0.2658467451
70.589	2117	0.1318800528	442.6134194501	0.3889062636	-0.2658207575
70.593	2118	0.1318814833	442.4838687470	0.3888846868	-0.2657950083
70.611	2119	0.1318886359	442.3511887998	0.3888597720	-0.2657742659
70.614	2120	0.1318899472	442.2216380967	0.3888340228	-0.2657398144
70.617	2121	0.1318909008	442.0908356959	0.3888095849	-0.2657146612
70.633	2122	0.1318974574	441.9600332952	0.3887859815	-0.2656958262
70.639	2123	0.1318996031	441.8329859872	0.3887615436	-0.2656749645
70.651	2124	0.1319044907	441.6990543425	0.3887385362	-0.2656511227
70.651	2125	0.1319043715	441.5657485465	0.3887167209	-0.2656282345
70.672	2126	0.1319127161	441.4380753897	0.3886873954	-0.2656052271
70.678	2127	0.1319151003	441.3085246866	0.3886670106	-0.2655843655
70.682	2128	0.1319166501	441.1783481347	0.3886414998	-0.2655587355
70.689	2129	0.1319196303	441.0475457339	0.3886180156	-0.2655382315
70.696	2130	0.1319224913	440.9204984260	0.3885951274	-0.2655158201
70.705	2131	0.1319260676	440.7915735717	0.3885711663	-0.2654949585
70.716	2132	0.1319302399	440.6626487173	0.3885473245	-0.2654717127
70.725	2133	0.1319338162	440.5255878285	0.3885228865	-0.2654473940
70.731	2134	0.1319363196	440.3997922182	0.3884986871	-0.2654221216
70.740	2135	0.1319398959	440.2708673639	0.3884746068	-0.2653995911
70.753	2136	0.1319451411	440.1425683583	0.3884518378	-0.2653625170
70.756	2137	0.1319463332	440.0148952016	0.3884271615	-0.2653296152
70.766	2138	0.1319499094	439.8815894056	0.3884028428	-0.2652969518
70.771	2139	0.1319521744	439.7564196441	0.3883799546	-0.2652664343
70.779	2140	0.1319553931	439.6293723362	0.3883549206	-0.2652326980
70.793	2141	0.1319609959	439.4979440867	0.3883314364	-0.2651934782
70.797	2142	0.1319624264	439.3727743252	0.3883081906	-0.2651604572
70.808	2143	0.1319665987	439.2438494708	0.3882844680	-0.2651255289
70.823	2144	0.1319727976	439.1161763141	0.3882602685	-0.2650951305
70.832	2145	0.1319763739	438.9872514598	0.3882349961	-0.2650747457
70.833	2146	0.1319766123	438.8583266055	0.3882140153	-0.2650418440
70.844	2147	0.1319811423	438.7319051464	0.3881892197	-0.2650098959
70.846	2148	0.1319819767	438.6054836873	0.3881668084	-0.2649778286
70.855	2149	0.1319851954	438.4784363793	0.3881430857	-0.2649462381
70.873	2150	0.1319924672	438.3470081298	0.3881186478	-0.2649152437
70.873	2151	0.1319925864	438.2168315778	0.3880958788	-0.2648849645
70.875	2152	0.1319934208	438.0916618163	0.3880720370	-0.2648573080
70.886	2153	0.1319977124	437.9702471477	0.3880470030	-0.2648258367
70.901	2154	0.1320034344	437.8381930493	0.3880225651	-0.2647947231
70.909	2155	0.1320068915	437.7180300783	0.3880017035	-0.2647646823
70.911	2156	0.1320074875	437.5872276775	0.3879778616	-0.2647313037
70.921	2157	0.1320116599	437.4608062184	0.3879549735	-0.2647012630
70.929	2158	0.1320148785	437.3350106081	0.3879291050	-0.2646712222
70.934	2159	0.1320165474	437.2054599050	0.3879072897	-0.2646428504
70.946	2160	0.1320214350	437.0846710852	0.3878839247	-0.2646101871
70.957	2161	0.1320256073	436.9551203820	0.3878582947	-0.2645791927
70.970	2162	0.1320310910	436.8312023181	0.3878363602	-0.2645491519
70.976	2163	0.1320332367	436.7041550102	0.3878125183	-0.2645144620
70.980	2164	0.1320347865	436.5758560047	0.3877892725	-0.2644863286
70.986	2165	0.1320372899	436.4563188825	0.3877669804	-0.2644533077
70.998	2166	0.1320419390	436.3324008186	0.3877412312	-0.2644205251
71.004	2167	0.1320444424	436.2066052083	0.3877179854	-0.2643897691
71.019	2168	0.1320502837	436.0776803540	0.3876934283	-0.2643580594
71.021	2169	0.1320513566	435.9518847437	0.3876713745	-0.2643277803
71.025	2170	0.1320529063	435.8260891334	0.3876465790	-0.2642954745
71.040	2171	0.1320585091	435.7059261624	0.3876245253	-0.2642649570
71.052	2172	0.1320633967	435.5820080985	0.3876011603	-0.2642300286
71.056	2173	0.1320650656	435.4537090930	0.3875771992	-0.2641964116
71.067	2174	0.1320695956	435.3297910291	0.3875535958	-0.2641635099
71.079	2175	0.1320740063	435.2033695700	0.3875311844	-0.2641331115
71.085	2176	0.1320763905	435.0800773549	0.3875068657	-0.2640974679
71.092	2177	0.1320794900	434.9580368375	0.3874848120	-0.2640636125
71.102	2178	0.1320833046	434.8328670760	0.3874644272	-0.2640324988
71.107	2179	0.1320853312	434.7083231633	0.3874390356	-0.2640006700
71.119	2180	0.1320900996	434.5862826458	0.3874168627	-0.2639674106
71.130	2181	0.1320945103	434.4611128843	0.3873931400	-0.2639355817
71.135	2182	0.1320961793	434.3365689717	0.3873702519	-0.2639020839
71.147	2183	0.1321011860	434.2132767566	0.3873448603	-0.2638694205
71.149	2184	0.1321017821	434.0856035999	0.3873229258	-0.2638385453
71.156	2185	0.1321045239	433.9666923265	0.3873000376	-0.2638052859
71.163	2186	0.1321073849	433.8434001114	0.3872772686	-0.2637740531
71.166	2187	0.1321084578	433.7226112916	0.3872525923	-0.2637401976
71.179	2188	0.1321138222	433.5980673789	0.3872304194	-0.2637064614
71.181	2189	0.1321144183	433.4735234662	0.3872058622	-0.2636732020
71.193	2190	0.1321194251	433.3527346464	0.3871850006	-0.2636382737
71.196	2191	0.1321204979	433.2325716753	0.3871625893	-0.2636072793
71.210	2192	0.1321262200	433.1048985186	0.3871362440	-0.2635744967
71.212	2193	0.1321270545	432.9878647916	0.3871146671	-0.2635452904
71.217	2194	0.1321289618	432.8626950301	0.3870908253	-0.2635142960
71.238	2195	0.1321370680	432.7406545127	0.3870687715	-0.2634844937
71.250	2196	0.1321419556	432.6179881464	0.3870434992	-0.2634563603
71.258	2197	0.1321452935	432.5003285706	0.3870216839	-0.2634263196
71.266	2198	0.1321482737	432.3745329603	0.3869987957	-0.2633947291
71.277	2199	0.1321525652	432.2499890476	0.3869767420	-0.2633571782
71.280	2200	0.1321539958	432.1310777742	0.3869518272	-0.2633315482
71.282	2201	0.1321547110	432.0115406520	0.3869281046	-0.2633003153
71.290	2202	0.1321578105	431.8863708905	0.3869076006	-0.2632705130
71.299	2203	0.1321615059	431.7643303731	0.3868836395	-0.2632416644
71.310	2204	0.1321656783	431.6447932508	0.3868617050	-0.2632143654
71.314	2205	0.1321671088	431.5240044310	0.3868372671	-0.2631869473
71.325	2206	0.1321716387	431.4032156112	0.3868141405	-0.2631577410
71.330	2207	0.1321737845	431.2818009425	0.3867910139	-0.2631299653
71.344	2208	0.1321791489	431.1610121227	0.3867694370	-0.2631018319
71.351	2209	0.1321820099	431.0421008493	0.3867467872	-0.2630747713
71.365	2210	0.1321873744	430.9206861806	0.3867253296	-0.2630381741
71.368	2211	0.1321885665	430.8011490584	0.3866993419	-0.2630130209
71.371	2212	0.1321898778	430.6797343898	0.3866772882	-0.2629881062
71.374	2213	0.1321911891	430.5583197211	0.3866559498	-0.2629617609
71.386	2214	0.1321958382	430.4381567501	0.3866323463	-0.2629391112
71.393	2215	0.1321986992	430.3217488719	0.3866092197	-0.2629175343
71.413	2216	0.1322066863	430.1978308080	0.3865857355	-0.2628884472
71.412	2217	0.1322060902	430.0789195346	0.3865647546	-0.2628566183
71.416	2218	0.1322077592	429.9612599588	0.3865428201	-0.2628271736
71.439	2219	0.1322168191	429.8398452902	0.3865186206	-0.2627985634
71.444	2220	0.1322187264	429.7209340168	0.3864958517	-0.2627691187
71.454	2221	0.1322228987	429.6032744410	0.3864733211	-0.2627432503
71.458	2222	0.1322243292	429.4862407140	0.3864519826	-0.2627116598
71.456	2223	0.1322233756	429.3642001965	0.3864288560	-0.2626793541
71.464	2224	0.1322267134	429.2440372255	0.3864050142	-0.2626444258
71.470	2225	0.1322292168	429.1263776497	0.3863835565	-0.2626148619
71.480	2226	0.1322330315	429.0093439227	0.3863599531	-0.2625843443
71.482	2227	0.1322338660	428.8873034052	0.3863371841	-0.2625562109
71.498	2228	0.1322400649	428.7671404342	0.3863128654	-0.2625271238
71.505	2229	0.1322431643	428.6513584048	0.3862909309	-0.2625019707
71.513	2230	0.1322461445	428.5343246778	0.3862698308	-0.2624765791
71.529	2231	0.1322525818	428.4160392532	0.3862462274	-0.2624491610
71.533	2232	0.1322541316	428.2946245846	0.3862234584	-0.2624224581
71.546	2233	0.1322591384	428.1775908576	0.3862003318	-0.2623948015
71.549	2234	0.1322604497	428.0593054330	0.3861787549	-0.2623676218
71.560	2235	0.1322647412	427.9397683108	0.3861563436	-0.2623382963
71.570	2236	0.1322686751	427.8246121302	0.3861334554	-0.2623121895
71.572	2237	0.1322693904	427.7100817984	0.3861096135	-0.2622856058
71.577	2238	0.1322716553	427.5905446762	0.3860870830	-0.2622566379
71.588	2239	0.1322758277	427.4691300076	0.3860653869	-0.2622293390
71.599	2240	0.1322803576	427.3539738270	0.3860417835	-0.2622000135
71.603	2241	0.1322819073	427.2344367048	0.3860186569	-0.2621733106
71.619	2242	0.1322882254	427.1211580706	0.3859985105	-0.2621448196
71.620	2243	0.1322887023	427.0016209484	0.3859758607	-0.2621203817
71.623	2244	0.1322898944	426.8864647678	0.3859521381	-0.2620908178
71.635	2245	0.1322946627	426.7688051920	0.3859312764	-0.2620655454
71.646	2246	0.1322988351	426.6523973139	0.3859080306	-0.2620357431
71.642	2247	0.1322972853	426.5347377381	0.3858857385	-0.2620076097
71.656	2248	0.1323030074	426.4152006158	0.3858632079	-0.2619803108
71.660	2249	0.1323043187	426.2987927377	0.3858394853	-0.2619538463
71.676	2250	0.1323107560	426.1836365571	0.3858176700	-0.2619242824
71.685	2251	0.1323142131	426.0666028301	0.3857974044	-0.2618949569
71.693	2252	0.1323174317	425.9514466495	0.3857738010	-0.2618670620
71.694	2253	0.1323180278	425.8356646201	0.3857512704	-0.2618419088
71.693	2254	0.1323174317	425.7129982539	0.3857311240	-0.2618140138
71.710	2255	0.1323241074	425.6022230150	0.3857078782	-0.2617788471
71.710	2256	0.1323241074	425.4858151368	0.3856865398	-0.2617520250
71.721	2257	0.1323283990	425.3737882002	0.3856640092	-0.2617200769
71.724	2258	0.1323297103	425.2555027756	0.3856401673	-0.2616900362
71.736	2259	0.1323343594	425.1428499903	0.3856179944	-0.2616562999
71.746	2260	0.1323384125	425.0251904145	0.3855951062	-0.2616266168
71.754	2261	0.1323415120	424.9119117804	0.3855729333	-0.2615938343
71.767	2262	0.1323467572	424.7942522046	0.3855498067	-0.2615648664
71.776	2263	0.1323502143	424.6797218728	0.3855279914	-0.2615326799
71.783	2264	0.1323533137	424.5639398434	0.3855067721	-0.2615021623
71.786	2265	0.1323545058	424.4494095117	0.3854842416	-0.2614703334
71.797	2266	0.1323586781	424.3361308775	0.3854629031	-0.2614399351
71.805	2267	0.1323620160	424.2216005457	0.3854413262	-0.2614057220
71.801	2268	0.1323603471	424.1058185164	0.3854168883	-0.2613724626
71.810	2269	0.1323636849	423.9869072429	0.3853944770	-0.2613418258
71.820	2270	0.1323676188	423.8780095505	0.3853730193	-0.2613126195
71.831	2271	0.1323720296	423.7597241258	0.3853500119	-0.2612798370
71.838	2272	0.1323747714	423.6470713405	0.3853280774	-0.2612538493
71.835	2273	0.1323736985	423.5331668576	0.3853041163	-0.2612229741
71.851	2274	0.1323802550	423.4261467115	0.3852833739	-0.2611918605
71.860	2275	0.1323834737	423.3072354381	0.3852628699	-0.2611662305
71.866	2276	0.1323859771	423.1952085015	0.3852391473	-0.2611341632
71.873	2277	0.1323887189	423.0825557162	0.3852188817	-0.2611047185
71.885	2278	0.1323934872	422.9680253844	0.3851948014	-0.2610742009
71.897	2279	0.1323984940	422.8541209015	0.3851722708	-0.2610443986
71.904	2280	0.1324011166	422.7377130233	0.3851509324	-0.2610155500
71.920	2281	0.1324073155	422.6238085403	0.3851297131	-0.2609862245
71.918	2282	0.1324066003	422.5149108478	0.3851087323	-0.2609566606
71.914	2283	0.1324050505	422.4022580625	0.3850870362	-0.2609249509
71.933	2284	0.1324124415	422.2858501843	0.3850621215	-0.2608981288
71.934	2285	0.1324130376	422.1750749454	0.3850425711	-0.2608673728
71.942	2286	0.1324160178	422.0592929160	0.3850208750	-0.2608400739
71.953	2287	0.1324205477	421.9485176771	0.3849982253	-0.2608096755
71.959	2288	0.1324226935	421.8371165894	0.3849767676	-0.2607801116
71.974	2289	0.1324290116	421.7263413505	0.3849550715	-0.2607569850
71.982	2290	0.1324321111	421.6086817747	0.3849332562	-0.2607417262
71.991	2291	0.1324354489	421.4947772917	0.3849108449	-0.2607206262
71.995	2292	0.1324371178	421.3833762040	0.3848896256	-0.2606858170
71.989	2293	0.1324348529	421.2732268139	0.3848674527	-0.2606552995
72.004	2294	0.1324405749	421.1643291214	0.3848448029	-0.2606274045
72.013	2295	0.1324442704	421.0523021848	0.3848225108	-0.2606020129
72.021	2296	0.1324472506	420.9402752483	0.3848023644	-0.2605762637
72.027	2297	0.1324499924	420.8238673701	0.3847812644	-0.2605482495
72.048	2298	0.1324582179	420.7168472240	0.3847589722	-0.2605217851
72.054	2299	0.1324604829	420.6029427411	0.3847346535	-0.2604955590
72.053	2300	0.1324601252	420.4934191998	0.3847118845	-0.2604692138
72.058	2301	0.1324619134	420.3820181121	0.3846900692	-0.2604454911
72.063	2302	0.1324639399	420.2706170243	0.3846684924	-0.2604196227
72.075	2303	0.1324688275	420.1567125414	0.3846484652	-0.2603880322
72.081	2304	0.1324713309	420.0459373025	0.3846261731	-0.2603544152
72.090	2305	0.1324747880	419.9351620635	0.3846050730	-0.2603241360
72.095	2306	0.1324766953	419.8250126734	0.3845834961	-0.2602912343
72.109	2307	0.1324824174	419.7123598881	0.3845604887	-0.2602590478
72.113	2308	0.1324838479	419.6028363468	0.3845390311	-0.2602269805
72.130	2309	0.1324905236	419.4951903519	0.3845163813	-0.2601944363
72.136	2310	0.1324929078	419.3837892642	0.3844951620	-0.2601655877
72.135	2311	0.1324927886	419.2748915717	0.3844732275	-0.2601341164
72.136	2312	0.1324931462	419.1616129375	0.3844510546	-0.2601025260
72.152	2313	0.1324992259	419.0520893962	0.3844313851	-0.2600715315
72.161	2314	0.1325030406	418.9413141573	0.3844096890	-0.2600420868
72.163	2315	0.1325037558	418.8317906160	0.3843879929	-0.2600115693
72.170	2316	0.1325063784	418.7260221676	0.3843655815	-0.2599808133
72.179	2317	0.1325099547	418.6133693822	0.3843448391	-0.2599564946
72.182	2318	0.1325112660	418.5076009338	0.3843199244	-0.2599295533
72.182	2319	0.1325113852	418.3955739972	0.3843004933	-0.2599041617
72.198	2320	0.1325177033	418.2873021535	0.3842784395	-0.2598775780
72.206	2321	0.1325205643	418.1727718218	0.3842565050	-0.2598512328
72.226	2322	0.1325286706	418.0676292221	0.3842354050	-0.2598247683
72.239	2323	0.1325337966	417.9562281344	0.3842144241	-0.2598010456
72.236	2324	0.1325327237	417.8504596859	0.3841924896	-0.2597742236
72.240	2325	0.1325341542	417.7396844470	0.3841718664	-0.2597526467
72.255	2326	0.1325401147	417.6301609057	0.3841508856	-0.2597249901
72.261	2327	0.1325426181	417.5250183061	0.3841310968	-0.2597012675
72.268	2328	0.1325454791	417.4148689160	0.3841083279	-0.2596751606
72.278	2329	0.1325491746	417.3078487699	0.3840868702	-0.2596528685
72.279	2330	0.1325496514	417.1983252286	0.3840652933	-0.2596273577
72.285	2331	0.1325521548	417.0900533849	0.3840434780	-0.2596035158
72.300	2332	0.1325581153	416.9792781460	0.3840252390	-0.2595781243
72.299	2333	0.1325575192	416.8710063023	0.3839992514	-0.2595560705
72.310	2334	0.1325619300	416.7614827610	0.3839813700	-0.2595316326
72.319	2335	0.1325656255	416.6563401613	0.3839580049	-0.2595079100
72.321	2336	0.1325661023	416.5468166200	0.3839370241	-0.2594808495
72.326	2337	0.1325682481	416.4404223228	0.3839149704	-0.2594551003
72.332	2338	0.1325705130	416.3340280255	0.3838937511	-0.2594310200
72.338	2339	0.1325731356	416.2282595771	0.3838722935	-0.2594025290
72.342	2340	0.1325745662	416.1199877334	0.3838509550	-0.2593765413
72.358	2341	0.1325807650	416.0104641921	0.3838310470	-0.2593472159
72.361	2342	0.1325820763	415.9040698948	0.3838106623	-0.2593164599
72.364	2343	0.1325831492	415.7976755975	0.3837868204	-0.2592867767
72.364	2344	0.1325832684	415.6900296026	0.3837656011	-0.2592603123
72.382	2345	0.1325903018	415.5811319102	0.3837433090	-0.2592332518
72.388	2346	0.1325929244	415.4753634617	0.3837228050	-0.2592113173
72.396	2347	0.1325959046	415.3664657692	0.3837021818	-0.2591853296
72.394	2348	0.1325951894	415.2650782624	0.3836779823	-0.2591592228
72.407	2349	0.1326005538	415.1574322675	0.3836573591	-0.2591262018
72.423	2350	0.1326067527	415.0497862726	0.3836378088	-0.2591116583
72.429	2351	0.1326090176	414.9421402778	0.3836180200	-0.2590903198
72.428	2352	0.1326086600	414.8376235269	0.3835957279	-0.2590712463
72.434	2353	0.1326110442	414.7331067761	0.3835748663	-0.2590531265
72.441	2354	0.1326136668	414.6223315371	0.3835538854	-0.2590308344
72.452	2355	0.1326183160	414.5221957280	0.3835333814	-0.2590152180
72.452	2356	0.1326181968	414.4145497331	0.3835127582	-0.2589981710
72.465	2357	0.1326233228	414.3106588310	0.3834901085	-0.2589785015
72.478	2358	0.1326284488	414.2030128362	0.3834691276	-0.2589579975
72.488	2359	0.1326326211	414.0978702365	0.3834491005	-0.2589380895
72.497	2360	0.1326358397	413.9946051833	0.3834258546	-0.2589171087
72.512	2361	0.1326420386	413.8900884324	0.3834073772	-0.2588980352
72.512	2362	0.1326418002	413.7780614959	0.3833844890	-0.2588795578
72.519	2363	0.1326448996	413.6754222915	0.3833642234	-0.2588596498
72.519	2364	0.1326446612	413.5727830871	0.3833430042	-0.2588426029
72.538	2365	0.1326521714	413.4651370922	0.3833211889	-0.2588207876
72.538	2366	0.1326524098	413.3624978878	0.3833017578	-0.2588032638
72.534	2367	0.1326508601	413.2561035905	0.3832819690	-0.2587826406
72.549	2368	0.1326568206	413.1534643861	0.3832613458	-0.2587640440
72.556	2369	0.1326594432	413.0464442400	0.3832381000	-0.2587444936
72.567	2370	0.1326638539	412.9413016403	0.3832170000	-0.2587257778
72.570	2371	0.1326649268	412.8405399824	0.3831981649	-0.2587076580
72.579	2372	0.1326685031	412.7328939875	0.3831753959	-0.2586883461
72.580	2373	0.1326688607	412.6283772366	0.3831562032	-0.2586705839
72.593	2374	0.1326738675	412.5282414274	0.3831341495	-0.2586535370
72.603	2375	0.1326779206	412.4237246766	0.3831134071	-0.2586312448
72.607	2376	0.1326795896	412.3204596234	0.3830929031	-0.2586101448
72.613	2377	0.1326819737	412.2134394773	0.3830721607	-0.2585914289
72.624	2378	0.1326863845	412.1089227264	0.3830518951	-0.2585735475
72.620	2379	0.1326847156	412.0069093708	0.3830318679	-0.2585575735
72.630	2380	0.1326888879	411.9036443176	0.3830099334	-0.2585386192
72.639	2381	0.1326923449	411.7997534156	0.3829906215	-0.2585194265
72.644	2382	0.1326942523	411.6977400600	0.3829680909	-0.2584958231
72.651	2383	0.1326969941	411.5907199139	0.3829483022	-0.2584766304
72.666	2384	0.1327030738	411.4893324071	0.3829266061	-0.2584586298
72.667	2385	0.1327034314	411.3873190515	0.3829059829	-0.2584419405
72.678	2386	0.1327076037	411.2840539982	0.3828864326	-0.2584251319
72.691	2387	0.1327128489	411.1839181890	0.3828658094	-0.2584067737
72.690	2388	0.1327126105	411.0762721942	0.3828439941	-0.2583724414
72.707	2389	0.1327191670	410.9773880826	0.3753640875	-0.2583432352
72.704	2390	0.1327182134	410.8741230294	0.3828022708	-0.2583097373
72.704	2391	0.1327179749	410.7721096737	0.3827805747	-0.2582830345
72.717	2392	0.1327233394	410.6663412253	0.3827592363	-0.2582562124
72.729	2393	0.1327279885	410.5618244744	0.3827375402	-0.2582285558
72.730	2394	0.1327284654	410.4635662117	0.3827195396	-0.2582024490
72.739	2395	0.1327320416	410.3590494608	0.3826984395	-0.2581755077
72.748	2396	0.1327353795	410.2576619540	0.3826775779	-0.2581443940
72.756	2397	0.1327384789	410.1569002960	0.3826568355	-0.2581182872
72.762	2398	0.1327411015	410.0573903356	0.3826374044	-0.2580917035
72.766	2399	0.1327425321	409.9547511312	0.3826159467	-0.2580673848
72.770	2400	0.1327440818	409.8489826828	0.3825956811	-0.2580421125
72.779	2401	0.1327477773	409.7475951760	0.3825745811	-0.2580136215
72.793	2402	0.1327532609	409.6487110644	0.3825550307	-0.2579825078
72.791	2403	0.1327525456	409.5454460112	0.3825327386	-0.2579522287
72.799	2404	0.1327555259	409.4459360508	0.3825128306	-0.2579240953
72.810	2405	0.1327601750	409.3439226952	0.3824919690	-0.2579009687
72.818	2406	0.1327632745	409.2387800955	0.3824699153	-0.2578783189
72.824	2407	0.1327655395	409.1373925887	0.3824519147	-0.2578510200
72.827	2408	0.1327667315	409.0372567795	0.3824317683	-0.2578230058
72.833	2409	0.1327689965	408.9408760632	0.3824120988	-0.2577979718
72.846	2410	0.1327741225	408.8338559171	0.3823930253	-0.2577731763
72.853	2411	0.1327768643	408.7393527472	0.3823729981	-0.2577499305
72.853	2412	0.1327772220	408.6348359963	0.3823496331	-0.2577258502
72.861	2413	0.1327803214	408.5347001871	0.3823291291	-0.2576985513
72.872	2414	0.1327847322	408.4333126803	0.3823085059	-0.2576716100
72.870	2415	0.1327838977	408.3350544176	0.3822880019	-0.2576455031
72.870	2416	0.1327837785	408.2361703060	0.3822678555	-0.2576170121
72.877	2417	0.1327864011	408.1316535551	0.3822469939	-0.2575868522
72.889	2418	0.1327914079	408.0327694436	0.3822257747	-0.2575620566
72.902	2419	0.1327966531	407.9320077856	0.3822068204	-0.2575321351
72.901	2420	0.1327960570	407.8350012204	0.3821848859	-0.2575084125
72.910	2421	0.1327996333	407.7329878648	0.3821648587	-0.2574839745
72.910	2422	0.1327995141	407.6353554508	0.3821451892	-0.2574527417
72.924	2423	0.1328053554	407.5352196416	0.3821267117	-0.2574269925
72.926	2424	0.1328060706	407.4363355301	0.3821057309	-0.2573989783
72.943	2425	0.1328125079	407.3349480233	0.3820857037	-0.2573698912
72.949	2426	0.1328148921	407.2348122141	0.3820661534	-0.2573433076
72.949	2427	0.1328151305	407.1378056489	0.3820454110	-0.2573187505
72.961	2428	0.1328198989	407.0351664445	0.3820232381	-0.2572900210
72.970	2429	0.1328233560	406.9387857281	0.3820059527	-0.2572630797
72.972	2430	0.1328240712	406.8361465237	0.3819836606	-0.2572370921
72.980	2431	0.1328271707	406.7391399586	0.3819651831	-0.2572095547
72.982	2432	0.1328280051	406.6358749053	0.3819407452	-0.2571823750
72.991	2433	0.1328315814	406.5419975842	0.3819260825	-0.2571531687
72.990	2434	0.1328313430	406.4431134726	0.3819049824	-0.2571275387
73.013	2435	0.1328402837	406.3404742682	0.3818832863	-0.2570972596
73.010	2436	0.1328390916	406.2422160055	0.3818598021	-0.2570700799
73.027	2437	0.1328460057	406.1445835915	0.3818426360	-0.2570458804
73.029	2438	0.1328468402	406.0456994799	0.3818246354	-0.2570200120
73.034	2439	0.1328487475	405.9449378219	0.3818024624	-0.2569943820
73.038	2440	0.1328504165	405.8498088032	0.3817826737	-0.2569800768
73.047	2441	0.1328537543	405.7484212964	0.3817633618	-0.2569571887
73.054	2442	0.1328567346	405.6514147312	0.3817414273	-0.2569224988
73.056	2443	0.1328573306	405.5519047708	0.3817210425	-0.2568957959
73.063	2444	0.1328600724	405.4567757521	0.3817000617	-0.2568708811
73.066	2445	0.1328613837	405.3547623965	0.3816805113	-0.2568425093
73.071	2446	0.1328632911	405.2596333778	0.3816617955	-0.2567976866
73.084	2447	0.1328685363	405.1607492662	0.3816427220	-0.2567558442
73.079	2448	0.1328667481	405.0649943987	0.3816220988	-0.2567242537
73.094	2449	0.1328725894	404.9679878335	0.3816021908	-0.2566883717
73.101	2450	0.1328753312	404.8672261755	0.3815809716	-0.2566539202
73.102	2451	0.1328758081	404.7752264008	0.3815604676	-0.2566142235
73.116	2452	0.1328810533	404.6757164404	0.3815411557	-0.2565659438
73.120	2453	0.1328827222	404.5805874217	0.3815210093	-0.2565194521
73.128	2454	0.1328860601	404.4829550077	0.3815016974	-0.2564762984
73.130	2455	0.1328866561	404.3859484426	0.3814801205	-0.2564363632
73.142	2456	0.1328915437	404.2845609358	0.3814605702	-0.2564038191
73.143	2457	0.1328920205	404.1925611611	0.3814404238	-0.2563618574
73.148	2458	0.1328939279	404.0955545959	0.3814201582	-0.2563238297
73.151	2459	0.1328952392	403.9966704843	0.3813996542	-0.2562854443
73.159	2460	0.1328982194	403.8996639192	0.3813802231	-0.2562452707
73.167	2461	0.1329014381	403.8026573540	0.3813590039	-0.2562011633
73.171	2462	0.1329029878	403.7069024865	0.3813371886	-0.2561507378
73.182	2463	0.1329075177	403.6111476190	0.3813204993	-0.2561180744
73.195	2464	0.1329125245	403.5128893562	0.3813003529	-0.2560782585
73.205	2465	0.1329164584	403.4177603375	0.3812822331	-0.2560442839
73.206	2466	0.1329166968	403.3232571675	0.3812617291	-0.2560081635
73.212	2467	0.1329192002	403.2256247536	0.3812417019	-0.2559696588
73.220	2468	0.1329225381	403.1273664908	0.3812215555	-0.2559290085
73.233	2469	0.1329276641	403.0328633209	0.3812014092	-0.2558871660
73.237	2470	0.1329289754	402.9371084533	0.3811826933	-0.2558481846
73.242	2471	0.1329310020	402.8407277370	0.3811620701	-0.2558087263
73.244	2472	0.1329320748	402.7474762647	0.3811434735	-0.2557705793
73.254	2473	0.1329358895	402.6504696995	0.3811264265	-0.2557400617
73.265	2474	0.1329400619	402.5547148320	0.3811050881	-0.2556960735
73.277	2475	0.1329451879	402.4614633597	0.3810849417	-0.2556537542
73.286	2476	0.1329485257	402.3638309457	0.3810631264	-0.2556145344
73.293	2477	0.1329513867	402.2724570198	0.3810441721	-0.2555704269
73.295	2478	0.1329521020	402.1716953618	0.3810241449	-0.2555278692
73.295	2479	0.1329519828	402.0771921919	0.3810037602	-0.2554854307
73.301	2480	0.1329544862	401.9801856268	0.3809850443	-0.2554450187
73.319	2481	0.1329616387	401.8863083056	0.3809656132	-0.2554078254
73.312	2482	0.1329590161	401.7943085309	0.3809448708	-0.2553659830
73.316	2483	0.1329605659	401.7023087563	0.3809272278	-0.2553258094
73.331	2484	0.1329664071	401.6053021911	0.3809051741	-0.2552852783
73.345	2485	0.1329717715	401.5076697771	0.3808868158	-0.2552437934
73.348	2486	0.1329729636	401.4125407584	0.3808676231	-0.2552037391
73.359	2487	0.1329774936	401.3211668325	0.3808455694	-0.2551614198
73.362	2488	0.1329785665	401.2247861162	0.3808260191	-0.2551200542
73.368	2489	0.1329809507	401.1321604927	0.3808064688	-0.2550771388
73.374	2490	0.1329833348	401.0370314739	0.3807870377	-0.2550363693
73.382	2491	0.1329865535	400.9456575480	0.3807664144	-0.2549935731
73.381	2492	0.1329863151	400.8517802269	0.3807465065	-0.2549506578
73.391	2493	0.1329900106	400.7579029058	0.3807285059	-0.2549103650
73.402	2494	0.1329946597	400.6615221895	0.3807062138	-0.2548673305
73.404	2495	0.1329951366	400.5670190195	0.3806890476	-0.2548269185
73.414	2496	0.1329994281	400.4712641520	0.3806697357	-0.2547832879
73.429	2497	0.1330051501	400.3811419237	0.3806498278	-0.2547458562
73.426	2498	0.1330041965	400.2853870562	0.3806330192	-0.2547061595
73.434	2499	0.1330071767	400.1921355839	0.3806138265	-0.2546715888
73.439	2500	0.1330089648	400.1007616580	0.3805921305	-0.2546363029
73.435	2501	0.1330076535	400.0093877321	0.3805736530	-0.2546051892
73.442	2502	0.1330105146	399.9155104110	0.3805533874	-0.2545730027
73.444	2503	0.1330111106	399.8191296946	0.3805338371	-0.2545378360
73.443	2504	0.1330108722	399.7233748271	0.3805161941	-0.2545067224
73.450	2505	0.1330136140	399.6326267500	0.3804948557	-0.2544787082
73.458	2506	0.1330168327	399.5431303706	0.3804748285	-0.2544429454
73.479	2507	0.1330248197	399.4492530494	0.3804575432	-0.2544111165
73.479	2508	0.1330251773	399.3534981819	0.3804365623	-0.2543778571
73.490	2509	0.1330293496	399.2614984072	0.3804170120	-0.2543400678
73.492	2510	0.1330299457	399.1676210861	0.3803953159	-0.2543094310
73.502	2511	0.1330339988	399.0756213114	0.3803777921	-0.2542780789
73.507	2512	0.1330361446	398.9848732343	0.3803596723	-0.2542392167
73.516	2513	0.1330394824	398.8897442156	0.3803397644	-0.2542009505
73.525	2514	0.1330430587	398.8008736849	0.3803217638	-0.2541669759
73.528	2515	0.1330443700	398.7082480614	0.3803016174	-0.2541358622
73.536	2516	0.1330475886	398.6137448915	0.3802836168	-0.2540980729
73.549	2517	0.1330528339	398.5179900240	0.3802633512	-0.2540573033
73.552	2518	0.1330540260	398.4291194933	0.3802445161	-0.2540199908
73.561	2519	0.1330574830	398.3377455674	0.3802261579	-0.2539862546
73.559	2520	0.1330567678	398.2457457927	0.3802043426	-0.2539471539
73.564	2521	0.1330585559	398.1537460180	0.3801852691	-0.2539110335
73.572	2522	0.1330616553	398.0604945457	0.3801659572	-0.2538745555
73.577	2523	0.1330638011	397.9722498639	0.3801478374	-0.2538370045
73.582	2524	0.1330658277	397.8808759380	0.3801288831	-0.2537971886
73.594	2525	0.1330707153	397.7920054073	0.3801087368	-0.2537566575
73.594	2526	0.1330704768	397.6943729934	0.3800887096	-0.2537208947
73.610	2527	0.1330766757	397.6042507651	0.3800705898	-0.2536844166
73.618	2528	0.1330801328	397.5109992928	0.3800500858	-0.2536460312
73.617	2529	0.1330795367	397.4221287621	0.3800312507	-0.2536106261
73.625	2530	0.1330826362	397.3345099291	0.3800130117	-0.2535710486
73.635	2531	0.1330866893	397.2406326080	0.3799935806	-0.2535331400
73.641	2532	0.1330893119	397.1511362285	0.3799741495	-0.2534951123
73.642	2533	0.1330895503	397.0572589074	0.3799547183	-0.2534570845
73.654	2534	0.1330944379	396.9658849815	0.3799380290	-0.2534179839
73.665	2535	0.1330986102	396.8807695437	0.3799153793	-0.2533830555
73.666	2536	0.1330990871	396.7856405250	0.3798985708	-0.2533474120
73.672	2537	0.1331015905	396.7005250871	0.3798804510	-0.2533216627
73.674	2538	0.1331021865	396.6060219172	0.3798588741	-0.2532888802
73.684	2539	0.1331063588	396.5133962937	0.3798408735	-0.2532379778
73.687	2540	0.1331073125	396.4245257631	0.3798214424	-0.2532025727
73.692	2541	0.1331093391	396.3362810812	0.3798035610	-0.2531644257
73.695	2542	0.1331105312	396.2455330041	0.3797841298	-0.2531267555
73.697	2543	0.1331112464	396.1566624735	0.3797645795	-0.2530919464
73.705	2544	0.1331144651	396.0652885476	0.3797466981	-0.2530563028
73.709	2545	0.1331162532	395.9751663193	0.3797284591	-0.2530247124
73.717	2546	0.1331193526	395.8819148470	0.3797081935	-0.2529827507
73.719	2547	0.1331201871	395.7936701652	0.3796891200	-0.2529407890
73.726	2548	0.1331228097	395.7073030297	0.3796711194	-0.2529060991
73.731	2549	0.1331247171	395.6153032550	0.3796535957	-0.2528655680
73.739	2550	0.1331279357	395.5289361196	0.3796342838	-0.2528277786
73.752	2551	0.1331331809	395.4381880425	0.3796143758	-0.2527873667
73.754	2552	0.1331338962	395.3505692095	0.3795953023	-0.2527533920
73.763	2553	0.1331375917	395.2566918884	0.3795763480	-0.2527203711
73.765	2554	0.1331381877	395.1709506018	0.3795546519	-0.2526829393
73.775	2555	0.1331421216	395.0814542223	0.3795359361	-0.2526431234
73.774	2556	0.1331420024	394.9919578428	0.3795188892	-0.2526066454
73.787	2557	0.1331470092	394.9012097657	0.3795007693	-0.2525689752
73.803	2558	0.1331534465	394.8085841422	0.3794806230	-0.2525311859
73.803	2559	0.1331533273	394.7240945532	0.3794615495	-0.2524991186
73.808	2560	0.1331553539	394.6345981738	0.3794424760	-0.2524676473
73.820	2561	0.1331598838	394.5457276431	0.3794259059	-0.2524297388
73.832	2562	0.1331646522	394.4612380541	0.3794051635	-0.2523934992
73.825	2563	0.1331619104	394.3673607330	0.3793884742	-0.2523561866
73.836	2564	0.1331663211	394.2853745392	0.3793696391	-0.2523217352
73.841	2565	0.1331682285	394.1927489157	0.3793511617	-0.2522820385
73.844	2566	0.1331695398	394.1032525363	0.3793300616	-0.2522469909
73.859	2567	0.1331755002	394.0162595520	0.3793128955	-0.2522088440
73.867	2568	0.1331788381	393.9323958118	0.3792922723	-0.2521747501
73.867	2569	0.1331785997	393.8410218859	0.3792751061	-0.2521375568
73.870	2570	0.1331799110	393.7521513553	0.3792559135	-0.2520948799
73.874	2571	0.1331814607	393.6657842198	0.3792360055	-0.2520581634
73.886	2572	0.1331863483	393.5775395380	0.3792199122	-0.2520225198
73.886	2573	0.1331859906	393.4943016466	0.3791983354	-0.2519866378
73.897	2574	0.1331905206	393.4023018719	0.3791821229	-0.2519476564
73.909	2575	0.1331952890	393.3134313413	0.3791623342	-0.2519124896
73.913	2576	0.1331969579	393.2264383570	0.3791430222	-0.2518803031
73.925	2577	0.1332014879	393.1419487680	0.3791251409	-0.2518415601
73.922	2578	0.1332002958	393.0562074814	0.3791069018	-0.2518049629
73.922	2579	0.1332005342	392.9667111019	0.3790879476	-0.2517726571
73.943	2580	0.1332087596	392.8790922689	0.3790685164	-0.2517385633
73.944	2581	0.1332092365	392.7908475870	0.3790499198	-0.2517007739
73.958	2582	0.1332148393	392.7051063004	0.3790332305	-0.2516636998
73.962	2583	0.1332162698	392.6174874674	0.3790151107	-0.2516261489
73.969	2584	0.1332191308	392.5304944831	0.3789963948	-0.2515933664
73.971	2585	0.1332197269	392.4472565918	0.3789768445	-0.2515566499
73.961	2586	0.1332159122	392.3571343635	0.3789562213	-0.2515183837
73.971	2587	0.1332199653	392.2682638328	0.3789402472	-0.2514896543
73.976	2588	0.1332219919	392.1837742438	0.3789211737	-0.2514648587
73.985	2589	0.1332254489	392.1005363524	0.3789007890	-0.2514400632
73.995	2590	0.1332291444	392.0104141242	0.3788842189	-0.2514138372
74.001	2591	0.1332315286	391.9271762328	0.3788645493	-0.2513885648
73.997	2592	0.1332299789	391.8376798533	0.3788471448	-0.2513557822
74.008	2593	0.1332343896	391.7519385667	0.3788280713	-0.2513207347
74.021	2594	0.1332396348	391.6624421872	0.3788110244	-0.2512896211
74.017	2595	0.1332380851	391.5798301446	0.3787892091	-0.2512552888
74.029	2596	0.1332429727	391.4928371604	0.3787725198	-0.2512188108
74.029	2597	0.1332429727	391.4083475714	0.3787555920	-0.2511810214
74.038	2598	0.1332463105	391.3244838312	0.3787356841	-0.2511456162
74.051	2599	0.1332514365	391.2368649982	0.3787183987	-0.2511135489
74.050	2600	0.1332510789	391.1492461651	0.3787005173	-0.2510806472
74.054	2601	0.1332526286	391.0666341225	0.3786801325	-0.2510469109
74.060	2602	0.1332552512	390.9808928359	0.3786648738	-0.2510085256
74.064	2603	0.1332565625	390.8945257005	0.3786452042	-0.2509696633
74.065	2604	0.1332569202	390.8112878091	0.3786258923	-0.2509334237
74.073	2605	0.1332602580	390.7224172784	0.3786094414	-0.2508958728
74.081	2606	0.1332633575	390.6404310847	0.3785903679	-0.2508545071
74.086	2607	0.1332655032	390.5559414957	0.3785721289	-0.2508188636
74.093	2608	0.1332682451	390.4683226626	0.3785521018	-0.2507850081
74.097	2609	0.1332695564	390.3832072248	0.3785360085	-0.2507525832
74.105	2610	0.1332727750	390.2968400894	0.3785182463	-0.2507088334
74.108	2611	0.1332739671	390.2167314420	0.3784992920	-0.2506740243
74.118	2612	0.1332779010	390.1303643066	0.3784821259	-0.2506368310
74.122	2613	0.1332796891	390.0439971712	0.3784634100	-0.2506016642
74.123	2614	0.1332799276	389.9595075822	0.3784451710	-0.2505648285
74.128	2615	0.1332819541	389.8700112027	0.3784259783	-0.2505295426
74.137	2616	0.1332856496	389.7924059506	0.3784075009	-0.2504937798
74.140	2617	0.1332868417	389.7054129663	0.3783905732	-0.2504563481
74.145	2618	0.1332888683	389.6253043190	0.3783722149	-0.2504218966
74.153	2619	0.1332919677	389.5389371836	0.3783531414	-0.2503864914
74.154	2620	0.1332923253	389.4513183505	0.3783341872	-0.2503534705
74.169	2621	0.1332984050	389.3699580055	0.3783176171	-0.2503234297
74.178	2622	0.1333016237	389.2873459630	0.3782989012	-0.2502890974
74.182	2623	0.1333035310	389.2022305251	0.3782799469	-0.2502511889
74.183	2624	0.1333037694	389.1183667850	0.3782638537	-0.2502182871
74.185	2625	0.1333046039	389.0376322888	0.3782439457	-0.2501795441
74.192	2626	0.1333072265	388.9512651534	0.3782266604	-0.2501473576
74.197	2627	0.1333091338	388.8667755644	0.3782103287	-0.2501279265
74.204	2628	0.1333119949	388.7810342777	0.3781925665	-0.2501044422
74.207	2629	0.1333131870	388.6990480840	0.3781732546	-0.2500864416
74.221	2630	0.1333189090	388.6158101926	0.3781540619	-0.2500671297
74.230	2631	0.1333224853	388.5338239988	0.3781352269	-0.2500472218
74.229	2632	0.1333221277	388.4462051658	0.3781168686	-0.2500271946
74.246	2633	0.1333286842	388.3629672744	0.3781017290	-0.2500025183
74.253	2634	0.1333316644	388.2759742901	0.3780849205	-0.2499822527
74.262	2635	0.1333350023	388.2002465844	0.3780666815	-0.2499672323
74.267	2636	0.1333369096	388.1163828442	0.3780470120	-0.2499491125
74.275	2637	0.1333401283	388.0350224993	0.3780300843	-0.2499382645
74.273	2638	0.1333395322	387.9517846079	0.3780086266	-0.2499264628
74.282	2639	0.1333431085	387.8685467165	0.3779925333	-0.2499189526
74.291	2640	0.1333466848	387.7834312787	0.3779736983	-0.2499127537
74.301	2641	0.1333504995	387.7014450849	0.3779574858	-0.2499076277
74.302	2642	0.1333509763	387.6169554959	0.3779369818	-0.2499030977
74.304	2643	0.1333515724	387.5380985462	0.3779214846	-0.2498982102
74.312	2644	0.1333549102	387.4504797131	0.3779034840	-0.2498973757
74.310	2645	0.1333541950	387.3716227634	0.3778861986	-0.2498985678
74.326	2646	0.1333603938	387.2890107208	0.3778662907	-0.2499046475
74.330	2647	0.1333618244	387.2089020734	0.3778509127	-0.2499110848
74.340	2648	0.1333657583	387.1269158797	0.3778320776	-0.2499234825
74.342	2649	0.1333665927	387.0430521395	0.3778140770	-0.2499267012
74.352	2650	0.1333705266	386.9623176433	0.3777977453	-0.2499137074
74.351	2651	0.1333701690	386.8797056007	0.3777789103	-0.2499078661
74.360	2652	0.1333737453	386.7995969534	0.3777623402	-0.2499032170
74.356	2653	0.1333723148	386.7138556667	0.3777438627	-0.2498968989
74.363	2654	0.1333750566	386.6343728682	0.3777269350	-0.2498910576
74.365	2655	0.1333757718	386.5523866744	0.3777070271	-0.2498814017
74.373	2656	0.1333789905	386.4704004807	0.3776898609	-0.2498718649
74.380	2657	0.1333819707	386.3909176821	0.3776710259	-0.2498611361
74.395	2658	0.1333878120	386.3083056395	0.3776536213	-0.2498513609
74.395	2659	0.1333878120	386.2275711434	0.3776352631	-0.2498361021
74.402	2660	0.1333904346	386.1455849496	0.3776163088	-0.2498271614
74.412	2661	0.1333944877	386.0686055463	0.3776003347	-0.2498114258
74.414	2662	0.1333953222	385.9841159573	0.3775836454	-0.2498030811
74.418	2663	0.1333969911	385.9058848563	0.3775642143	-0.2497861534
74.421	2664	0.1333979448	385.8264020578	0.3775471674	-0.2497683912
74.436	2665	0.1334037860	385.7387832247	0.3775311933	-0.2497520596
74.437	2666	0.1334045013	385.6605521238	0.3775123583	-0.2497368008
74.448	2667	0.1334086736	385.5791917789	0.3774949537	-0.2497182041
74.450	2668	0.1334093889	385.4990831315	0.3774745689	-0.2497040182
74.462	2669	0.1334142764	385.4152193913	0.3774584757	-0.2496862560
74.473	2670	0.1334184488	385.3388658368	0.3774401174	-0.2496707588
74.471	2671	0.1334178527	385.2568796430	0.3774250971	-0.2496543079
74.471	2672	0.1334176143	385.1755192980	0.3774076925	-0.2496344000
74.475	2673	0.1334195217	385.0966623483	0.3773895727	-0.2496160418
74.479	2674	0.1334208330	385.0127986081	0.3773688303	-0.2495999485
74.492	2675	0.1334260782	384.9333158096	0.3773529754	-0.2495794445
74.491	2676	0.1334257205	384.8557105574	0.3773352133	-0.2495596558
74.497	2677	0.1334279855	384.7768536077	0.3773182855	-0.2495418936
74.504	2678	0.1334308465	384.6979966580	0.3773010002	-0.2495231777
74.514	2679	0.1334347804	384.6185138594	0.3772834764	-0.2495081573
74.516	2680	0.1334357341	384.5315208752	0.3772654758	-0.2494871765
74.514	2681	0.1334347804	384.4532897743	0.3772480713	-0.2494627386
74.520	2682	0.1334371646	384.3763103709	0.3772311435	-0.2494474798
74.531	2683	0.1334415754	384.2974534212	0.3772124277	-0.2494220882
74.536	2684	0.1334434827	384.2160930762	0.3771929966	-0.2493963390
74.540	2685	0.1334452709	384.1347327313	0.3771765457	-0.2493775040
74.545	2686	0.1334469398	384.0571274791	0.3771608101	-0.2493570000
74.548	2687	0.1334481319	383.9801480758	0.3771426902	-0.2493400722
74.546	2688	0.1334474166	383.9037945213	0.3771265970	-0.2493219524
74.556	2689	0.1334514697	383.8199307811	0.3771096693	-0.2492996603
74.562	2690	0.1334539731	383.7442030754	0.3770917879	-0.2492761761
74.558	2691	0.1334524234	383.6603393352	0.3770731912	-0.2492559105
74.560	2692	0.1334530195	383.5827340831	0.3770561443	-0.2492356449
74.574	2693	0.1334585031	383.5045029822	0.3770381437	-0.2492187172
74.585	2694	0.1334630330	383.4281494277	0.3770212160	-0.2491960674
74.592	2695	0.1334655364	383.3442856875	0.3770017849	-0.2491713911
74.597	2696	0.1334678014	383.2698096794	0.3769862877	-0.2491535097
74.605	2697	0.1334707817	383.1903268808	0.3769669757	-0.2491319328
74.600	2698	0.1334688743	383.1077148382	0.3769532667	-0.2491094022
74.605	2699	0.1334710201	383.0288578885	0.3769346700	-0.2490919977
74.614	2700	0.1334742387	382.9568852757	0.3768788801	-0.2490710169
74.610	2701	0.1334726890	382.8755249307	0.3769003377	-0.2490548044
74.625	2702	0.1334787687	382.7991713762	0.3768832908	-0.2490335851
74.623	2703	0.1334778150	382.7215661241	0.3768649326	-0.2490122467
74.631	2704	0.1334810337	382.6383282327	0.3768497930	-0.2489918619
74.642	2705	0.1334856828	382.5626005270	0.3768315540	-0.2489706426
74.648	2706	0.1334878286	382.4900020653	0.3768152223	-0.2489512115
74.644	2707	0.1334861597	382.4086417203	0.3767965065	-0.2489340454
74.648	2708	0.1334879478	382.3316623170	0.3767791019	-0.2489117532
74.667	2709	0.1334955772	382.2515536697	0.3767630086	-0.2488877922
74.666	2710	0.1334949811	382.1689416271	0.3767453657	-0.2488633543
74.677	2711	0.1334993919	382.0975948630	0.3767296300	-0.2488423734
74.673	2712	0.1334977230	382.0193637621	0.3767105565	-0.2488241344
74.682	2713	0.1335015377	381.9430102076	0.3766943441	-0.2488007694
74.694	2714	0.1335061868	381.8622757114	0.3766768203	-0.2487800270
74.696	2715	0.1335070213	381.7877997033	0.3766590581	-0.2487588077
74.696	2716	0.1335069021	381.7120719976	0.3766434417	-0.2487331777
74.698	2717	0.1335078557	381.6300858039	0.3766277061	-0.2487130313
74.705	2718	0.1335103591	381.5556097958	0.3766086326	-0.2486903816
74.717	2719	0.1335151275	381.4780045437	0.3765908704	-0.2486663013
74.724	2720	0.1335179885	381.4041543844	0.3765754924	-0.2486424594
74.734	2721	0.1335218032	381.3271749811	0.3765562997	-0.2486205249
74.729	2722	0.1335201343	381.2476921825	0.3765397296	-0.2485932260
74.738	2723	0.1335235914	381.1700869304	0.3765224443	-0.2485695033
74.742	2724	0.1335249027	381.0949850735	0.3765053973	-0.2485457807
74.744	2725	0.1335257371	381.0192573678	0.3764884696	-0.2485233693
74.757	2726	0.1335312208	380.9372711740	0.3764723764	-0.2485014348
74.755	2727	0.1335303863	380.8602917707	0.3764548526	-0.2484825998
74.760	2728	0.1335321744	380.7889450067	0.3764379249	-0.2484553008
74.776	2729	0.1335383733	380.7132173010	0.3764214740	-0.2484313398
74.772	2730	0.1335369428	380.6337345024	0.3764038310	-0.2484129815
74.785	2731	0.1335420688	380.5580067967	0.3763867841	-0.2483852058
74.790	2732	0.1335439762	380.4847824862	0.3763702140	-0.2483604102
74.795	2733	0.1335462411	380.4103064782	0.3763536439	-0.2483384757
74.799	2734	0.1335476716	380.3314495284	0.3763374315	-0.2483102231
74.807	2735	0.1335510095	380.2575993691	0.3763206229	-0.2482906728
74.810	2736	0.1335520824	380.1774907218	0.3763027415	-0.2482600360
74.813	2737	0.1335530361	380.1005113185	0.3762868867	-0.2482358365
74.823	2738	0.1335573276	380.0297904032	0.3762680516	-0.2482116370
74.823	2739	0.1335573276	379.9503076047	0.3762529121	-0.2481888681
74.832	2740	0.1335609039	379.8789608406	0.3762349115	-0.2481690793
74.841	2741	0.1335642417	379.8038589837	0.3762183414	-0.2481495290
74.851	2742	0.1335684141	379.7231244876	0.3762009368	-0.2481318860
74.846	2743	0.1335663875	379.6461450843	0.3761843667	-0.2481062560
74.853	2744	0.1335690101	379.5747983202	0.3761664853	-0.2480811029
74.857	2745	0.1335706790	379.4965672193	0.3761512265	-0.2480604796
74.861	2746	0.1335721096	379.4202136648	0.3761317954	-0.2480418830
74.867	2747	0.1335746129	379.3444859591	0.3761174903	-0.2480151801
74.871	2748	0.1335762819	379.2737650438	0.3761012778	-0.2479862123
74.872	2749	0.1335764011	379.1986631869	0.3760833964	-0.2479646354
74.881	2750	0.1335800966	379.1248130277	0.3760680184	-0.2479413896
74.885	2751	0.1335816463	379.0465819267	0.3760500178	-0.2479149251
74.889	2752	0.1335834344	378.9746093139	0.3760335670	-0.2478922753
74.893	2753	0.1335849842	378.8963782130	0.3760154471	-0.2478706984
74.893	2754	0.1335848649	378.8219022049	0.3759989963	-0.2478469758
74.899	2755	0.1335871299	378.7511812896	0.3759850488	-0.2478262334
74.909	2756	0.1335911830	378.6698209447	0.3759654984	-0.2478035836
74.916	2757	0.1335938056	378.6003517270	0.3759526238	-0.2477804570
74.923	2758	0.1335966667	378.5202430797	0.3759335504	-0.2477620988
74.925	2759	0.1335973819	378.4501480132	0.3759176955	-0.2477471976
74.930	2760	0.1335996469	378.3775495516	0.3759011254	-0.2477290778
74.938	2761	0.1336028656	378.2986926018	0.3758825288	-0.2477024941
74.942	2762	0.1336044153	378.2235907449	0.3758664355	-0.2477009444
74.951	2763	0.1336079916	378.1541215273	0.3758499846	-0.2476817517
74.953	2764	0.1336084684	378.0790196704	0.3758332953	-0.2476544528
74.963	2765	0.1336125215	378.0089246040	0.3758155332	-0.2476288228
74.967	2766	0.1336143096	377.9331968983	0.3758008704	-0.2476089148
74.976	2767	0.1336178859	377.8587208902	0.3757699952	-0.2475905566
74.973	2768	0.1336164554	377.7836190333	0.3757664189	-0.2475654034
74.979	2769	0.1336187204	377.7091430252	0.3757487759	-0.2475408463
74.982	2770	0.1336201509	377.6390479588	0.3757322059	-0.2475179581
74.987	2771	0.1336221775	377.5626944043	0.3757163510	-0.2474974541
75.004	2772	0.1336286148	377.4869666986	0.3757009730	-0.2474774270
75.007	2773	0.1336298069	377.4143682369	0.3756838069	-0.2474557309
75.008	2774	0.1336305221	377.3398922288	0.3756674752	-0.2474347500
75.023	2775	0.1336363634	377.2647903719	0.3756528125	-0.2474148421
75.017	2776	0.1336338600	377.1940694567	0.3756370768	-0.2473945765
75.024	2777	0.1336366018	377.1202192974	0.3756188378	-0.2473758607
75.027	2778	0.1336380323	377.0469949870	0.3756014333	-0.2473583369
75.035	2779	0.1336408933	376.9756482229	0.3755830750	-0.2473369984
75.047	2780	0.1336459001	376.9011722148	0.3755678162	-0.2473163752
75.047	2781	0.1336460193	376.8248186603	0.3755511269	-0.2472940831
75.048	2782	0.1336461385	376.7559752915	0.3755361066	-0.2472759633
75.055	2783	0.1336491188	376.6814992834	0.3755183444	-0.2472558169
75.063	2784	0.1336522182	376.6107783682	0.3755020127	-0.2472326903
75.070	2785	0.1336548408	376.5356765113	0.3754869923	-0.2472150473
75.066	2786	0.1336531719	376.4637038984	0.3754711375	-0.2471934704
75.074	2787	0.1336566289	376.3936088320	0.3754538521	-0.2471733241
75.077	2788	0.1336577018	376.3178811263	0.3754383549	-0.2471510319
75.083	2789	0.1336602052	376.2446568158	0.3754221425	-0.2471274285
75.091	2790	0.1336633047	376.1745617494	0.3754040227	-0.2471056132
75.102	2791	0.1336674770	376.0994598925	0.3753866181	-0.2470836787
75.107	2792	0.1336697420	376.0281131284	0.3753712401	-0.2470643668
75.110	2793	0.1336709341	375.9567663644	0.3753557429	-0.2470410017
75.119	2794	0.1336742719	375.8822903563	0.3753397688	-0.2470202593
75.115	2795	0.1336728414	375.8103177434	0.3753229603	-0.2469977288
75.120	2796	0.1336746295	375.7414743746	0.3753061518	-0.2469767479
75.131	2797	0.1336792787	375.6676242153	0.3752897009	-0.2469567208
75.135	2798	0.1336807092	375.6000325441	0.3752747998	-0.2469397930
75.140	2799	0.1336824974	375.5236789896	0.3752589449	-0.2469177393
75.143	2800	0.1336836895	375.4535839232	0.3752427325	-0.2468975930
75.153	2801	0.1336876234	375.3797337639	0.3752265200	-0.2468776850
75.144	2802	0.1336841663	375.3102645463	0.3752082810	-0.2468590884
75.152	2803	0.1336875042	375.2357885382	0.3751921877	-0.2468410877
75.158	2804	0.1336898883	375.1663193206	0.3751777634	-0.2468232064
75.167	2805	0.1336934646	375.0905916149	0.3751620278	-0.2468011526
75.164	2806	0.1336920341	375.0236257925	0.3751459345	-0.2467893509
75.173	2807	0.1336956104	374.9478980868	0.3751273379	-0.2467657475
75.176	2808	0.1336970409	374.8809322644	0.3751099333	-0.2467452435
75.179	2809	0.1336982330	374.8083338027	0.3750938401	-0.2467255739
75.183	2810	0.1336997827	374.7376128875	0.3750781044	-0.2467054276
75.183	2811	0.1336997827	374.6625110306	0.3750617728	-0.2466865925
75.188	2812	0.1337014516	374.5905384177	0.3750462756	-0.2466656117
75.190	2813	0.1337024053	374.5273276882	0.3750312552	-0.2466514258
75.203	2814	0.1337077697	374.4515999825	0.3750132546	-0.2466310410
75.207	2815	0.1337092002	374.3796273696	0.3749983534	-0.2466085104
75.210	2816	0.1337105115	374.3107840008	0.3749822602	-0.2465832380
75.216	2817	0.1337125381	374.2369338415	0.3749649748	-0.2465655951
75.219	2818	0.1337139686	374.1668387751	0.3749484047	-0.2465403227
75.229	2819	0.1337180217	374.0992471039	0.3749332651	-0.2465177921
75.239	2820	0.1337218364	374.0260227934	0.3749164566	-0.2464937119
75.242	2821	0.1337230285	373.9546760294	0.3749020323	-0.2464715389
75.251	2822	0.1337266048	373.8808258701	0.3748846278	-0.2464494852
75.258	2823	0.1337293466	373.8132341989	0.3748677000	-0.2464291004
75.256	2824	0.1337285122	373.7418874348	0.3748530373	-0.2464046625
75.260	2825	0.1337300619	373.6767991589	0.3748369440	-0.2463836817
75.263	2826	0.1337313732	373.6060782436	0.3748220429	-0.2463618664
75.263	2827	0.1337314924	373.5309763867	0.3748059496	-0.2463393358
75.274	2828	0.1337356647	373.4633847155	0.3747871145	-0.2463182358
75.283	2829	0.1337391218	373.3926638003	0.3747744784	-0.2462980894
75.288	2830	0.1337412675	373.3225687338	0.3747562393	-0.2462755588
75.295	2831	0.1337440094	373.2530995162	0.3747418150	-0.2462557701
75.298	2832	0.1337453207	373.1798752057	0.3747258410	-0.2462475447
75.301	2833	0.1337463935	373.1122835345	0.3747112974	-0.2462161926
75.309	2834	0.1337496122	373.0415626193	0.3746943697	-0.2461874632
75.317	2835	0.1337528308	372.9714675529	0.3746792301	-0.2461667208
75.319	2836	0.1337535461	372.9007466376	0.3746621832	-0.2461466936
75.319	2837	0.1337534269	372.8325291176	0.3746469244	-0.2461283354
75.325	2838	0.1337558111	372.7611823536	0.3746307120	-0.2461077122
75.327	2839	0.1337566455	372.6935906824	0.3746117577	-0.2460867313
75.337	2840	0.1337606987	372.6259990112	0.3745988831	-0.2460636047
75.337	2841	0.1337608179	372.5571556423	0.3745826706	-0.2460403589
75.352	2842	0.1337666591	372.4839313319	0.3745682463	-0.2460180668
75.352	2843	0.1337666591	372.4169655095	0.3745501265	-0.2459929136
75.359	2844	0.1337694009	372.3437411990	0.3745341524	-0.2459724096
75.369	2845	0.1337733348	372.2774012254	0.3745184168	-0.2459484485
75.368	2846	0.1337727388	372.2079320078	0.3745019659	-0.2459290174
75.379	2847	0.1337772688	372.1359593949	0.3744849190	-0.2459176925
75.374	2848	0.1337753614	372.0677418749	0.3744714483	-0.2458906320
75.380	2849	0.1337775072	372.0007760525	0.3744564280	-0.2458626178
75.388	2850	0.1337809642	371.9269258932	0.3744393810	-0.2458357958
75.398	2851	0.1337848981	371.8605859197	0.3744229301	-0.2458092121
75.406	2852	0.1337877592	371.7854840628	0.3744083866	-0.2457889465
75.407	2853	0.1337882360	371.7222733332	0.3743924126	-0.2457689193
75.406	2854	0.1337877592	371.6509265692	0.3743760809	-0.2457474617
75.409	2855	0.1337891897	371.5839607468	0.3743577227	-0.2457226661
75.413	2856	0.1337906202	371.5157432268	0.3743462786	-0.2457015661
75.420	2857	0.1337934812	371.4450223115	0.3743303045	-0.2456809429
75.421	2858	0.1337939581	371.3768047915	0.3743132576	-0.2456566242
75.429	2859	0.1337970575	371.3123423643	0.3742990717	-0.2456355241
75.440	2860	0.1338013490	371.2422472979	0.3742817863	-0.2456113246
75.444	2861	0.1338031372	371.1740297779	0.3742671236	-0.2455915359
75.442	2862	0.1338021835	371.1095673507	0.3742495998	-0.2455719856
75.452	2863	0.1338062366	371.0388464355	0.3742343410	-0.2455530313
75.465	2864	0.1338113626	370.9668738226	0.3742192015	-0.2455324081
75.456	2865	0.1338079055	370.9017855466	0.3742047771	-0.2455120233
75.468	2866	0.1338123163	370.8310646314	0.3741888031	-0.2454898504
75.478	2867	0.1338162502	370.7653505066	0.3741721138	-0.2454706577
75.482	2868	0.1338181575	370.6946295914	0.3741562590	-0.2454478887
75.484	2869	0.1338189920	370.6270379202	0.3741414770	-0.2454352525
75.489	2870	0.1338206609	370.5613237954	0.3741262182	-0.2454174903
75.493	2871	0.1338224491	370.4924804266	0.3741104826	-0.2453981784
75.494	2872	0.1338226875	370.4242629066	0.3740951046	-0.2453755287
75.505	2873	0.1338269790	370.3598004794	0.3740785345	-0.2453541902
75.512	2874	0.1338298401	370.2890795642	0.3740647062	-0.2453336862
75.514	2875	0.1338305553	370.2233654394	0.3740471824	-0.2453125861
75.524	2876	0.1338347276	370.1507669777	0.3740324005	-0.2452899364
75.528	2877	0.1338360389	370.0838011553	0.3740158304	-0.2452714589
75.530	2878	0.1338368734	370.0205904258	0.3740000948	-0.2452507165
75.530	2879	0.1338371118	369.9479919641	0.3739857897	-0.2452293781
75.539	2880	0.1338404497	369.8860329322	0.3739686235	-0.2452080396
75.550	2881	0.1338450988	369.8178154122	0.3739541992	-0.2451869395
75.555	2882	0.1338467678	369.7458427993	0.3739365562	-0.2451694158
75.554	2883	0.1338466486	369.6782511281	0.3739207014	-0.2451493886
75.557	2884	0.1338477214	369.6125370033	0.3739041313	-0.2451282886
75.559	2885	0.1338486751	369.5487004250	0.3738904222	-0.2451070693
75.570	2886	0.1338528474	369.4792312073	0.3738774284	-0.2450857309
75.569	2887	0.1338526090	369.4128912337	0.3738607391	-0.2450651076
75.579	2888	0.1338565429	369.3484288066	0.3738447651	-0.2450451997
75.580	2889	0.1338566621	369.2745786473	0.3738286718	-0.2450251725
75.586	2890	0.1338592848	369.2132454642	0.3738153204	-0.2450015691
75.589	2891	0.1338602384	369.1431503977	0.3737988695	-0.2449815419
75.602	2892	0.1338656028	369.0749328777	0.3737825378	-0.2449618724
75.605	2893	0.1338666757	369.0104704505	0.3737679943	-0.2449420837
75.607	2894	0.1338673910	368.9410012329	0.3737511858	-0.2449232486
75.612	2895	0.1338696560	368.8771646546	0.3737386688	-0.2448996451
75.611	2896	0.1338689407	368.8064437393	0.3737215026	-0.2448820022
75.609	2897	0.1338684639	368.7438588586	0.3737069591	-0.2448612598
75.620	2898	0.1338725170	368.6762671874	0.3736921772	-0.2448412326
75.618	2899	0.1338718017	368.6105530626	0.3736763223	-0.2448216823
75.629	2900	0.1338760933	368.5460906354	0.3736602291	-0.2447980788
75.639	2901	0.1338801464	368.4772472666	0.3736442550	-0.2447782901
75.640	2902	0.1338805040	368.4127848394	0.3736287578	-0.2447580245
75.640	2903	0.1338803848	368.3439414706	0.3736155256	-0.2447372821
75.643	2904	0.1338818153	368.2819824387	0.3735982402	-0.2447192815
75.651	2905	0.1338850340	368.2081322794	0.3735831007	-0.2446993735
75.655	2906	0.1338864645	368.1493024915	0.3735671266	-0.2446791079
75.649	2907	0.1338841995	368.0785815763	0.3735532983	-0.2446583655
75.659	2908	0.1338882526	368.0159966955	0.3735370859	-0.2446406033
75.665	2909	0.1338905176	367.9465274779	0.3735212310	-0.2446224835
75.672	2910	0.1338930210	367.8814392019	0.3735062107	-0.2446005490
75.675	2911	0.1338944515	367.8132216819	0.3734919055	-0.2445790913
75.676	2912	0.1338948091	367.7506368012	0.3734767660	-0.2445598986
75.689	2913	0.1338998159	367.6880519204	0.3734607919	-0.2445486930
75.701	2914	0.1339047035	367.6179568540	0.3734449371	-0.2446324971
75.711	2915	0.1339085182	367.5528685780	0.3734302743	-0.2446634915
75.704	2916	0.1339060148	367.4852769068	0.3734156116	-0.2445901778
75.710	2917	0.1339082798	367.4220661773	0.3733983262	-0.2445714620
75.710	2918	0.1339083990	367.3576037501	0.3733853324	-0.2445502427
75.716	2919	0.1339106640	367.2937671717	0.3733707889	-0.2445384410
75.718	2920	0.1339112600	367.2255496517	0.3733533843	-0.2445243743
75.733	2921	0.1339172205	367.1585838293	0.3733397945	-0.2445122149
75.744	2922	0.1339218696	367.0928697045	0.3733227475	-0.2444976714
75.740	2923	0.1339200815	367.0271555798	0.3733080848	-0.2444830087
75.746	2924	0.1339224657	366.9658223966	0.3732925876	-0.2444713261
75.749	2925	0.1339236578	366.8969790278	0.3732775672	-0.2444601205
75.753	2926	0.1339250883	366.8381492399	0.3732627853	-0.2444454577
75.760	2927	0.1339281877	366.7705575687	0.3732468112	-0.2444304374
75.759	2928	0.1339277109	366.7023400487	0.3732316716	-0.2444224503
75.766	2929	0.1339303335	366.6378776215	0.3732162936	-0.2444087413
75.769	2930	0.1339315256	366.5715376479	0.3732023462	-0.2443925288
75.768	2931	0.1339310487	366.5064493720	0.3731868489	-0.2443791774
75.770	2932	0.1339321216	366.4463678864	0.3731705173	-0.2443653491
75.773	2933	0.1339333137	366.3781503664	0.3731545432	-0.2443537858
75.777	2934	0.1339346250	366.3143137881	0.3731410726	-0.2443400767
75.786	2935	0.1339382013	366.2460962681	0.3731249793	-0.2443270829
75.793	2936	0.1339413007	366.1835113873	0.3731122239	-0.2443148043
75.803	2937	0.1339451154	366.1190489602	0.3730945810	-0.2443092015
75.811	2938	0.1339480957	366.0508314401	0.3730814679	-0.2442963269
75.809	2939	0.1339476188	365.9901241058	0.3730664476	-0.2442829755
75.807	2940	0.1339465460	365.9256616787	0.3730508311	-0.2442736771
75.809	2941	0.1339473804	365.8624509491	0.3730360492	-0.2442647364
75.816	2942	0.1339501222	365.8011177660	0.3730192407	-0.2442518618
75.816	2943	0.1339502414	365.7341519436	0.3730042203	-0.2442437556
75.822	2944	0.1339523872	365.6690636676	0.3729909881	-0.2442307618
75.831	2945	0.1339563211	365.6039753916	0.3729768022	-0.2442190793
75.837	2946	0.1339587053	365.5420163597	0.3729607089	-0.2442082312
75.844	2947	0.1339610895	365.4794314789	0.3729459270	-0.2442000058
75.844	2948	0.1339612087	365.4149690518	0.3729316218	-0.2442323115
75.853	2949	0.1339650234	365.3480032294	0.3729150518	-0.2442176488
75.858	2950	0.1339666923	365.2860441974	0.3729012235	-0.2442057278
75.858	2951	0.1339668115	365.2203300727	0.3728864415	-0.2441930916
75.861	2952	0.1339680036	365.1571193431	0.3728709443	-0.2441797402
75.861	2953	0.1339678844	365.0914052183	0.3728581889	-0.2441681769
75.869	2954	0.1339709839	365.0288203376	0.3728404267	-0.2441563752
75.870	2955	0.1339716991	364.9656096080	0.3728263600	-0.2441424277
75.874	2956	0.1339731296	364.9023988785	0.3728114589	-0.2441264536
75.886	2957	0.1339777788	364.8416915442	0.3727960809	-0.2441138175
75.886	2958	0.1339778980	364.7740998730	0.3727824910	-0.2441013005
75.894	2959	0.1339812359	364.7127666898	0.3727659209	-0.2440873530
75.898	2960	0.1339825472	364.6495559603	0.3727530463	-0.2440737631
75.899	2961	0.1339831432	364.5863452307	0.3727386220	-0.2440581467
75.906	2962	0.1339857658	364.5218828036	0.3727228864	-0.2440428879
75.911	2963	0.1339879116	364.4561686788	0.3727076276	-0.2440267947
75.918	2964	0.1339906534	364.3954613444	0.3726911767	-0.2440157082
75.921	2965	0.1339917263	364.3328764637	0.3726797326	-0.2440030720
75.924	2966	0.1339927992	364.2696657342	0.3726641162	-0.2439919856
75.928	2967	0.1339947065	364.2033257606	0.3726464732	-0.2439899590
75.931	2968	0.1339957794	364.1419925774	0.3726338370	-0.2439798262
75.931	2969	0.1339957794	364.0775301503	0.3726172669	-0.2439633753
75.932	2970	0.1339960178	364.0149452695	0.3726040347	-0.2439464476
75.937	2971	0.1339979252	363.9529862376	0.3725880607	-0.2439274933
75.944	2972	0.1340006670	363.8891496592	0.3725749476	-0.2439141419
75.945	2973	0.1340011438	363.8259389297	0.3725612386	-0.2438987639
75.953	2974	0.1340042433	363.7664832930	0.3725439532	-0.2438826706
75.958	2975	0.1340065082	363.7020208658	0.3725302441	-0.2438714650
75.966	2976	0.1340096077	363.6381842874	0.3725128396	-0.2438559678
75.959	2977	0.1340069851	363.5749735579	0.3724996074	-0.2438413050
75.970	2978	0.1340111574	363.5167696188	0.3724851830	-0.2438256886
75.972	2979	0.1340117534	363.4516813428	0.3724711163	-0.2438124564
75.976	2980	0.1340135416	363.3834638228	0.3724562152	-0.2437967207
75.981	2981	0.1340153297	363.3227564885	0.3724419101	-0.2437858727
75.983	2982	0.1340161642	363.2639267006	0.3724260552	-0.2437689450
75.989	2983	0.1340186676	363.2019676687	0.3724102004	-0.2437552359
75.995	2984	0.1340210518	363.1400086367	0.3723970874	-0.2437412884
75.998	2985	0.1340223631	363.0755462095	0.3723827822	-0.2437274601
76.008	2986	0.1340261778	363.0154647240	0.3723666890	-0.2437157776
76.006	2987	0.1340255817	362.9528798433	0.3723523839	-0.2437023070
76.013	2988	0.1340282043	362.8896691137	0.3723392709	-0.2436854985
76.016	2989	0.1340293964	362.8283359306	0.3723225815	-0.2436723854
76.025	2990	0.1340328535	362.7644993522	0.3723093493	-0.2436565306
76.027	2991	0.1340338072	362.7037920179	0.3722930176	-0.2436469939
76.035	2992	0.1340370258	362.6412071372	0.3722803815	-0.2435988333
76.034	2993	0.1340366682	362.5786222564	0.3722646458	-0.2435984757
76.043	2994	0.1340398868	362.5185407709	0.3722514136	-0.2435873892
76.052	2995	0.1340435823	362.4559558902	0.3722365124	-0.2435757067
76.051	2996	0.1340431055	362.3927451606	0.3722220881	-0.2435561564
76.063	2997	0.1340479931	362.3326636751	0.3722075446	-0.2435478117
76.071	2998	0.1340512117	362.2707046432	0.3721914513	-0.2435363676
76.068	2999	0.1340499004	362.2099973089	0.3721784575	-0.2435201552
76.067	3000	0.1340494236	362.1480382769	0.3721634371	-0.2435073998
76.078	3001	0.1340538343	362.0860792450	0.3721466286	-0.2434948828
76.082	3002	0.1340553840	362.0241202130	0.3721328003	-0.2434781935
76.079	3003	0.1340541920	361.9621611811	0.3721193297	-0.2434630539
76.086	3004	0.1340571722	361.8995763004	0.3721043093	-0.2434531595
76.091	3005	0.1340588411	361.8413723613	0.3720919116	-0.2434410002
76.097	3006	0.1340612253	361.7787874805	0.3720739110	-0.2434245493
76.095	3007	0.1340607485	361.7143250534	0.3720600827	-0.2434040453
76.097	3008	0.1340613445	361.6517401726	0.3720451815	-0.2433848526
76.105	3009	0.1340645632	361.5947879311	0.3720307572	-0.2433704283
76.112	3010	0.1340673050	361.5334547480	0.3720178826	-0.2433513548
76.107	3011	0.1340655168	361.4721215649	0.3720011933	-0.2433378841
76.113	3012	0.1340676626	361.4132917770	0.3719890339	-0.2433213141
76.121	3013	0.1340707620	361.3488293498	0.3719735367	-0.2433060553
76.132	3014	0.1340754112	361.2887478643	0.3719601853	-0.2432875778
76.138	3015	0.1340777954	361.2274146812	0.3719469531	-0.2432702925
76.134	3016	0.1340758880	361.1642039516	0.3719295485	-0.2432510998
76.147	3017	0.1340812525	361.1078775589	0.3719154818	-0.2432365562
76.141	3018	0.1340786299	361.0446668294	0.3718997462	-0.2432190325
76.151	3019	0.1340826830	360.9852111927	0.3718857987	-0.2432029392
76.156	3020	0.1340848287	360.9245038584	0.3718705399	-0.2431872036
76.159	3021	0.1340859016	360.8656740705	0.3718565924	-0.2431702759
76.162	3022	0.1340870937	360.8037150385	0.3718419297	-0.2431508448
76.167	3023	0.1340890011	360.7436335530	0.3718306048	-0.2431377317
76.177	3024	0.1340929350	360.6848037651	0.3718143923	-0.2431228306
76.175	3025	0.1340921005	360.6209671867	0.3717987759	-0.2431085255
76.178	3026	0.1340934118	360.5627632477	0.3717856629	-0.2431079294
76.177	3027	0.1340929350	360.5014300645	0.3717706425	-0.2430873062
76.193	3028	0.1340992531	360.4426002766	0.3717558606	-0.2430753853
76.196	3029	0.1341006836	360.3818929423	0.3717428667	-0.2430600073
76.206	3030	0.1341044983	360.3236890032	0.3717278464	-0.2430454637
76.201	3031	0.1341027101	360.2598524249	0.3717117531	-0.2430339004
76.199	3032	0.1341018757	360.1991450905	0.3717007859	-0.2430185224
76.211	3033	0.1341065248	360.1421928491	0.3716844542	-0.2430020716
76.218	3034	0.1341093859	360.0814855147	0.3716696722	-0.2429845478
76.220	3035	0.1341102203	360.0189006340	0.3716564400	-0.2429673817
76.223	3036	0.1341114124	359.9619483925	0.3716416580	-0.2429555799
76.228	3037	0.1341130813	359.8999893606	0.3716268761	-0.2429399635
76.224	3038	0.1341115316	359.8392820262	0.3716103060	-0.2429274465
76.235	3039	0.1341160616	359.7810780872	0.3715991003	-0.2429112341
76.235	3040	0.1341158232	359.7234999969	0.3715826494	-0.2428927566
76.243	3041	0.1341192802	359.6596634185	0.3715707285	-0.2428790476
76.254	3042	0.1341235718	359.5995819330	0.3715564234	-0.2428600933
76.257	3043	0.1341247639	359.5395004475	0.3715415222	-0.2428420927
76.260	3044	0.1341258367	359.4812965084	0.3715259058	-0.2428281452
76.259	3045	0.1341253599	359.4249701157	0.3715124352	-0.2428133632
76.269	3046	0.1341292938	359.3636369326	0.3714980108	-0.2427995350
76.278	3047	0.1341328701	359.3029295983	0.3714854939	-0.2427816536
76.279	3048	0.1341335853	359.2459773568	0.3714728577	-0.2427657987
76.285	3049	0.1341357311	359.1833924760	0.3714570028	-0.2427501823
76.287	3050	0.1341365656	359.1308211762	0.3714424593	-0.2427331354
76.292	3051	0.1341384729	359.0694879931	0.3714279158	-0.2427143003
76.288	3052	0.1341368040	359.0075289612	0.3714167101	-0.2427002336
76.287	3053	0.1341364464	358.9474474756	0.3714004976	-0.2426908161
76.297	3054	0.1341406187	358.8923727806	0.3713854773	-0.2426731731
76.301	3055	0.1341421684	358.8297878998	0.3713718874	-0.2426544573
76.306	3056	0.1341440758	358.7722098096	0.3713566286	-0.2426415826
76.317	3057	0.1341483673	358.7165092657	0.3713435156	-0.2426235820
76.313	3058	0.1341469368	358.6520468385	0.3713294489	-0.2426114227
76.315	3059	0.1341476520	358.5988496899	0.3713162167	-0.2425950910
76.321	3060	0.1341501554	358.5362648091	0.3713014347	-0.2425788786
76.337	3061	0.1341563543	358.4774350212	0.3712856991	-0.2425631429
76.335	3062	0.1341557583	358.4186052333	0.3712723476	-0.2425516988
76.349	3063	0.1341610035	358.3597754454	0.3712603075	-0.2425419237
76.343	3064	0.1341587385	358.2984422623	0.3712455256	-0.2425320293
76.342	3065	0.1341582617	358.2452451137	0.3712305052	-0.2425147440
76.354	3066	0.1341630300	358.1826602329	0.3712104780	-0.2424957897
76.363	3067	0.1341664871	358.1257079915	0.3712016565	-0.2424818422
76.361	3068	0.1341660103	358.0675040524	0.3711866362	-0.2424714710
76.371	3069	0.1341698250	358.0093001133	0.3711730463	-0.2424599077
76.382	3070	0.1341743549	357.9542254182	0.3711607677	-0.2424415494
76.377	3071	0.1341723284	357.8922663863	0.3711456282	-0.2424267675
76.385	3072	0.1341755470	357.8353141448	0.3711308462	-0.2424117471
76.389	3073	0.1341770967	357.7783619033	0.3711192829	-0.2423951770
76.396	3074	0.1341798385	357.7182804178	0.3711056930	-0.2423834945
76.402	3075	0.1341821035	357.6625798740	0.3710887653	-0.2423732425
76.406	3076	0.1341836532	357.5999949932	0.3710763676	-0.2423584606
76.402	3077	0.1341819843	357.5430427517	0.3710599167	-0.2423401023
76.411	3078	0.1341855606	357.4892197543	0.3710464460	-0.2423256780
76.412	3079	0.1341861566	357.4297641176	0.3710324985	-0.2423138763
76.416	3080	0.1341877064	357.3721860273	0.3710198624	-0.2423004056
76.416	3081	0.1341877064	357.3146079370	0.3710063917	-0.2422797824
76.412	3082	0.1341860374	357.2526489051	0.3709922058	-0.2422586824
76.418	3083	0.1341884216	357.1963225124	0.3709790928	-0.2422422315
76.432	3084	0.1341940245	357.1406219685	0.3709639532	-0.2422300722
76.431	3085	0.1341934284	357.0811663318	0.3709519131	-0.2422161247
76.440	3086	0.1341970047	357.0248399392	0.3709368927	-0.2422043229
76.443	3087	0.1341981968	356.9672618489	0.3709229452	-0.2421925212
76.450	3088	0.1342009386	356.9128130026	0.3709084017	-0.2421800042
76.457	3089	0.1342036804	356.8533573659	0.3708948118	-0.2421678449
76.453	3090	0.1342023691	356.7920241828	0.3708836061	-0.2421556856
76.458	3091	0.1342042765	356.7369494877	0.3708702547	-0.2421440030
76.462	3092	0.1342059454	356.6806230951	0.3708547575	-0.2421370889
76.463	3093	0.1342061838	356.6211674584	0.3708412868	-0.2421265985
76.466	3094	0.1342072567	356.5654669145	0.3708281738	-0.2421182538
76.469	3095	0.1342088064	356.5078888242	0.3708110077	-0.2421085979
76.469	3096	0.1342088064	356.4509365827	0.3707993252	-0.2420969154
76.477	3097	0.1342119058	356.3971135853	0.3707856161	-0.2420895244
76.487	3098	0.1342158398	356.3364062510	0.3707740528	-0.2420799876
76.488	3099	0.1342160782	356.2807057071	0.3707586748	-0.2420711662
76.492	3100	0.1342178663	356.2212500704	0.3707442505	-0.2420634176
76.495	3101	0.1342190584	356.1693046194	0.3707294685	-0.2420540000
76.504	3102	0.1342222771	356.1092231339	0.3707161171	-0.2420448209
76.508	3103	0.1342240652	356.0510191948	0.3707031233	-0.2420370723
76.506	3104	0.1342231115	355.9971961973	0.3706888181	-0.2420295621
76.513	3105	0.1342262110	355.9396181071	0.3706761820	-0.2420219327
76.520	3106	0.1342288336	355.8851692608	0.3706622345	-0.2420147802
76.518	3107	0.1342281183	355.8288428681	0.3706493599	-0.2420121576
76.516	3108	0.1342274031	355.7700130802	0.3706349355	-0.2420032169
76.523	3109	0.1342299065	355.7124349900	0.3706219417	-0.2420042897
76.525	3110	0.1342308601	355.6586119925	0.3706077558	-0.2420069124
76.532	3111	0.1342333635	355.5991563558	0.3705945236	-0.2419926072
76.531	3112	0.1342330059	355.5447075096	0.3705816490	-0.2419785405
76.535	3113	0.1342349132	355.4846260240	0.3705665094	-0.2419713880
76.545	3114	0.1342386087	355.4301771778	0.3705508930	-0.2419622089
76.544	3115	0.1342382511	355.3751024827	0.3705387336	-0.2419518377
76.548	3116	0.1342399200	355.3187760901	0.3705246669	-0.2419450427
76.547	3117	0.1342394432	355.2630755462	0.3705127460	-0.2419349099
76.550	3118	0.1342407545	355.2111300952	0.3704987985	-0.2419252540
76.554	3119	0.1342421850	355.1516744585	0.3704843742	-0.2419177438
76.563	3120	0.1342458805	355.0978514610	0.3704704267	-0.2419104720
76.571	3121	0.1342490992	355.0415250684	0.3704569561	-0.2419017698
76.576	3122	0.1342507681	354.9839469781	0.3704426509	-0.2418944980
76.587	3123	0.1342552980	354.9288722830	0.3704297763	-0.2418825771
76.587	3124	0.1342552980	354.8731717392	0.3704159481	-0.2418745900
76.595	3125	0.1342585167	354.8162194977	0.3704037887	-0.2418621923
76.587	3126	0.1342551788	354.7592672562	0.3703897220	-0.2418639804
76.589	3127	0.1342558941	354.7054442588	0.3703750593	-0.2418562318
76.590	3128	0.1342564901	354.6522471101	0.3703614694	-0.2418475295
76.601	3129	0.1342609009	354.5952948687	0.3703476411	-0.2418353702
76.608	3130	0.1342636427	354.5370909296	0.3703352434	-0.2418179656
76.617	3131	0.1342670998	354.4838937809	0.3703214151	-0.2418031837
76.623	3132	0.1342693647	354.4281932371	0.3703081829	-0.2417926932
76.619	3133	0.1342679342	354.3731185420	0.3702954275	-0.2417866136
76.633	3134	0.1342735371	354.3161663005	0.3702817184	-0.2417761232
76.633	3135	0.1342736563	354.2635950007	0.3702684862	-0.2417655135
76.645	3136	0.1342783054	354.2078944569	0.3702557308	-0.2417558576
76.639	3137	0.1342759212	354.1496905178	0.3702424985	-0.2417463208
76.639	3138	0.1342756828	354.0933641251	0.3702260476	-0.2417364265
76.643	3139	0.1342773518	354.0407928253	0.3702140075	-0.2417253400
76.653	3140	0.1342815241	353.9888473743	0.3701997024	-0.2417174722
76.651	3141	0.1342808088	353.9318951328	0.3701868278	-0.2417043592
76.664	3142	0.1342859348	353.8749428913	0.3701727611	-0.2416978026
76.658	3143	0.1342831930	353.8223715915	0.3701589328	-0.2416860009
76.666	3144	0.1342865309	353.7710519893	0.3701488000	-0.2416774179
76.673	3145	0.1342895111	353.7140997478	0.3701324684	-0.2416707421
76.676	3146	0.1342907032	353.6602767503	0.3701194745	-0.2416569139
76.676	3147	0.1342905840	353.6045762065	0.3701065999	-0.2416465426
76.674	3148	0.1342898687	353.5482498138	0.3700918180	-0.2416368867
76.680	3149	0.1342921337	353.4969302116	0.3700810891	-0.2416267539
76.683	3150	0.1342932066	353.4431072142	0.3700669032	-0.2416206742
76.682	3151	0.1342929682	353.3836515775	0.3700525981	-0.2416302110
76.692	3152	0.1342967829	353.3292027312	0.3700393659	-0.2416219855
76.686	3153	0.1342945179	353.2760055826	0.3700235111	-0.2416054154
76.685	3154	0.1342940411	353.2240601316	0.3700130206	-0.2415889646
76.700	3155	0.1342998823	353.1683595877	0.3699989539	-0.2415727521
76.699	3156	0.1342997631	353.1151624391	0.3699871522	-0.2415630961
76.704	3157	0.1343014320	353.0625911392	0.3699736816	-0.2415546323
76.702	3158	0.1343007168	353.0056388978	0.3699605685	-0.2415354396
76.716	3159	0.1343064388	352.9549451444	0.3698995334	-0.2415264989
76.720	3160	0.1343077501	352.8961153565	0.3699311238	-0.2415169621
76.730	3161	0.1343118032	352.8416665102	0.3699187261	-0.2415111209
76.720	3162	0.1343079885	352.7847142687	0.3699074012	-0.2415042067
76.730	3163	0.1343120417	352.7333946665	0.3698925000	-0.2414945508
76.738	3164	0.1343149027	352.6845784595	0.3698798639	-0.2414889480
76.735	3165	0.1343139490	352.6251228228	0.3698681813	-0.2414776231
76.746	3166	0.1343182405	352.5763066158	0.3698541146	-0.2414713050
76.755	3167	0.1343216976	352.5187285256	0.3698408824	-0.2414640332
76.747	3168	0.1343185982	352.4674089234	0.3698289615	-0.2414548541
76.744	3169	0.1343172869	352.4092049843	0.3698146564	-0.2414474631
76.755	3170	0.1343215784	352.3610146261	0.3697998744	-0.2414384032
76.747	3171	0.1343187174	352.3034365358	0.3697880727	-0.2414280320
76.754	3172	0.1343214592	352.2496135384	0.3697741252	-0.2414233828
76.764	3173	0.1343251547	352.2007973314	0.3697597009	-0.2414122964
76.767	3174	0.1343263468	352.1394641483	0.3697481376	-0.2414050246
76.774	3175	0.1343290886	352.0918996389	0.3697325212	-0.2413939381
76.780	3176	0.1343318304	352.0387024903	0.3697242957	-0.2413864280
76.786	3177	0.1343339762	351.9848794928	0.3697079640	-0.2413767720
76.784	3178	0.1343333801	351.9354374370	0.3696960431	-0.2413762952
76.793	3179	0.1343368372	351.8791110444	0.3696838838	-0.2413789178
76.800	3180	0.1343395790	351.8246621981	0.3696726781	-0.2413845206
76.804	3181	0.1343410095	351.7670841078	0.3696568233	-0.2413976336
76.804	3182	0.1343410095	351.7163903544	0.3696446639	-0.2413927461
76.810	3183	0.1343436321	351.6600639617	0.3696292859	-0.2413830901
76.815	3184	0.1343456587	351.6106219060	0.3696177226	-0.2413716460
76.814	3185	0.1343453011	351.5567989085	0.3696073514	-0.2413638974
76.818	3186	0.1343467316	351.5023500623	0.3695925694	-0.2413550759
76.816	3187	0.1343457779	351.4535338553	0.3695785027	-0.2413412476
76.816	3188	0.1343458971	351.3959557650	0.3695658666	-0.2413312341
76.821	3189	0.1343480429	351.3427586164	0.3695541841	-0.2413227702
76.819	3190	0.1343469700	351.2914390142	0.3695395213	-0.2413157368
76.830	3191	0.1343512615	351.2388677143	0.3695274812	-0.2413123990
76.835	3192	0.1343532881	351.1850447169	0.3695134145	-0.2413062001
76.840	3193	0.1343555531	351.1305958706	0.3694995862	-0.2412891532
76.841	3194	0.1343559107	351.0811538149	0.3694886189	-0.2412854577
76.849	3195	0.1343590101	351.0260791198	0.3694757443	-0.2412785435
76.850	3196	0.1343593677	350.9735078200	0.3694617968	-0.2412711526
76.853	3197	0.1343604406	350.9203106713	0.3694492799	-0.2412653113
76.858	3198	0.1343623480	350.8677393715	0.3694362861	-0.2412632848
76.857	3199	0.1343621096	350.8145422229	0.3694225770	-0.2413102532
76.873	3200	0.1343684277	350.7663518647	0.3694104176	-0.2413170482
76.875	3201	0.1343691429	350.7144064137	0.3693970662	-0.2413092995
76.873	3202	0.1343685469	350.6618351139	0.3693859797	-0.2413046504
76.876	3203	0.1343696197	350.6048828724	0.3693711978	-0.2412920142
76.878	3204	0.1343705734	350.5541891190	0.3693577271	-0.2412830735
76.887	3205	0.1343741497	350.5041212144	0.3693433028	-0.2412780667
76.885	3206	0.1343733152	350.4452914265	0.3693335276	-0.2412731791
76.897	3207	0.1343779644	350.3958493707	0.3693176728	-0.2412692452
76.911	3208	0.1343833288	350.3451556173	0.3693057519	-0.2412762786
76.904	3209	0.1343808254	350.2932101663	0.3692906123	-0.2412653113
76.913	3210	0.1343841633	350.2406388665	0.3692791682	-0.2412603045
76.913	3211	0.1343842825	350.1905709619	0.3692672473	-0.2412475491
76.921	3212	0.1343876204	350.1367479644	0.3692530614	-0.2412407542
76.922	3213	0.1343878588	350.0841766646	0.3692397099	-0.2412316943
76.926	3214	0.1343895277	350.0316053648	0.3692293387	-0.2412231112
76.926	3215	0.1343894085	349.9771565185	0.3692159873	-0.2412150050
76.923	3216	0.1343882164	349.9277144627	0.3692001324	-0.2412076140
76.926	3217	0.1343895277	349.8695105236	0.3691902381	-0.2411993886
76.937	3218	0.1343938192	349.8238235607	0.3691783171	-0.2411955739
76.929	3219	0.1343906006	349.7700005633	0.3691635352	-0.2411984349
76.940	3220	0.1343951305	349.7186809611	0.3691510182	-0.2411940242
76.937	3221	0.1343938192	349.6654838124	0.3691386204	-0.2411857987
76.947	3222	0.1343977531	349.6179193031	0.3691264611	-0.2411719704
76.952	3223	0.1343998989	349.5653480032	0.3691138249	-0.2411612416
76.964	3224	0.1344043097	349.5121508546	0.3691004735	-0.2411558772
76.964	3225	0.1344045481	349.4608312524	0.3690877181	-0.2411465789
76.958	3226	0.1344020447	349.4082599526	0.3690737706	-0.2411400223
76.970	3227	0.1344069323	349.3556886527	0.3690617304	-0.2411340619
76.977	3228	0.1344097933	349.3037432017	0.3690519553	-0.2411313201
76.978	3229	0.1344100317	349.2568045412	0.3690371733	-0.2411183263
76.975	3230	0.1344088396	349.2011039973	0.3690246564	-0.2411217833
76.977	3231	0.1344096741	349.1491585463	0.3690114241	-0.2411090279
76.989	3232	0.1344142040	349.0997164905	0.3689993840	-0.2410994912
76.990	3233	0.1344149193	349.0452676442	0.3689854365	-0.2410925770
76.986	3234	0.1344130119	348.9964514373	0.3689761382	-0.2411009217
76.993	3235	0.1344159922	348.9476352303	0.3689608794	-0.2411155844
76.996	3236	0.1344169458	348.8969414769	0.3689481240	-0.2410850669
77.002	3237	0.1344193300	348.8456218747	0.3689362031	-0.2410792256
77.007	3238	0.1344215950	348.7892954820	0.3689236861	-0.2410750533
77.003	3239	0.1344198069	348.7417309726	0.3689099770	-0.2410745764
77.016	3240	0.1344249329	348.6916630680	0.3688978177	-0.2410683776
77.017	3241	0.1344254097	348.6403434658	0.3688843470	-0.2410586024
77.021	3242	0.1344269594	348.5890238636	0.3688714724	-0.2410491849
77.021	3243	0.1344271978	348.5320716221	0.3688593131	-0.2410426284
77.018	3244	0.1344258865	348.4845071128	0.3688457232	-0.2410384560
77.028	3245	0.1344298204	348.4356909058	0.3688348752	-0.2410321379
77.028	3246	0.1344295820	348.3831196060	0.3688224774	-0.2410261775
77.039	3247	0.1344341120	348.3286707597	0.3688093644	-0.2410196210
77.041	3248	0.1344348272	348.2754736111	0.3687969666	-0.2410129452
77.047	3249	0.1344373306	348.2279091017	0.3687843304	-0.2410075808
77.044	3250	0.1344362577	348.1803445924	0.3687702637	-0.2409998322
77.058	3251	0.1344416222	348.1340317806	0.3687579852	-0.2409942294
77.058	3252	0.1344415030	348.0783312367	0.3687463026	-0.2409876729
77.064	3253	0.1344441256	348.0263857857	0.3687322360	-0.2409826661
77.062	3254	0.1344434103	347.9769437299	0.3687209111	-0.2409774209
77.068	3255	0.1344455561	347.9249982789	0.3687077980	-0.2409713412
77.069	3256	0.1344459137	347.8749303743	0.3686945658	-0.2409634734
77.071	3257	0.1344467482	347.8248624697	0.3686827641	-0.2409579897
77.062	3258	0.1344432911	347.7716653211	0.3686713200	-0.2409496451
77.065	3259	0.1344442448	347.7247266605	0.3686567765	-0.2409424925
77.073	3260	0.1344475826	347.6734070583	0.3686453324	-0.2409415389
77.080	3261	0.1344502052	347.6183323633	0.3686315041	-0.2409306908
77.084	3262	0.1344517550	347.5720195515	0.3686191063	-0.2409225846
77.084	3263	0.1344521126	347.5232033445	0.3686068278	-0.2409188891
77.087	3264	0.1344531855	347.4718837423	0.3685927611	-0.2409064913
77.098	3265	0.1344575962	347.4243192330	0.3685815554	-0.2409036303
77.102	3266	0.1344591459	347.3711220843	0.3685705881	-0.2408987427
77.105	3267	0.1344602188	347.3185507845	0.3685548525	-0.2408887291
77.097	3268	0.1344570002	347.2716121239	0.3685440045	-0.2408777619
77.112	3269	0.1344629606	347.2215442193	0.3685319643	-0.2408664370
77.110	3270	0.1344621262	347.1670953731	0.3685205202	-0.2408597613
77.116	3271	0.1344647488	347.1182791661	0.3685062151	-0.2408515358
77.127	3272	0.1344690403	347.0694629591	0.3684916716	-0.2408415223
77.131	3273	0.1344704708	347.0218984498	0.3684811812	-0.2408316279
77.130	3274	0.1344701132	346.9712046964	0.3684691410	-0.2408262635
77.135	3275	0.1344721397	346.9173816989	0.3684572201	-0.2408169652
77.138	3276	0.1344734510	346.8716947360	0.3684458952	-0.2408052826
77.136	3277	0.1344723782	346.8203751338	0.3684296828	-0.2407975340
77.139	3278	0.1344738087	346.7728106244	0.3684191923	-0.2407905007
77.144	3279	0.1344757160	346.7227427198	0.3684042912	-0.2407828713
77.149	3280	0.1344776234	346.6720489664	0.3683938008	-0.2407713080
77.151	3281	0.1344784578	346.6238586082	0.3683812838	-0.2407602215
77.154	3282	0.1344797691	346.5731648548	0.3683699589	-0.2407502079
77.153	3283	0.1344794115	346.5224711014	0.3683567267	-0.2407443667
77.156	3284	0.1344806036	346.4736548945	0.3683439713	-0.2407361412
77.156	3285	0.1344806036	346.4210835946	0.3683314543	-0.2407268429
77.162	3286	0.1344827494	346.3760224805	0.3683182221	-0.2407254124
77.168	3287	0.1344851336	346.3259545759	0.3683053475	-0.2407200480
77.174	3288	0.1344873985	346.2758866713	0.3682934265	-0.2407114649
77.184	3289	0.1344915709	346.2258187667	0.3682810288	-0.2406996632
77.190	3290	0.1344937166	346.1770025597	0.3682695847	-0.2406914378
77.194	3291	0.1344952663	346.1300638992	0.3682594519	-0.2406824971
77.196	3292	0.1344961008	346.0774925993	0.3682453852	-0.2406747485
77.199	3293	0.1344974121	346.0305539388	0.3682331066	-0.2406629467
77.198	3294	0.1344970545	345.9811118830	0.3682188015	-0.2406535292
77.205	3295	0.1344997963	345.9310439784	0.3682072382	-0.2406480456
77.196	3296	0.1344962200	345.8803502250	0.3681925755	-0.2406394625
77.202	3297	0.1344986042	345.8327857156	0.3681829195	-0.2406307602
77.220	3298	0.1345057568	345.7833436598	0.3681698065	-0.2406255150
77.219	3299	0.1345055183	345.7376566969	0.3681589584	-0.2406191969
77.226	3300	0.1345082602	345.6844595483	0.3681457262	-0.2406137133
77.232	3301	0.1345105251	345.6375208877	0.3681330900	-0.2406064415
77.225	3302	0.1345075449	345.5874529831	0.3680844526	-0.2406022692
77.227	3303	0.1345083794	345.5405143225	0.3680938702	-0.2405961895
77.227	3304	0.1345086178	345.4898205691	0.3680955391	-0.2405883217
77.235	3305	0.1345118364	345.4428819086	0.3680833798	-0.2405845070
77.241	3306	0.1345138630	345.3946915504	0.3680645447	-0.2405800963
77.238	3307	0.1345126709	345.3427460994	0.3680597763	-0.2405731821
77.243	3308	0.1345146975	345.2958074388	0.3680477362	-0.2405711556
77.250	3309	0.1345174393	345.2482429295	0.3680343847	-0.2405624533
77.253	3310	0.1345187506	345.1981750249	0.3680221062	-0.2405568505
77.254	3311	0.1345189890	345.1506105155	0.3680082779	-0.2405510092
77.258	3312	0.1345207771	345.1017943085	0.3679990988	-0.2405442143
77.265	3313	0.1345236382	345.0467196135	0.3679859858	-0.2405394459
77.275	3314	0.1345273336	345.0010326505	0.3679734688	-0.2405342007
77.272	3315	0.1345261416	344.9534681412	0.3679617863	-0.2405294323
77.273	3316	0.1345264992	344.9084070270	0.3679495077	-0.2405243063
77.281	3317	0.1345297178	344.8595908200	0.3679363947	-0.2405220414
77.278	3318	0.1345286450	344.8082712178	0.3679245930	-0.2405141735
77.286	3319	0.1345319828	344.7607067085	0.3679121952	-0.2405104781
77.290	3320	0.1345332941	344.7131421991	0.3679006319	-0.2405059481
77.293	3321	0.1345346054	344.6605708993	0.3678877573	-0.2404980803
77.297	3322	0.1345362743	344.6186390292	0.3678746443	-0.2404905701
77.292	3323	0.1345342478	344.5654418806	0.3678645115	-0.2404825831
77.295	3324	0.1345355591	344.5203807664	0.3678529482	-0.2404770994
77.303	3325	0.1345386585	344.4703128618	0.3678404312	-0.2404688740
77.309	3326	0.1345410427	344.4221225036	0.3678267221	-0.2404621983
77.315	3327	0.1345431885	344.3776872383	0.3678157549	-0.2404537344
77.323	3328	0.1345465263	344.3269934849	0.3678035955	-0.2404467011
77.326	3329	0.1345474800	344.2794289755	0.3677904825	-0.2404402638
77.321	3330	0.1345455727	344.2337420126	0.3677796345	-0.2404323960
77.322	3331	0.1345461687	344.1842999568	0.3677659254	-0.2404284621
77.325	3332	0.1345471224	344.1373612963	0.3677556734	-0.2404205942
77.320	3333	0.1345450958	344.0916743333	0.3677431564	-0.2404152298
77.330	3334	0.1345491489	344.0403547311	0.3677312355	-0.2404090309
77.342	3335	0.1345537981	343.9940419194	0.3677183609	-0.2404015208
77.345	3336	0.1345549902	343.9477291076	0.3677062015	-0.2403961563
77.344	3337	0.1345547518	343.9001645982	0.3676945190	-0.2403856659
77.349	3338	0.1345566591	343.8526000889	0.3676839094	-0.2403791094
77.349	3339	0.1345567783	343.8012804867	0.3676704387	-0.2403723145
77.351	3340	0.1345577320	343.7574710701	0.3676572065	-0.2403706455
77.351	3341	0.1345576128	343.7080290144	0.3676476698	-0.2403674269
77.357	3342	0.1345597586	343.6598386562	0.3676334839	-0.2403663540
77.359	3343	0.1345605930	343.6135258444	0.3676254968	-0.2403586054
77.357	3344	0.1345597586	343.5665871839	0.3676102381	-0.2403533602
77.364	3345	0.1345628580	343.5133900352	0.3675999861	-0.2403519297
77.376	3346	0.1345676264	343.4727098628	0.3675867538	-0.2403412008
77.379	3347	0.1345685801	343.4220161093	0.3675755481	-0.2403351212
77.371	3348	0.1345654806	343.3769549952	0.3675651769	-0.2403296375
77.373	3349	0.1345661959	343.3306421835	0.3675514679	-0.2403218889
77.370	3350	0.1345650038	343.2837035229	0.3675382356	-0.2403164053
77.378	3351	0.1345683416	343.2348873159	0.3675277452	-0.2403087759
77.393	3352	0.1345741829	343.1873228066	0.3675168972	-0.2403015042
77.394	3353	0.1345744213	343.1416358436	0.3675022344	-0.2402898216
77.402	3354	0.1345777592	343.0928196366	0.3674916248	-0.2402801657
77.406	3355	0.1345791897	343.0452551273	0.3674794655	-0.2402730131
77.407	3356	0.1345796665	342.9970647691	0.3674673061	-0.2402646685
77.403	3357	0.1345779976	342.9538812014	0.3674543123	-0.2402596617
77.410	3358	0.1345809778	342.9038132968	0.3674434642	-0.2402589464
77.412	3359	0.1345818123	342.8606297291	0.3674319009	-0.2402521515
77.419	3360	0.1345844349	342.8130652197	0.3674200992	-0.2402434492
77.414	3361	0.1345824083	342.7692558032	0.3674067478	-0.2402391577
77.408	3362	0.1345802626	342.7223171426	0.3673968534	-0.2402317667
77.416	3363	0.1345833620	342.6760043309	0.3673831443	-0.2402187729
77.418	3364	0.1345841965	342.6271881239	0.3673712234	-0.2402061367
77.421	3365	0.1345851502	342.5808753121	0.3673622827	-0.2402055407
77.422	3366	0.1345856270	342.5358141980	0.3673495273	-0.2401957655
77.435	3367	0.1345907530	342.4876238398	0.3673370103	-0.2401914740
77.437	3368	0.1345914683	342.4431885745	0.3673241357	-0.2401892090
77.438	3369	0.1345919451	342.3962499139	0.3673134069	-0.2401771689
77.448	3370	0.1345957598	342.3518146486	0.3672992210	-0.2401739502
77.459	3371	0.1346001705	342.3004950464	0.3672893266	-0.2401647711
77.454	3372	0.1345983824	342.2585631763	0.3672790746	-0.2401590490
77.463	3373	0.1346018395	342.2109986669	0.3672658424	-0.2401554728
77.464	3374	0.1346023163	342.1628083088	0.3672535638	-0.2401638174
77.470	3375	0.1346044621	342.1183730434	0.3672408084	-0.2401484394
77.477	3376	0.1346075615	342.0708085341	0.3672311525	-0.2401377106
77.470	3377	0.1346047005	342.0263732687	0.3672178010	-0.2401294851
77.477	3378	0.1346074423	341.9806863058	0.3672076683	-0.2401186371
77.481	3379	0.1346089920	341.9368768893	0.3671930055	-0.2401121998
77.474	3380	0.1346060118	341.8861831359	0.3671847801	-0.2401062393
77.482	3381	0.1346092304	341.8411220217	0.3671729784	-0.2400980139
77.486	3382	0.1346110186	341.7991901516	0.3671581964	-0.2400916958
77.480	3383	0.1346083960	341.7503739447	0.3671479444	-0.2400864506
77.486	3384	0.1346110186	341.7053128305	0.3671384077	-0.2400798941
77.494	3385	0.1346139988	341.6571224724	0.3671243410	-0.2400715494
77.494	3386	0.1346141180	341.6126872070	0.3671130161	-0.2400673771
77.494	3387	0.1346142372	341.5644968489	0.3671016912	-0.2400573635
77.498	3388	0.1346155485	341.5206874323	0.3670906047	-0.2400494957
77.499	3389	0.1346160254	341.4775038646	0.3670777301	-0.2400444889
77.498	3390	0.1346157869	341.4280618088	0.3670670013	-0.2400413895
77.514	3391	0.1346222242	341.3830006947	0.3670544843	-0.2400362635
77.515	3392	0.1346223435	341.3385654294	0.3670428018	-0.2400303030
77.521	3393	0.1346249661	341.2897492224	0.3670301656	-0.2400224352
77.526	3394	0.1346267542	341.2428105618	0.3670190791	-0.2400406742
77.525	3395	0.1346262774	341.2033820870	0.3670072774	-0.2400487804
77.526	3396	0.1346266350	341.1526883336	0.3669963102	-0.2400311375
77.530	3397	0.1346284231	341.1101306146	0.3669831972	-0.2400202894
77.542	3398	0.1346331915	341.0613144077	0.3669712762	-0.2400087261
77.535	3399	0.1346303305	341.0200083864	0.3669624547	-0.2400019312
77.542	3400	0.1346329531	340.9736955746	0.3669493417	-0.2399966860
77.540	3401	0.1346323570	340.9267569141	0.3669377784	-0.2399948978
77.544	3402	0.1346337876	340.8829474975	0.3669268112	-0.2399962091
77.550	3403	0.1346362909	340.8378863834	0.3669148902	-0.2399830961
77.553	3404	0.1346373638	340.7953286645	0.3669033269	-0.2399754667
77.552	3405	0.1346372446	340.7452607599	0.3668906907	-0.2399679565
77.550	3406	0.1346361717	340.7014513434	0.3668819885	-0.2399634266
77.550	3407	0.1346361717	340.6563902292	0.3668693523	-0.2399617577
77.552	3408	0.1346372446	340.6094515687	0.3668577890	-0.2399517441
77.556	3409	0.1346385559	340.5662680010	0.3668465833	-0.2399449491
77.560	3410	0.1346402249	340.5224585845	0.3668368081	-0.2399381542
77.569	3411	0.1346438011	340.4780233191	0.3668240527	-0.2399358892
77.573	3412	0.1346453509	340.4310846586	0.3668122510	-0.2399320745
77.577	3413	0.1346467814	340.3866493932	0.3667996148	-0.2399249220
77.574	3414	0.1346458277	340.3422141279	0.3667891244	-0.2399165773
77.584	3415	0.1346497616	340.2990305602	0.3667758922	-0.2399133587
77.586	3416	0.1346504769	340.2558469925	0.3667673091	-0.2399239683
77.586	3417	0.1346503576	340.2076566343	0.3667557458	-0.2399115705
77.595	3418	0.1346539339	340.1613438226	0.3667433480	-0.2398924971
77.585	3419	0.1346501192	340.1175344060	0.3667319040	-0.2398828411
77.587	3420	0.1346508345	340.0774800824	0.3667211751	-0.2398759270
77.596	3421	0.1346544108	340.0330448170	0.3667083005	-0.2398680592
77.597	3422	0.1346550068	339.9842286101	0.3666967372	-0.2398636484
77.593	3423	0.1346534571	339.9454259840	0.3666846971	-0.2398556614
77.599	3424	0.1346558413	339.8978614746	0.3666740874	-0.2398444557
77.604	3425	0.1346577486	339.8534262093	0.3666631202	-0.2398402834
77.615	3426	0.1346618017	339.8108684904	0.3666528682	-0.2398322964
77.622	3427	0.1346646628	339.7626781322	0.3666422586	-0.2398247862
77.624	3428	0.1346653780	339.7188687157	0.3666306953	-0.2398200178
77.622	3429	0.1346646628	339.6775626944	0.3666167478	-0.2398136997
77.630	3430	0.1346677622	339.6268689410	0.3666063766	-0.2398103619
77.641	3431	0.1346722922	339.5849370709	0.3665931443	-0.2398065472
77.644	3432	0.1346734842	339.5411276544	0.3665833692	-0.2397858047
77.641	3433	0.1346722922	339.4985699355	0.3665712098	-0.2397798443
77.643	3434	0.1346731266	339.4560122166	0.3665366391	-0.2397730493
77.648	3435	0.1346751532	339.4084477072	0.3665490369	-0.2397819900
77.646	3436	0.1346740803	339.3665158371	0.3665377120	-0.2398016596
77.638	3437	0.1346709809	339.3208288742	0.3665253142	-0.2397846126
77.646	3438	0.1346741995	339.2795228529	0.3665150622	-0.2397668505
77.652	3439	0.1346765837	339.2344617387	0.3665027837	-0.2397532606
77.659	3440	0.1346795639	339.1875230782	0.3664920548	-0.2397387171
77.659	3441	0.1346793255	339.1455912081	0.3664813260	-0.2397297764
77.668	3442	0.1346829018	339.1005300939	0.3664692859	-0.2397215509
77.668	3443	0.1346830210	339.0542172822	0.3664572457	-0.2397138023
77.677	3444	0.1346863589	339.0135371097	0.3664461593	-0.2397049808
77.681	3445	0.1346882662	338.9709793908	0.3664353112	-0.2396963978
77.682	3446	0.1346886238	338.9277958231	0.3664236287	-0.2396891260
77.687	3447	0.1346906504	338.8808571625	0.3664138536	-0.2396807813
77.687	3448	0.1346906504	338.8364218972	0.3664014558	-0.2396726751
77.696	3449	0.1346938690	338.7963675735	0.3663904885	-0.2396626615
77.697	3450	0.1346944651	338.7563132498	0.3663774947	-0.2396538400
77.694	3451	0.1346933922	338.7081228917	0.3663661698	-0.2396450186
77.700	3452	0.1346957764	338.6624359287	0.3663559178	-0.2396369123
77.702	3453	0.1346963724	338.6230074539	0.3663438777	-0.2396276140
77.703	3454	0.1346969685	338.5754429445	0.3663348178	-0.2396195078
77.704	3455	0.1346970877	338.5360144696	0.3663237313	-0.2396121168
77.708	3456	0.1346988758	338.4928309019	0.3663119296	-0.2396013880
77.717	3457	0.1347023329	338.4465180902	0.3663020352	-0.2395905399
77.712	3458	0.1347001871	338.4002052784	0.3662890414	-0.2395826721
77.709	3459	0.1346992335	338.3588992571	0.3662792663	-0.2395751619
77.707	3460	0.1346985182	338.3194707822	0.3662678222	-0.2395638370
77.713	3461	0.1347007832	338.2737838193	0.3662556628	-0.2395591879
77.720	3462	0.1347036442	338.2318519492	0.3662454108	-0.2395786190
77.729	3463	0.1347071013	338.1855391375	0.3662333707	-0.2395601415
77.727	3464	0.1347061476	338.1436072674	0.3662224034	-0.2395494127
77.728	3465	0.1347066244	338.1004236996	0.3662126283	-0.2395360613
77.731	3466	0.1347076973	338.0572401319	0.3662002305	-0.2395264053
77.735	3467	0.1347096047	338.0109273202	0.3661895017	-0.2395137691
77.734	3468	0.1347088894	337.9689954501	0.3661760310	-0.2395045900
77.737	3469	0.1347102007	337.9301928240	0.3661660174	-0.2394940996
77.743	3470	0.1347127041	337.8870092563	0.3661557654	-0.2394861126
77.750	3471	0.1347152075	337.8406964446	0.3661459903	-0.2394768142
77.747	3472	0.1347141346	337.7981387256	0.3661346654	-0.2394665622
77.756	3473	0.1347175917	337.7574585532	0.3661208371	-0.2394552374
77.757	3474	0.1347180685	337.7167783807	0.3661126117	-0.2394493961
77.762	3475	0.1347199759	337.6692138713	0.3660989026	-0.2394399786
77.758	3476	0.1347184262	337.6266561524	0.3660886506	-0.2394309187
77.769	3477	0.1347228369	337.5847242823	0.3660764912	-0.2394216203
77.769	3478	0.1347228369	337.5396631682	0.3660658816	-0.2394167328
77.773	3479	0.1347245058	337.5002346933	0.3660538415	-0.2394132757
77.775	3480	0.1347252211	337.4557994280	0.3660443047	-0.2394104147
77.775	3481	0.1347251019	337.4144934067	0.3660323838	-0.2394048118
77.774	3482	0.1347249827	337.3700581414	0.3660192708	-0.2393950367
77.779	3483	0.1347266516	337.3268745736	0.3660084227	-0.2393862152
77.779	3484	0.1347266516	337.2843168547	0.3660001973	-0.2393834734
77.792	3485	0.1347321352	337.2392557406	0.3659889916	-0.2393775129
77.793	3486	0.1347322544	337.2004531145	0.3659780244	-0.2393669033
77.798	3487	0.1347342810	337.1547661516	0.3659651498	-0.2393593931
77.800	3488	0.1347351155	337.1178410720	0.3659545401	-0.2393483066
77.805	3489	0.1347372612	337.0690248650	0.3659423808	-0.2393436575
77.811	3490	0.1347396454	337.0308480877	0.3659330825	-0.2393485450
77.804	3491	0.1347367844	336.9864128224	0.3659209231	-0.2393511676
77.810	3492	0.1347389302	336.9438551035	0.3659095982	-0.2393499755
77.811	3493	0.1347396454	336.9019232334	0.3658981541	-0.2393429422
77.818	3494	0.1347422680	336.8581138169	0.3658883790	-0.2393361473
77.822	3495	0.1347436985	336.8174336444	0.3658772925	-0.2393274450
77.820	3496	0.1347431025	336.7742500767	0.3658671597	-0.2393238687
77.820	3497	0.1347431025	336.7329440554	0.3658557156	-0.2393198156
77.824	3498	0.1347447714	336.6903863365	0.3658447484	-0.2393120670
77.828	3499	0.1347463211	336.6522095592	0.3658337811	-0.2393081331
77.830	3500	0.1347469172	336.6071484451	0.3658199528	-0.2393002653
77.839	3501	0.1347504935	336.5608356333	0.3658110121	-0.2392953777
77.845	3502	0.1347529968	336.5232847049	0.3657998065	-0.2392897749
77.853	3503	0.1347560963	336.4807269860	0.3657887200	-0.2392878675
77.851	3504	0.1347553810	336.4369175695	0.3657777527	-0.2392867946
77.856	3505	0.1347574076	336.3956115482	0.3657669047	-0.2392957353
77.857	3506	0.1347575268	336.3530538293	0.3657566527	-0.2392964506
77.860	3507	0.1347587189	336.3148770520	0.3657467583	-0.2392846489
77.853	3508	0.1347559771	336.2710676355	0.3657361487	-0.2392764234
77.856	3509	0.1347572884	336.2297616142	0.3657249430	-0.2392680788
77.865	3510	0.1347608647	336.1865780465	0.3657130221	-0.2392605686
77.867	3511	0.1347618183	336.1440203276	0.3657025317	-0.2392519855
77.867	3512	0.1347616991	336.1020884575	0.3656914452	-0.2392439985
77.872	3513	0.1347636065	336.0589048898	0.3656800011	-0.2392379188
77.871	3514	0.1347632488	336.0238573565	0.3656685570	-0.2392301702
77.873	3515	0.1347642025	335.9762928472	0.3656578282	-0.2392184877
77.874	3516	0.1347644409	335.9381160699	0.3656486491	-0.2392115736
77.874	3517	0.1347644409	335.8924291070	0.3656368474	-0.2392017984
77.874	3518	0.1347643217	335.8561298761	0.3656279067	-0.2391934537
77.882	3519	0.1347674212	335.8129463084	0.3656162241	-0.2392076396
77.889	3520	0.1347705206	335.7722661359	0.3656048993	-0.2394967222
77.887	3521	0.1347695669	335.7303342658	0.3655934552	-0.2395972156
77.890	3522	0.1347707590	335.6871506981	0.3655817727	-0.2396550321
77.890	3523	0.1347707590	335.6477222233	0.3655718783	-0.2396813774
77.901	3524	0.1347750506	335.6039128067	0.3655621031	-0.2396967554
77.906	3525	0.1347769579	335.5657360295	0.3655520895	-0.2397201204
77.904	3526	0.1347763619	335.5244300082	0.3655382613	-0.2397482538
77.905	3527	0.1347768387	335.4793688941	0.3655287245	-0.2397688770
77.909	3528	0.1347781500	335.4374370240	0.3655184725	-0.2397830629
77.915	3529	0.1347806534	335.4017636419	0.3655073861	-0.2398017788
77.918	3530	0.1347817263	335.3585800742	0.3654965380	-0.2398218059
77.917	3531	0.1347812495	335.3166482041	0.3654870013	-0.2398401642
77.917	3532	0.1347812495	335.2747163340	0.3654766301	-0.2398573303
77.923	3533	0.1347838721	335.2365395568	0.3654668549	-0.2398744965
77.931	3534	0.1347870907	335.1958593843	0.3654546955	-0.2398852253
77.934	3535	0.1347881636	335.1507982702	0.3654442051	-0.2399027491
77.938	3536	0.1347895941	335.1113697953	0.3654319266	-0.2399324322
77.939	3537	0.1347900709	335.0738188668	0.3654235819	-0.2399437571
77.940	3538	0.1347905478	335.0287577527	0.3654102305	-0.2399546051
77.946	3539	0.1347930512	334.9905809754	0.3654011706	-0.2399659300
77.942	3540	0.1347915015	334.9467715589	0.3653888920	-0.2399758244
77.942	3541	0.1347913822	334.9098464793	0.3653803089	-0.2399820232
77.955	3542	0.1347963890	334.8710438532	0.3653704146	-0.2399909639
77.967	3543	0.1348010382	334.8266085879	0.3653592089	-0.2399988317
77.971	3544	0.1348029455	334.7865542642	0.3653488377	-0.2400072956
77.969	3545	0.1348019919	334.7452482429	0.3653377512	-0.2400107527
77.962	3546	0.1347993693	334.7058197681	0.3653259495	-0.2400188589
77.973	3547	0.1348034224	334.6663912932	0.3653166512	-0.2400251770
77.975	3548	0.1348044953	334.6207043302	0.3653063992	-0.2400350714
77.983	3549	0.1348074755	334.5812758554	0.3652937630	-0.2400404358
77.984	3550	0.1348078331	334.5405956829	0.3652833918	-0.2400450850
77.983	3551	0.1348075947	334.5024189056	0.3652740935	-0.2400496149
77.990	3552	0.1348103365	334.4629904308	0.3652630070	-0.2400543833
77.987	3553	0.1348091444	334.4229361071	0.3652508477	-0.2400618935
77.988	3554	0.1348096213	334.3810042370	0.3652401188	-0.2400673771
77.989	3555	0.1348099789	334.3371948205	0.3652315357	-0.2400704765
77.986	3556	0.1348089060	334.3008955896	0.3652205685	-0.2400746489
77.987	3557	0.1348091444	334.2583378707	0.3652116278	-0.2400787020
77.990	3558	0.1348103365	334.2182835471	0.3652012566	-0.2400809670
77.988	3559	0.1348095021	334.1788550722	0.3651895741	-0.2400862122
77.986	3560	0.1348086676	334.1394265973	0.3651797989	-0.2400862122
77.996	3561	0.1348127207	334.0968688784	0.3651657322	-0.2400815630
77.994	3562	0.1348117670	334.0580662524	0.3651583412	-0.2400766754
78.010	3563	0.1348183235	334.0198894751	0.3651464203	-0.2400825167
78.009	3564	0.1348177275	333.9792093026	0.3651365259	-0.2400806093
78.013	3565	0.1348193964	333.9404066766	0.3651271084	-0.2400818014
78.017	3566	0.1348208269	333.8991006553	0.3651150683	-0.2400804901
78.018	3567	0.1348215422	333.8615497268	0.3651056507	-0.2400791788
78.022	3568	0.1348228535	333.8202437055	0.3650945643	-0.2400816822
78.026	3569	0.1348244032	333.7783118354	0.3650837162	-0.2400766754
78.027	3570	0.1348248801	333.7401350582	0.3650722721	-0.2400709534
78.029	3571	0.1348257145	333.7007065833	0.3650639275	-0.2400696421
78.031	3572	0.1348266682	333.6581488644	0.3650528410	-0.2400626087
78.033	3573	0.1348271450	333.6231013312	0.3650409201	-0.2400536680
78.036	3574	0.1348285755	333.5830470075	0.3650323370	-0.2400504494
78.043	3575	0.1348311981	333.5417409862	0.3650229195	-0.2400435352
78.053	3576	0.1348352513	333.4998091161	0.3650108793	-0.2400404358
78.045	3577	0.1348319134	333.4585030948	0.3650026539	-0.2400382900
78.045	3578	0.1348319134	333.4209521664	0.3649902561	-0.2400350714
78.052	3579	0.1348346552	333.3802719939	0.3649820307	-0.2400332832
78.050	3580	0.1348340592	333.3433469143	0.3649699905	-0.2400322104
78.063	3581	0.1348390660	333.3057959858	0.3649597386	-0.2400260115
78.054	3582	0.1348354897	333.2638641157	0.3649507979	-0.2400196934
78.059	3583	0.1348376354	333.2231839432	0.3649379232	-0.2400106335
78.071	3584	0.1348421654	333.1825037707	0.3649270752	-0.2400039577
78.066	3585	0.1348404965	333.1430752959	0.3649161079	-0.2400015736
78.074	3586	0.1348434767	333.1023951234	0.3649052599	-0.2400039577
78.073	3587	0.1348429999	333.0660958926	0.3648962000	-0.2400016928
78.075	3588	0.1348440727	333.0272932665	0.3648843983	-0.2399872684
78.081	3589	0.1348463377	332.9884906404	0.3648764113	-0.2399833345
78.085	3590	0.1348477682	332.9478104679	0.3648654440	-0.2399976397
78.081	3591	0.1348462185	332.9090078419	0.3648550728	-0.2400068188
78.085	3592	0.1348480067	332.8708310646	0.3648452976	-0.2399898911
78.084	3593	0.1348474106	332.8351576826	0.3648332575	-0.2399746323
78.095	3594	0.1348518214	332.7919741149	0.3648239592	-0.2399721289
78.094	3595	0.1348513445	332.7537973376	0.3648127535	-0.2399673605
78.098	3596	0.1348528942	332.7131171652	0.3648022631	-0.2399717712
78.090	3597	0.1348499140	332.6749403879	0.3647933224	-0.2399635458
78.102	3598	0.1348545632	332.6386411571	0.3647819975	-0.2399479294
78.108	3599	0.1348570666	332.5979609846	0.3647728184	-0.2399401808
78.113	3600	0.1348590931	332.5554032657	0.3647620895	-0.2399368429
78.114	3601	0.1348592123	332.5197298837	0.3647515991	-0.2399375582
78.114	3602	0.1348594507	332.4821789552	0.3647427776	-0.2399472141
78.117	3603	0.1348604044	332.4389953875	0.3647322872	-0.2399634266
78.113	3604	0.1348589739	332.3989410638	0.3647188166	-0.2399577045
78.115	3605	0.1348595700	332.3570091937	0.3647098759	-0.2399441147
78.115	3606	0.1348595700	332.3200841141	0.3647009352	-0.2399366045
78.119	3607	0.1348613581	332.2812814880	0.3646894911	-0.2399169350
78.120	3608	0.1348615965	332.2456081060	0.3646793583	-0.2399110937
78.121	3609	0.1348619541	332.2068054799	0.3646683910	-0.2399103785
78.117	3610	0.1348605236	332.1698804003	0.3646581390	-0.2399038219
78.119	3611	0.1348612389	332.1298260766	0.3646475294	-0.2399045372
78.135	3612	0.1348677954	332.0903976017	0.3646377542	-0.2399038219
78.130	3613	0.1348657688	332.0503432781	0.3646269062	-0.2398980999
78.137	3614	0.1348686299	332.0146698960	0.3646171310	-0.2398853445
78.134	3615	0.1348674378	331.9777448164	0.3646068790	-0.2398815298
78.143	3616	0.1348707756	331.9420714344	0.3645975807	-0.2398899937
78.145	3617	0.1348714909	331.9007654131	0.3645856598	-0.2398805761
78.144	3618	0.1348713717	331.8663437287	0.3645774343	-0.2398811722
78.153	3619	0.1348748287	331.8250377074	0.3645647982	-0.2398672247
78.151	3620	0.1348739943	331.7874867789	0.3645566919	-0.2398597145
78.163	3621	0.1348785242	331.7455549088	0.3645435789	-0.2398522043
78.165	3622	0.1348793587	331.7080039804	0.3645361879	-0.2398445749
78.168	3623	0.1348807892	331.6723305984	0.3645259359	-0.2398356342
78.162	3624	0.1348781666	331.6335279723	0.3645154455	-0.2398312235
78.165	3625	0.1348794779	331.5928477998	0.3645054319	-0.2398274088
78.168	3626	0.1348805508	331.5565485690	0.3644952991	-0.2398251438
78.171	3627	0.1348819813	331.5196234894	0.3644857624	-0.2398263359
78.177	3628	0.1348842463	331.4833242585	0.3644722917	-0.2398235941
78.178	3629	0.1348848423	331.4432699348	0.3644641855	-0.2398191833
78.186	3630	0.1348877034	331.4050931576	0.3644547680	-0.2398028517
78.186	3631	0.1348879418	331.3669163803	0.3644466617	-0.2397978449
78.188	3632	0.1348885378	331.3249845102	0.3644353369	-0.2397823477
78.184	3633	0.1348871073	331.2911886746	0.3644259193	-0.2397756719
78.179	3634	0.1348850807	331.2511343510	0.3644122103	-0.2397709036
78.189	3635	0.1348888954	331.2148351201	0.3644038656	-0.2397736454
78.191	3636	0.1348896107	331.1772841917	0.3643928983	-0.2397735262
78.192	3637	0.1348902067	331.1397332632	0.3643847921	-0.2397701883
78.188	3638	0.1348886570	331.1034340324	0.3643744209	-0.2397586250
78.199	3639	0.1348928294	331.0646314063	0.3643639305	-0.2397523069
78.193	3640	0.1348905644	331.0226995362	0.3643547514	-0.2397455120
78.199	3641	0.1348929486	330.9882778518	0.3643453338	-0.2397382402
78.205	3642	0.1348952135	330.9494752258	0.3643346050	-0.2397352600
78.214	3643	0.1348987898	330.9094209021	0.3643261411	-0.2397275114
78.215	3644	0.1348993859	330.8737475201	0.3643152931	-0.2397180939
78.219	3645	0.1349009356	330.8380741380	0.3643034914	-0.2397096300
78.221	3646	0.1349017700	330.7986456632	0.3642947891	-0.2397015238
78.221	3647	0.1349015316	330.7679790716	0.3642847755	-0.2396906757
78.225	3648	0.1349032006	330.7260472015	0.3642746427	-0.2396909141
78.235	3649	0.1349070153	330.6897479707	0.3642643907	-0.2396855497
78.232	3650	0.1349060616	330.6484419494	0.3642535427	-0.2396750593
78.239	3651	0.1349088034	330.6121427186	0.3642437675	-0.2396590853
78.244	3652	0.1349105915	330.5745917901	0.3642337539	-0.2396522903
78.245	3653	0.1349109492	330.5370408617	0.3642240980	-0.2396439457
78.250	3654	0.1349132141	330.4994899332	0.3642151573	-0.2396350050
78.244	3655	0.1349105915	330.4625648536	0.3642052629	-0.2396263027
78.241	3656	0.1349093994	330.4256397739	0.3641942957	-0.2396199846
78.243	3657	0.1349104723	330.3912180895	0.3641859510	-0.2396179580
78.247	3658	0.1349119028	330.3524154635	0.3641751030	-0.2396124744
78.239	3659	0.1349089226	330.3136128374	0.3641638973	-0.2396043682
78.250	3660	0.1349129757	330.2804428506	0.3641543605	-0.2395955467
78.259	3661	0.1349167904	330.2403885269	0.3641472080	-0.2395938778
78.258	3662	0.1349164328	330.2072185401	0.3641357639	-0.2395889902
78.255	3663	0.1349150023	330.1677900653	0.3641257503	-0.2395818376
78.256	3664	0.1349155983	330.1321166833	0.3641162136	-0.2395776653
78.249	3665	0.1349128565	330.0958174524	0.3641039350	-0.2395656252
78.259	3666	0.1349165520	330.0545114311	0.3640940406	-0.2395560884
78.267	3667	0.1349197707	330.0200897467	0.3640855768	-0.2395501280
78.263	3668	0.1349182209	329.9825388183	0.3640756824	-0.2395383262
78.261	3669	0.1349173865	329.9506205291	0.3640663841	-0.2395346307
78.268	3670	0.1349201283	329.9099403566	0.3640555360	-0.2395247364
78.280	3671	0.1349251351	329.8748928234	0.3640450456	-0.2395199680
78.281	3672	0.1349252543	329.8354643485	0.3640365818	-0.2395235443
78.285	3673	0.1349270424	329.7972875713	0.3640250185	-0.2395203256
78.283	3674	0.1349263272	329.7641175845	0.3640163162	-0.2395162725
78.285	3675	0.1349269232	329.7259408072	0.3640076139	-0.2395091200
78.295	3676	0.1349308571	329.6890157276	0.3639959314	-0.2394991064
78.297	3677	0.1349318108	329.6495872527	0.3639881828	-0.2394898081
78.301	3678	0.1349331221	329.6164172659	0.3639775732	-0.2394824171
78.310	3679	0.1349369368	329.5794921863	0.3639655330	-0.2394756221
78.307	3680	0.1349356255	329.5450705019	0.3639568307	-0.2394670391
78.302	3681	0.1349335989	329.5081454222	0.3639472940	-0.2394589328
78.309	3682	0.1349364600	329.4693427962	0.3639359691	-0.2394510650
78.311	3683	0.1349371752	329.4336694141	0.3639291742	-0.2394397401
78.317	3684	0.1349396786	329.3967443345	0.3639178493	-0.2394306802
78.313	3685	0.1349378905	329.3598192549	0.3639084318	-0.2394250774
78.309	3686	0.1349363407	329.3253975705	0.3638991334	-0.2394200706
78.319	3687	0.1349403939	329.2865949444	0.3638895967	-0.2394158983
78.320	3688	0.1349409899	329.2540508064	0.3638800600	-0.2394025468
78.317	3689	0.1349397978	329.2121189363	0.3638711193	-0.2393953943
78.320	3690	0.1349408707	329.1814523447	0.3638606288	-0.2393854999
78.320	3691	0.1349409899	329.1464048115	0.3638495424	-0.2393790626
78.332	3692	0.1349454007	329.1063504878	0.3638404825	-0.2393717908
78.334	3693	0.1349463543	329.0700512570	0.3638290384	-0.2393628502
78.332	3694	0.1349454007	329.0387588166	0.3638210513	-0.2393551015
78.339	3695	0.1349485001	328.9987044930	0.3638121107	-0.2393479490
78.340	3696	0.1349488577	328.9630311109	0.3638025739	-0.2393350744
78.346	3697	0.1349512419	328.9273577289	0.3637931564	-0.2393287563
78.342	3698	0.1349495730	328.8923101957	0.3637833812	-0.2393181467
78.349	3699	0.1349524340	328.8572626625	0.3637730100	-0.2393118286
78.348	3700	0.1349518380	328.8228409781	0.3637637117	-0.2393064642
78.350	3701	0.1349525532	328.7840383520	0.3637533405	-0.2392990732
78.349	3702	0.1349521956	328.7521200628	0.3637440421	-0.2392925167
78.351	3703	0.1349531493	328.7158208320	0.3637366512	-0.2392829799
78.355	3704	0.1349545798	328.6795216012	0.3637274721	-0.2392728471
78.363	3705	0.1349576792	328.6400931263	0.3637154319	-0.2392634296
78.361	3706	0.1349570832	328.6025421979	0.3637058952	-0.2392559194
78.368	3707	0.1349598250	328.5712497575	0.3636964776	-0.2392469787
78.370	3708	0.1349604210	328.5343246778	0.3636863448	-0.2392381572
78.377	3709	0.1349631628	328.4973995982	0.3636760928	-0.2392293357
78.370	3710	0.1349605402	328.4623520650	0.3636679866	-0.2392221832
78.382	3711	0.1349651894	328.4248011365	0.3636577346	-0.2392137193
78.390	3712	0.1349686465	328.3928828474	0.3636467674	-0.2392056131
78.386	3713	0.1349667391	328.3578353141	0.3636379459	-0.2391966724
78.385	3714	0.1349666199	328.3196585369	0.3636307933	-0.2391930961
78.381	3715	0.1349650702	328.2852368525	0.3636188724	-0.2391908311
78.388	3716	0.1349678120	328.2514410169	0.3636102893	-0.2391771221
78.388	3717	0.1349678120	328.2138900884	0.3635977723	-0.2391594791
78.393	3718	0.1349696001	328.1807201016	0.3635903814	-0.2391516113
78.400	3719	0.1349723420	328.1431691732	0.3635800102	-0.2391439819
78.397	3720	0.1349711499	328.1068699424	0.3635730960	-0.2391287231
78.394	3721	0.1349700770	328.0724482579	0.3635627248	-0.2391188287
78.402	3722	0.1349732956	328.0411558176	0.3635517575	-0.2391082191
78.407	3723	0.1349753222	327.9998497963	0.3635426976	-0.2391004705
78.419	3724	0.1349798521	327.9673056583	0.3635333993	-0.2390915298
78.419	3725	0.1349799713	327.9297547299	0.3635236242	-0.2390842580
78.414	3726	0.1349779448	327.8953330454	0.3635156371	-0.2390805625
78.425	3727	0.1349824747	327.8590338146	0.3635057428	-0.2390769863
78.432	3728	0.1349849781	327.8277413742	0.3634947755	-0.2390937948
78.431	3729	0.1349848589	327.7914421434	0.3634880998	-0.2391050004
78.426	3730	0.1349825940	327.7595238542	0.3634765365	-0.2391178750
78.429	3731	0.1349840245	327.7188436817	0.3634680726	-0.2391054773
78.435	3732	0.1349861702	327.6831702997	0.3634573438	-0.2390829467
78.432	3733	0.1349852166	327.6487486153	0.3634475686	-0.2390675687
78.435	3734	0.1349862894	327.6130752333	0.3634381511	-0.2390753173
78.439	3735	0.1349877200	327.5805310953	0.3634294488	-0.2390874767
78.433	3736	0.1349854550	327.5454835621	0.3634217002	-0.2390744829
78.441	3737	0.1349887928	327.5135652729	0.3634125211	-0.2390635156
78.443	3738	0.1349895081	327.4747626468	0.3634015538	-0.2390532636
78.445	3739	0.1349901041	327.4397151136	0.3633897521	-0.2390468263
78.453	3740	0.1349933228	327.4071709756	0.3633840301	-0.2390394353
78.458	3741	0.1349953493	327.3714975936	0.3633723476	-0.2390366935
78.454	3742	0.1349939188	327.3345725140	0.3633662679	-0.2390176200
78.455	3743	0.1349941573	327.3026542248	0.3633547046	-0.2390082025
78.456	3744	0.1349945149	327.2651032963	0.3633444526	-0.2390023612
78.454	3745	0.1349936804	327.2306816119	0.3633356311	-0.2389965200
78.466	3746	0.1349986872	327.1962599275	0.3633280017	-0.2389910364
78.467	3747	0.1349989256	327.1643416383	0.3633182265	-0.2389857911
78.472	3748	0.1350008330	327.1267907099	0.3633079745	-0.2389876985
78.469	3749	0.1349998793	327.0961241183	0.3632987954	-0.2389738702
78.477	3750	0.1350028595	327.0629541315	0.3632894971	-0.2389681482
78.476	3751	0.1350023827	327.0222739591	0.3632785298	-0.2389720821
78.476	3752	0.1350026211	326.9909815187	0.3632707812	-0.2389646911
78.476	3753	0.1350026211	326.9534305902	0.3632617213	-0.2389588498
78.474	3754	0.1350016674	326.9215123011	0.3632508733	-0.2389512204
78.486	3755	0.1350063166	326.8870906166	0.3632408597	-0.2389450216
78.491	3756	0.1350085816	326.8507913858	0.3632339456	-0.2389394187
78.494	3757	0.1350094160	326.8163697014	0.3632244088	-0.2389323854
78.498	3758	0.1350112042	326.7806963194	0.3632153489	-0.2389242791
78.488	3759	0.1350073895	326.7456487862	0.3632059314	-0.2389198684
78.485	3760	0.1350059590	326.7118529506	0.3631954410	-0.2389228486
78.491	3761	0.1350085816	326.6799346614	0.3631854274	-0.2389195108
78.499	3762	0.1350116810	326.6473905234	0.3631763675	-0.2389184379
78.497	3763	0.1350106081	326.6123429902	0.3631681420	-0.2389122390
78.502	3764	0.1350127539	326.5760437593	0.3631596782	-0.2389103317
78.503	3765	0.1350133500	326.5397445285	0.3631497838	-0.2389032983
78.503	3766	0.1350132307	326.5090779370	0.3631385781	-0.2388967418
78.506	3767	0.1350143036	326.4771596478	0.3631307103	-0.2388916158
78.506	3768	0.1350144228	326.4402345681	0.3631218888	-0.2388904237
78.517	3769	0.1350185952	326.4045611861	0.3631116368	-0.2388898277
78.513	3770	0.1350171646	326.3738945945	0.3631025769	-0.2388823175
78.513	3771	0.1350171646	326.3419763054	0.3630923249	-0.2388740920
78.517	3772	0.1350185952	326.3056770745	0.3630804040	-0.2388647937
78.526	3773	0.1350224099	326.2693778437	0.3630739667	-0.2388597869
78.527	3774	0.1350227675	326.2393371009	0.3630669333	-0.2388492965
78.526	3775	0.1350221714	326.2049154165	0.3630571582	-0.2388426208
78.528	3776	0.1350230059	326.1692420345	0.3630480983	-0.2388371372
78.534	3777	0.1350252709	326.1366978965	0.3630384423	-0.2388291501
78.524	3778	0.1350215754	326.1022762121	0.3630308129	-0.2388216399
78.535	3779	0.1350256285	326.0684803765	0.3630222299	-0.2388148450
78.538	3780	0.1350270590	326.0353103897	0.3630112626	-0.2388042354
78.535	3781	0.1350256285	325.9990111589	0.3630020835	-0.2387961292
78.541	3782	0.1350280127	325.9720996602	0.3629911162	-0.2387898111
78.542	3783	0.1350284895	325.9339228829	0.3629826524	-0.2388078117
78.548	3784	0.1350311121	325.8995011985	0.3629716851	-0.2388171100
78.553	3785	0.1350327811	325.8682087581	0.3629652478	-0.2388163947
78.553	3786	0.1350327811	325.8312836785	0.3629559495	-0.2388073348
78.551	3787	0.1350321850	325.8012429357	0.3629465319	-0.2388025665
78.562	3788	0.1350364766	325.7630661585	0.3629393794	-0.2387967252
78.560	3789	0.1350355229	325.7323995669	0.3629296042	-0.2387895726
78.567	3790	0.1350385031	325.6986037313	0.3629217364	-0.2387868308
78.566	3791	0.1350380263	325.6623045005	0.3629099347	-0.2387805127
78.564	3792	0.1350374302	325.6335154553	0.3629012324	-0.2387761020
78.568	3793	0.1350387415	325.5990937709	0.3628936030	-0.2387727641
78.569	3794	0.1350392184	325.5684271794	0.3628845431	-0.2387656116
78.567	3795	0.1350383839	325.5340054950	0.3628757216	-0.2387619161
78.576	3796	0.1350419602	325.5027130546	0.3628651120	-0.2387567901
78.576	3797	0.1350418410	325.4657879749	0.3628555753	-0.2387526178
78.574	3798	0.1350411257	325.4338696858	0.3628452040	-0.2387458228
78.567	3799	0.1350385031	325.3988221525	0.3628372170	-0.2387384319
78.574	3800	0.1350411257	325.3656521657	0.3628299453	-0.2387337827
78.575	3801	0.1350414833	325.3318563301	0.3628192164	-0.2387287759
78.572	3802	0.1350402913	325.2974346457	0.3628111102	-0.2387218618
78.579	3803	0.1350430331	325.2617612637	0.3627994277	-0.2387145900
78.577	3804	0.1350425562	325.2342239162	0.3627937056	-0.2387085103
78.578	3805	0.1350426754	325.1966729877	0.3627832152	-0.2387038612
78.580	3806	0.1350435099	325.1641288498	0.3627761819	-0.2387006425
78.591	3807	0.1350480399	325.1303330142	0.3627671220	-0.2387010001
78.585	3808	0.1350455365	325.1009181202	0.3627568700	-0.2386973046
78.594	3809	0.1350493512	325.0639930406	0.3627476908	-0.2386908673
78.602	3810	0.1350524506	325.0345781466	0.3627402999	-0.2386871719
78.602	3811	0.1350523314	324.9976530670	0.3627295710	-0.2386822843
78.601	3812	0.1350520930	324.9632313826	0.3627203919	-0.2386794233
78.595	3813	0.1350494704	324.9331906398	0.3627112128	-0.2386793040
78.597	3814	0.1350501856	324.9031498970	0.3627015568	-0.2386731052
78.599	3815	0.1350511393	324.8718574567	0.3626930930	-0.2386664294
78.601	3816	0.1350518546	324.8330548306	0.3626855828	-0.2386645221
78.598	3817	0.1350505433	324.8067691807	0.3626759268	-0.2386561774
78.605	3818	0.1350535235	324.7685924034	0.3626655556	-0.2386478328
78.609	3819	0.1350551924	324.7398033583	0.3626586415	-0.2386425876
78.620	3820	0.1350593647	324.7047558251	0.3626486279	-0.2386385345
78.620	3821	0.1350596032	324.6709599895	0.3626383759	-0.2386388921
78.627	3822	0.1350622258	324.6415450955	0.3626309849	-0.2386323356
78.631	3823	0.1350636563	324.6077492599	0.3626208521	-0.2386281633
78.627	3824	0.1350621066	324.5764568196	0.3626113154	-0.2386231565
78.639	3825	0.1350667557	324.5445385304	0.3626020171	-0.2386186265
78.635	3826	0.1350653252	324.5132460900	0.3625951029	-0.2386158847
78.632	3827	0.1350643715	324.4744434639	0.3625865199	-0.2386139773
78.632	3828	0.1350643715	324.4437768724	0.3625779368	-0.2386081361
78.634	3829	0.1350649676	324.4099810368	0.3625682808	-0.2386063480
78.632	3830	0.1350643715	324.3805661428	0.3625577904	-0.2386022948
78.641	3831	0.1350678286	324.3473961560	0.3625477769	-0.2385977649
78.641	3832	0.1350678286	324.3154778669	0.3625420548	-0.2385935926
78.650	3833	0.1350711665	324.2829337289	0.3625353791	-0.2385898971
78.653	3834	0.1350723586	324.2528929861	0.3625244118	-0.2385864400
78.656	3835	0.1350735506	324.2190971505	0.3625151135	-0.2385832214
78.658	3836	0.1350743851	324.1840496173	0.3625066496	-0.2385803603
78.660	3837	0.1350752196	324.1583898162	0.3624977089	-0.2385733270
78.660	3838	0.1350752196	324.1195871901	0.3624881722	-0.2385698699
78.659	3839	0.1350748619	324.0926756914	0.3624782778	-0.2385702275
78.675	3840	0.1350810608	324.0551247630	0.3624702908	-0.2385641479
78.675	3841	0.1350811800	324.0213289274	0.3624609925	-0.2385609292
78.676	3842	0.1350814185	323.9937915798	0.3624531247	-0.2385565185
78.679	3843	0.1350827298	323.9599957442	0.3624443032	-0.2385517501
78.678	3844	0.1350824913	323.9274516062	0.3624366738	-0.2385481738
78.679	3845	0.1350826106	323.8974108635	0.3624259449	-0.2385432862
78.678	3846	0.1350824913	323.8642408767	0.3624178387	-0.2385370874
78.675	3847	0.1350812993	323.8316967387	0.3624066330	-0.2385378026
78.681	3848	0.1350836834	323.8016559959	0.3623980500	-0.2385345840
78.678	3849	0.1350822529	323.7666084627	0.3623913743	-0.2385299348
78.683	3850	0.1350845179	323.7353160224	0.3623817183	-0.2385215901
78.683	3851	0.1350842795	323.7040235820	0.3623727776	-0.2385113381
78.679	3852	0.1350827298	323.6733569904	0.3623639561	-0.2385052585
78.688	3853	0.1350861868	323.6433162477	0.3623564459	-0.2384967946
78.684	3854	0.1350847563	323.6088945633	0.3623460747	-0.2384909534
78.687	3855	0.1350858292	323.5763504253	0.3623376109	-0.2384810590
78.697	3856	0.1350900015	323.5450579849	0.3623287894	-0.2384759330
78.697	3857	0.1350897631	323.5143913933	0.3623203255	-0.2384712838
78.699	3858	0.1350904784	323.4862281970	0.3623104311	-0.2384625815
78.698	3859	0.1350902399	323.4518065126	0.3623032786	-0.2384547137
78.698	3860	0.1350903592	323.4148814329	0.3622945763	-0.2384480380
78.695	3861	0.1350889286	323.3904733295	0.3622852780	-0.2384423160
78.713	3862	0.1350962004	323.3604325867	0.3622780062	-0.2384363555
78.705	3863	0.1350931010	323.3241333559	0.3622694231	-0.2384278916
78.709	3864	0.1350947699	323.2953443107	0.3622594096	-0.2384238385
78.705	3865	0.1350929818	323.2621743239	0.3622510649	-0.2384162091
78.714	3866	0.1350965580	323.2283784883	0.3622430779	-0.2384121560
78.717	3867	0.1350976309	323.1995894432	0.3622333027	-0.2384026193
78.711	3868	0.1350952467	323.1695487004	0.3622254349	-0.2383930825
78.720	3869	0.1350988230	323.1338753184	0.3622158982	-0.2383833074
78.716	3870	0.1350972733	323.1032087268	0.3622092224	-0.2383728169
78.718	3871	0.1350982270	323.0731679841	0.3621994473	-0.2383670949
78.718	3872	0.1350982270	323.0406238461	0.3621913411	-0.2383598231
78.720	3873	0.1350990614	323.0099572545	0.3621837117	-0.2383533858
78.726	3874	0.1351014456	322.9774131165	0.3621752478	-0.2383477830
78.718	3875	0.1350983462	322.9467465250	0.3621641613	-0.2383375310
78.723	3876	0.1351002535	322.9173316310	0.3621564127	-0.2383290671
78.725	3877	0.1351009688	322.8829099466	0.3621474720	-0.2383229875
78.722	3878	0.1350996575	322.8559984479	0.3621392466	-0.2383122586
78.727	3879	0.1351019225	322.8215767635	0.3621310211	-0.2383047484
78.731	3880	0.1351034722	322.7915360207	0.3621235110	-0.2382987880
78.737	3881	0.1351058564	322.7589918827	0.3621162392	-0.2382928275
78.738	3882	0.1351059756	322.7289511400	0.3621056296	-0.2382820987
78.732	3883	0.1351038298	322.6970328508	0.3620978810	-0.2382822179
78.745	3884	0.1351087174	322.6632370152	0.3620891787	-0.2382798337
78.739	3885	0.1351065716	322.6350738189	0.3620825030	-0.2382584952
78.742	3886	0.1351076445	322.6025296809	0.3620724894	-0.2382464551
78.750	3887	0.1351109824	322.5718630893	0.3620614029	-0.2382359647
78.749	3888	0.1351106247	322.5449515906	0.3620554425	-0.2382266663
78.758	3889	0.1351138434	322.5105299062	0.3620466210	-0.2382186793
78.753	3890	0.1351119360	322.4817408610	0.3620364882	-0.2382095002
78.759	3891	0.1351143202	322.4485708742	0.3620314814	-0.2382060431
78.760	3892	0.1351149163	322.4172784339	0.3620203949	-0.2382042550
78.753	3893	0.1351120552	322.3872376911	0.3620134808	-0.2381965064
78.767	3894	0.1351176581	322.3546935531	0.3620019175	-0.2381886386
78.769	3895	0.1351182541	322.3240269616	0.3619941689	-0.2381825589
78.766	3896	0.1351170620	322.2902311260	0.3619859434	-0.2381767176
78.773	3897	0.1351200423	322.2589386856	0.3619780756	-0.2381724261
78.767	3898	0.1351175389	322.2364081285	0.3619685389	-0.2381650351
78.758	3899	0.1351140818	322.2019864441	0.3619610287	-0.2381547831
78.766	3900	0.1351171812	322.1688164573	0.3619510151	-0.2381445311
78.769	3901	0.1351184926	322.1387757146	0.3619433857	-0.2381369017
78.773	3902	0.1351199231	322.1087349718	0.3619359947	-0.2381320142
78.778	3903	0.1351218304	322.0768166826	0.3619249083	-0.2381265305
78.778	3904	0.1351219496	322.0461500911	0.3619162060	-0.2381196164
78.776	3905	0.1351211152	322.0173610459	0.3619090534	-0.2381106757
78.774	3906	0.1351201615	321.9873203032	0.3618998743	-0.2381051921
78.776	3907	0.1351212344	321.9541503164	0.3618929602	-0.2380963706
78.781	3908	0.1351232609	321.9266129688	0.3618834234	-0.2380885028
78.789	3909	0.1351262412	321.8915654356	0.3618757940	-0.2380840920
78.783	3910	0.1351237378	321.8634022393	0.3618689991	-0.2380731248
78.785	3911	0.1351248106	321.8308581013	0.3618589855	-0.2380657338
78.787	3912	0.1351256451	321.8039466026	0.3618520714	-0.2380612038
78.789	3913	0.1351262412	321.7745317086	0.3618426539	-0.2380525016
78.792	3914	0.1351273140	321.7407358730	0.3618346668	-0.2380457066
78.799	3915	0.1351302943	321.7150760719	0.3618267990	-0.2380389117
78.800	3916	0.1351306519	321.6837836316	0.3618166662	-0.2380309247
78.803	3917	0.1351316056	321.6512394936	0.3618082024	-0.2380261563
78.799	3918	0.1351300559	321.6205729020	0.3618008114	-0.2380160235
78.797	3919	0.1351293406	321.5886546128	0.3617915131	-0.2380072020
78.801	3920	0.1351308903	321.5598655677	0.3617832876	-0.2380015992
78.807	3921	0.1351333937	321.5266955809	0.3617751814	-0.2379950427
78.806	3922	0.1351331553	321.5004099310	0.3617676712	-0.2379839562
78.801	3923	0.1351308903	321.4697433394	0.3617571808	-0.2379810952
78.809	3924	0.1351343474	321.4359475038	0.3617478825	-0.2379714392
78.808	3925	0.1351337513	321.4090360051	0.3617426373	-0.2379677438
78.813	3926	0.1351357779	321.3789952623	0.3617340542	-0.2379566573
78.812	3927	0.1351354203	321.3483286708	0.3617252327	-0.2379493855
78.815	3928	0.1351366124	321.3139069864	0.3617170073	-0.2379350804
78.816	3929	0.1351368508	321.2876213364	0.3617080666	-0.2379241131
78.821	3930	0.1351389965	321.2575805937	0.3616999603	-0.2379106425
78.819	3931	0.1351382813	321.2262881533	0.3616916157	-0.2379042052
78.814	3932	0.1351361355	321.1956215617	0.3616826750	-0.2378944300
78.824	3933	0.1351399502	321.1680842142	0.3616752840	-0.2378845357
78.826	3934	0.1351410231	321.1374176227	0.3616675354	-0.2378776215
78.828	3935	0.1351416192	321.1042476359	0.3616575218	-0.2378662966
78.827	3936	0.1351411423	321.0798395324	0.3616504885	-0.2378610514
78.828	3937	0.1351414999	321.0472953944	0.3616404749	-0.2378517531
78.833	3938	0.1351435265	321.0160029540	0.3616332031	-0.2378415011
78.832	3939	0.1351432881	320.9815812696	0.3616262890	-0.2378316067
78.833	3940	0.1351436457	320.9577990149	0.3616186596	-0.2378236197
78.842	3941	0.1351473412	320.9302616674	0.3616080500	-0.2378157519
78.847	3942	0.1351492485	320.8964658318	0.3616005398	-0.2378068112
78.844	3943	0.1351478180	320.8689284843	0.3615915991	-0.2377969168
78.842	3944	0.1351473412	320.8345067998	0.3615820623	-0.2377880953
78.854	3945	0.1351521096	320.8069694523	0.3615750290	-0.2377766512
78.837	3946	0.1351454339	320.7769287096	0.3615693069	-0.2377674721
78.841	3947	0.1351467452	320.7456362692	0.3615591742	-0.2377600812
78.849	3948	0.1351500830	320.7174730729	0.3615492798	-0.2377494715
78.851	3949	0.1351509175	320.6874323301	0.3615423656	-0.2377410077
78.850	3950	0.1351505599	320.6555140409	0.3615342594	-0.2377319478
78.863	3951	0.1351555666	320.6242216005	0.3615267492	-0.2377236031
78.861	3952	0.1351547322	320.5948067066	0.3615175701	-0.2377164506
78.857	3953	0.1351531825	320.5703986031	0.3615076757	-0.2377144240
78.864	3954	0.1351560435	320.5372286163	0.3615020729	-0.2377054833
78.869	3955	0.1351579508	320.5071878736	0.3614926554	-0.2377023839
78.865	3956	0.1351564011	320.4777729796	0.3614837147	-0.2376917742
78.863	3957	0.1351553282	320.4464805392	0.3614754892	-0.2376811646
78.862	3958	0.1351552090	320.4220724357	0.3614670254	-0.2376867674
78.874	3959	0.1351598582	320.3895282978	0.3614576078	-0.2376758002
78.876	3960	0.1351606926	320.3607392526	0.3614522434	-0.2376592301
78.873	3961	0.1351595005	320.3306985099	0.3614428259	-0.2376492165
78.878	3962	0.1351616463	320.3012836159	0.3614317394	-0.2376412295
78.876	3963	0.1351606926	320.2737462684	0.3614262558	-0.2376318120
78.882	3964	0.1351628384	320.2412021304	0.3614201761	-0.2376248978
78.879	3965	0.1351620039	320.2105355388	0.3614082552	-0.2376194142
78.885	3966	0.1351643881	320.1829981913	0.3614015795	-0.2376121424
78.885	3967	0.1351640305	320.1548349950	0.3613919235	-0.2376061820
78.888	3968	0.1351655802	320.1254201010	0.3613851286	-0.2375980757
78.895	3969	0.1351683220	320.0953793583	0.3613759495	-0.2375906847
78.897	3970	0.1351690373	320.0672161619	0.3613670088	-0.2375822209
78.894	3971	0.1351679644	320.0334203263	0.3613610483	-0.2375736378
78.887	3972	0.1351649842	320.0077605252	0.3613518692	-0.2375663661
78.890	3973	0.1351662955	319.9814748753	0.3613448358	-0.2375575446
78.894	3974	0.1351678452	319.9483048885	0.3613386370	-0.2375509881
78.900	3975	0.1351701102	319.9176382969	0.3613286234	-0.2375412129
78.901	3976	0.1351707062	319.8913526470	0.3613209940	-0.2375364445
78.904	3977	0.1351716599	319.8625636019	0.3613133646	-0.2375276230
78.905	3978	0.1351720175	319.8325228591	0.3613070465	-0.2375207089
78.908	3979	0.1351732096	319.8018562676	0.3612972713	-0.2375148676
78.909	3980	0.1351735672	319.7736930712	0.3612886883	-0.2375053309
78.903	3981	0.1351714215	319.7424006309	0.3612786747	-0.2374988936
78.912	3982	0.1351748785	319.7154891321	0.3612740255	-0.2374880455
78.913	3983	0.1351754746	319.6892034822	0.3612661577	-0.2374799393
78.914	3984	0.1351755938	319.6547817978	0.3612562633	-0.2374743365
78.910	3985	0.1351742825	319.6272444503	0.3612500644	-0.2374701641
78.918	3986	0.1351772627	319.5947003123	0.3612406469	-0.2374612235
78.930	3987	0.1351821503	319.5702922088	0.3612336136	-0.2374508522
78.921	3988	0.1351783356	319.5427548613	0.3612234808	-0.2374434613
78.925	3989	0.1351801238	319.5127141185	0.3612147785	-0.2374378584
78.934	3990	0.1351837000	319.4832992246	0.3612078644	-0.2374307059
78.931	3991	0.1351823887	319.4570135747	0.3612001158	-0.2374208115
78.931	3992	0.1351825079	319.4257211343	0.3611908174	-0.2374165200
78.931	3993	0.1351822695	319.3975579380	0.3611829496	-0.2374125861
78.940	3994	0.1351860842	319.3693947416	0.3611747242	-0.2374104403
78.935	3995	0.1351841769	319.3337213596	0.3611687637	-0.2374062680
78.941	3996	0.1351863226	319.3099391049	0.3611592270	-0.2373981617
78.943	3997	0.1351870379	319.2830276062	0.3611512399	-0.2373937510
78.945	3998	0.1351878724	319.2517351658	0.3611424185	-0.2373873137
78.939	3999	0.1351854882	319.2216944231	0.3611361004	-0.2373818301
78.947	4000	0.1351887068	319.1922795291	0.3611265636	-0.2373727702
78.947	4001	0.1351888260	319.1659938792	0.3611190534	-0.2373677634
78.948	4002	0.1351889452	319.1378306829	0.3611110664	-0.2373622797
78.947	4003	0.1351888260	319.1046606961	0.3611039138	-0.2373557232
78.951	4004	0.1351902565	319.0808784414	0.3610962845	-0.2373498820
78.954	4005	0.1351913294	319.0527152451	0.3610869861	-0.2373460673
78.963	4006	0.1351949057	319.0233003511	0.3610812641	-0.2373409413
78.954	4007	0.1351915678	318.9957630036	0.3610726810	-0.2373367689
78.954	4008	0.1351915678	318.9607154704	0.3610646940	-0.2373304509
78.952	4009	0.1351908526	318.9363073669	0.3610540844	-0.2373236559
78.963	4010	0.1351949057	318.9081441705	0.3610457397	-0.2373206757
78.959	4011	0.1351935944	318.8781034278	0.3610390640	-0.2373149536
78.971	4012	0.1351982436	318.8505660802	0.3610314346	-0.2373114966
78.972	4013	0.1351987204	318.8180219423	0.3610247589	-0.2373062514
78.965	4014	0.1351958594	318.7942396876	0.3610152221	-0.2373030327
78.973	4015	0.1351991972	318.7654506424	0.3610066391	-0.2372971915
78.979	4016	0.1352012238	318.7397908413	0.3610009170	-0.2372895621
78.978	4017	0.1352011046	318.7097500986	0.3609907842	-0.2372846745
78.976	4018	0.1352003893	318.6834644487	0.3609823204	-0.2372784756
78.978	4019	0.1352009854	318.6534237059	0.3609737373	-0.2372716807
78.983	4020	0.1352031312	318.6246346608	0.3609665847	-0.2372685812
78.979	4021	0.1352014622	318.5945939180	0.3609596706	-0.2372611903
78.979	4022	0.1352014622	318.5639273264	0.3609513260	-0.2372578524
78.985	4023	0.1352036080	318.5382675253	0.3609436966	-0.2372499846
78.989	4024	0.1352053961	318.5101043290	0.3609363056	-0.2372460507
78.994	4025	0.1352071843	318.4844445279	0.3609283186	-0.2372416399
78.998	4026	0.1352087340	318.4519003899	0.3609218813	-0.2372366331
78.988	4027	0.1352048001	318.4268664376	0.3609124637	-0.2372313879
78.993	4028	0.1352068266	318.3987032413	0.3609074569	-0.2372290037
78.995	4029	0.1352076611	318.3692883473	0.3608982778	-0.2372266196
78.993	4030	0.1352069458	318.3404993022	0.3608910060	-0.2372273348
78.996	4031	0.1352080187	318.3154653499	0.3608838535	-0.2372189902
78.999	4032	0.1352093300	318.2860504559	0.3608736015	-0.2372143410
79.007	4033	0.1352125487	318.2541321668	0.3608654953	-0.2372061156
79.003	4034	0.1352109990	318.2297240633	0.3608570314	-0.2371990822
79.001	4035	0.1352101645	318.2015608669	0.3608490444	-0.2371937178
78.999	4036	0.1352093300	318.1740235194	0.3608399845	-0.2371850155
79.004	4037	0.1352111182	318.1471120207	0.3608321167	-0.2371786974
79.001	4038	0.1352100453	318.1164454291	0.3608265138	-0.2371711872
79.003	4039	0.1352109990	318.0857788375	0.3608161426	-0.2371662997
79.003	4040	0.1352108798	318.0638741293	0.3608089900	-0.2371609352
79.008	4041	0.1352126679	318.0332075377	0.3608027912	-0.2371539019
79.015	4042	0.1352155289	318.0037926438	0.3607943273	-0.2371482990
79.006	4043	0.1352120718	317.9756294474	0.3607869363	-0.2371435307
79.017	4044	0.1352166018	317.9480920999	0.3607777572	-0.2371368550
79.017	4045	0.1352164826	317.9230581476	0.3607722736	-0.2371308945
79.015	4046	0.1352155289	317.8923915560	0.3607624984	-0.2371252917
79.018	4047	0.1352167210	317.8636025109	0.3607551074	-0.2371189736
79.021	4048	0.1352177939	317.8366910122	0.3607481933	-0.2371143244
79.023	4049	0.1352188668	317.8116570599	0.3607399679	-0.2371072910
79.016	4050	0.1352158865	317.7841197124	0.3607286430	-0.2371032379
79.022	4051	0.1352182707	317.7540789696	0.3607235170	-0.2370987080
79.023	4052	0.1352186284	317.7309225637	0.3607139802	-0.2370938204
79.027	4053	0.1352202973	317.6977525769	0.3607105232	-0.2370900057
79.033	4054	0.1352226815	317.6689635318	0.3607008672	-0.2370851181
79.027	4055	0.1352205357	317.6408003355	0.3606912113	-0.2370766543
79.030	4056	0.1352216086	317.6170180808	0.3606866813	-0.2370702170
79.032	4057	0.1352222046	317.5888548844	0.3606773830	-0.2370662831
79.026	4058	0.1352199397	317.5594399905	0.3606685615	-0.2370592497
79.031	4059	0.1352218470	317.5331543406	0.3606603361	-0.2370577000
79.034	4060	0.1352230391	317.5049911442	0.3606535411	-0.2370506666
79.034	4061	0.1352230391	317.4736987039	0.3606465078	-0.2370474480
79.038	4062	0.1352248272	317.4536715420	0.3606374479	-0.2370427988
79.047	4063	0.1352281651	317.4223791017	0.3606316066	-0.2370405338
79.039	4064	0.1352249465	317.3948417541	0.3606194473	-0.2370361231
79.051	4065	0.1352298340	317.3673044066	0.3606100297	-0.2370302818
79.047	4066	0.1352284035	317.3428963031	0.3606046653	-0.2370230101
79.056	4067	0.1352317414	317.3128555604	0.3605985856	-0.2370165728
79.052	4068	0.1352304301	317.2846923640	0.3605910755	-0.2370119236
79.050	4069	0.1352294764	317.2584067141	0.3605829692	-0.2370060824
79.061	4070	0.1352338871	317.2308693666	0.3605716443	-0.2370042942
79.057	4071	0.1352322182	317.2045837167	0.3605693794	-0.2369973801
79.061	4072	0.1352337679	317.1770463691	0.3605607963	-0.2369982145
79.066	4073	0.1352359137	317.1495090216	0.3605509019	-0.2369911812
79.063	4074	0.1352346024	317.1244750693	0.3605442262	-0.2369802139
79.066	4075	0.1352359137	317.0919309313	0.3605369544	-0.2369729422
79.063	4076	0.1352344832	317.0694003743	0.3605290866	-0.2369663857
79.068	4077	0.1352363905	317.0424888755	0.3605194307	-0.2369592331
79.068	4078	0.1352363905	317.0118222840	0.3605158544	-0.2369548224
79.074	4079	0.1352387747	316.9861624829	0.3605069137	-0.2369483851
79.068	4080	0.1352365098	316.9579992865	0.3604957080	-0.2369417093
79.071	4081	0.1352375826	316.9335911830	0.3604912973	-0.2369359873
79.071	4082	0.1352379403	316.9048021379	0.3604792571	-0.2369289539
79.078	4083	0.1352406821	316.8766389416	0.3604769922	-0.2369221590
79.070	4084	0.1352372250	316.8491015940	0.3604685283	-0.2369169138
79.081	4085	0.1352415165	316.8221900953	0.3604583955	-0.2369265698
79.088	4086	0.1352444968	316.7959044454	0.3604542232	-0.2369169138
79.087	4087	0.1352439007	316.7683670979	0.3604439712	-0.2369099997
79.086	4088	0.1352437815	316.7408297503	0.3604405141	-0.2369074963
79.085	4089	0.1352431855	316.7151699492	0.3604264474	-0.2369008205
79.090	4090	0.1352452120	316.6907618458	0.3604246593	-0.2368955753
79.087	4091	0.1352440199	316.6582177078	0.3604155994	-0.2368977211
79.081	4092	0.1352417550	316.6331837555	0.3604068971	-0.2369032047
79.090	4093	0.1352454505	316.6075239544	0.3604008174	-0.2368792437
79.098	4094	0.1352483115	316.5806124556	0.3603909230	-0.2368785284
79.096	4095	0.1352475962	316.5524492593	0.3603840089	-0.2368726872
79.100	4096	0.1352490267	316.5292928534	0.3603775716	-0.2368784092
79.100	4097	0.1352493844	316.4986262619	0.3603726840	-0.2368755482
79.096	4098	0.1352475962	316.4692113679	0.3603613591	-0.2368915222
79.102	4099	0.1352500996	316.4441774156	0.3603536105	-0.2368958138
79.098	4100	0.1352483115	316.4141366729	0.3603474117	-0.2368904493
79.100	4101	0.1352490267	316.3916061158	0.3603375173	-0.2368824623
79.100	4102	0.1352493844	316.3640687683	0.3603321529	-0.2368723295
79.104	4103	0.1352506957	316.3384089672	0.3603242850	-0.2368669651
79.101	4104	0.1352495036	316.3121233172	0.3603183246	-0.2368668459
79.111	4105	0.1352534375	316.2852118185	0.3603102184	-0.2368636272
79.112	4106	0.1352540335	316.2570486222	0.3603016353	-0.2368651770
79.118	4107	0.1352562985	316.2326405187	0.3602923370	-0.2368526600
79.119	4108	0.1352567753	316.2051031712	0.3602863765	-0.2368449114
79.112	4109	0.1352541527	316.1731848820	0.3602771974	-0.2368446730
79.123	4110	0.1352583251	316.1544094178	0.3602704024	-0.2368436001
79.116	4111	0.1352557025	316.1249945238	0.3602640844	-0.2368469379
79.126	4112	0.1352596364	316.0974571763	0.3602565742	-0.2368391893
79.130	4113	0.1352609477	316.0730490728	0.3602490640	-0.2368370436
79.134	4114	0.1352624974	316.0436341789	0.3602411962	-0.2368344210
79.137	4115	0.1352636895	316.0211036218	0.3602334476	-0.2368312023
79.131	4116	0.1352613053	315.9891853326	0.3602248645	-0.2368284605
79.128	4117	0.1352601132	315.9628996827	0.3602179504	-0.2368244074
79.134	4118	0.1352628550	315.9416208232	0.3602125859	-0.2368191622
79.129	4119	0.1352608285	315.9115800805	0.3602048373	-0.2368145130
79.135	4120	0.1352629742	315.8834168841	0.3601954198	-0.2368110559
79.135	4121	0.1352630934	315.8558795366	0.3601880288	-0.2368081949
79.138	4122	0.1352642855	315.8320972819	0.3601808763	-0.2368055723
79.142	4123	0.1352657160	315.8045599344	0.3601755118	-0.2368030689
79.143	4124	0.1352661929	315.7751450405	0.3601663327	-0.2367952011
79.150	4125	0.1352691731	315.7526144834	0.3601575112	-0.2367917440
79.154	4126	0.1352706036	315.7282063799	0.3601500011	-0.2367854259
79.159	4127	0.1352725110	315.7000431836	0.3601416564	-0.2367829226
79.159	4128	0.1352726302	315.6743833825	0.3601349807	-0.2367779158
79.161	4129	0.1352732262	315.6468460349	0.3601263976	-0.2367761276
79.166	4130	0.1352751336	315.6230637803	0.3601200795	-0.2367727898
79.171	4131	0.1352773985	315.5949005839	0.3601129270	-0.2367706440
79.164	4132	0.1352746567	315.5679890852	0.3601047015	-0.2367667101
79.160	4133	0.1352727494	315.5448326793	0.3600954032	-0.2367634914
79.154	4134	0.1352706036	315.5116626925	0.3600909925	-0.2367594383
79.154	4135	0.1352707228	315.4885062867	0.3600844359	-0.2367541931
79.171	4136	0.1352771601	315.4634723344	0.3600746608	-0.2367514513
79.167	4137	0.1352757296	315.4371866844	0.3600691772	-0.2367463253
79.168	4138	0.1352760872	315.4127785810	0.3600614286	-0.2367446564
79.168	4139	0.1352759680	315.3852412334	0.3600543952	-0.2367395304
79.171	4140	0.1352773985	315.3583297347	0.3600486732	-0.2367366693
79.170	4141	0.1352769217	315.3345474800	0.3600403285	-0.2367379806
79.167	4142	0.1352757296	315.3057584349	0.3600344872	-0.2367398880
79.172	4143	0.1352777562	315.2813503314	0.3600263810	-0.2367460869
79.170	4144	0.1352769217	315.2556905303	0.3600203013	-0.2367290400
79.169	4145	0.1352764449	315.2294048804	0.3600115991	-0.2367177151
79.176	4146	0.1352794251	315.2056226257	0.3600046849	-0.2367156885
79.177	4147	0.1352797827	315.1774594294	0.3599968171	-0.2367092512
79.182	4148	0.1352815709	315.1517996282	0.3599888301	-0.2367030523
79.172	4149	0.1352777562	315.1255139783	0.3599812007	-0.2366994760
79.180	4150	0.1352807364	315.0967249332	0.3599733329	-0.2366936348
79.183	4151	0.1352819285	315.0691875857	0.3599652266	-0.2366916082
79.182	4152	0.1352814517	315.0454053310	0.3599577165	-0.2366852901
79.178	4153	0.1352800211	315.0209972275	0.3599519944	-0.2366817139
79.177	4154	0.1352796635	314.9959632752	0.3599443650	-0.2366773031
79.188	4155	0.1352840743	314.9678000789	0.3599363780	-0.2366724155
79.190	4156	0.1352847895	314.9446436730	0.3599287486	-0.2366671703
79.196	4157	0.1352872929	314.9152287790	0.3599212384	-0.2366627596
79.195	4158	0.1352869353	314.8914465243	0.3599146819	-0.2366625212
79.191	4159	0.1352853856	314.8676642697	0.3599064565	-0.2366622827
79.187	4160	0.1352834782	314.8382493757	0.3598995423	-0.2366588257
79.190	4161	0.1352846703	314.8119637258	0.3598901248	-0.2366515539
79.193	4162	0.1352859816	314.7881814711	0.3598845220	-0.2366500042
79.194	4163	0.1352863392	314.7631475188	0.3598780847	-0.2366454742
79.202	4164	0.1352894387	314.7387394153	0.3598700976	-0.2366531036
79.197	4165	0.1352874121	314.7118279166	0.3598628259	-0.2366591833
79.205	4166	0.1352908692	314.6830388715	0.3598568654	-0.2366531036
79.206	4167	0.1352911076	314.6586307680	0.3598489976	-0.2366447590
79.203	4168	0.1352900347	314.6342226645	0.3598419642	-0.2366371296
79.211	4169	0.1352932534	314.6066853170	0.3598333812	-0.2366336725
79.217	4170	0.1352956376	314.5847806087	0.3598273015	-0.2366266392
79.222	4171	0.1352974257	314.5528623195	0.3598202681	-0.2366219900
79.223	4172	0.1352976641	314.5315834601	0.3598135924	-0.2366154335
79.220	4173	0.1352964720	314.5078012054	0.3598054862	-0.2366109035
79.220	4174	0.1352964720	314.4808897067	0.3597979760	-0.2366029165
79.227	4175	0.1352995715	314.4514748127	0.3597897506	-0.2365982674
79.235	4176	0.1353025517	314.4301959533	0.3597842669	-0.2365924261
79.219	4177	0.1352963528	314.4039103033	0.3597768760	-0.2365858696
79.224	4178	0.1352983794	314.3763729558	0.3597704387	-0.2365809820
79.228	4179	0.1352998099	314.3500873059	0.3597620940	-0.2365741871
79.233	4180	0.1353018364	314.3275567488	0.3597536301	-0.2365671537
79.232	4181	0.1353014788	314.3025227965	0.3597465968	-0.2365602396
79.236	4182	0.1353031478	314.2756112978	0.3597419476	-0.2365675114
79.240	4183	0.1353045783	314.2505773455	0.3597320533	-0.2365555904
79.243	4184	0.1353056511	314.2274209396	0.3597250199	-0.2365473650
79.238	4185	0.1353036246	314.1992577433	0.3597187018	-0.2365381859
79.233	4186	0.1353019557	314.1761013374	0.3597121453	-0.2365297220
79.248	4187	0.1353075585	314.1485639899	0.3597047543	-0.2365220926
79.244	4188	0.1353061280	314.1222783400	0.3596968865	-0.2365150593
79.230	4189	0.1353007636	314.1003736317	0.3596886611	-0.2365088604
79.240	4190	0.1353046975	314.0778430747	0.3596816277	-0.2365019462
79.240	4191	0.1353044591	314.0484281807	0.3596750712	-0.2364978931
79.245	4192	0.1353067240	314.0215166820	0.3596673226	-0.2364970587
79.252	4193	0.1353092274	313.9971085785	0.3596598124	-0.2364901445
79.247	4194	0.1353073201	313.9708229286	0.3596545672	-0.2364796541
79.247	4195	0.1353074393	313.9482923715	0.3596461034	-0.2364838264
79.251	4196	0.1353087506	313.9245101168	0.3596383548	-0.2364745281
79.265	4197	0.1353145918	313.8963469205	0.3596322751	-0.2364472292
79.257	4198	0.1353113732	313.8725646658	0.3596251225	-0.2364397190
79.249	4199	0.1353081545	313.8481565623	0.3596178508	-0.2364322088
79.257	4200	0.1353112540	313.8206192148	0.3596097445	-0.2364257715
79.258	4201	0.1353114924	313.7974628089	0.3596016383	-0.2364341162
79.249	4202	0.1353080353	313.7730547054	0.3595942473	-0.2364328048
79.256	4203	0.1353108964	313.7486466020	0.3595891213	-0.2364214800
79.258	4204	0.1353117308	313.7186058592	0.3595808959	-0.2364065788
79.267	4205	0.1353151879	313.6967011509	0.3595738625	-0.2363971613
79.265	4206	0.1353145918	313.6729188963	0.3595655179	-0.2363934658
79.268	4207	0.1353155455	313.6466332463	0.3595577693	-0.2363869093
79.270	4208	0.1353162608	313.6184700500	0.3595508551	-0.2363814256
79.264	4209	0.1353142342	313.5971911906	0.3595445370	-0.2363760612
79.259	4210	0.1353120884	313.5702796918	0.3595369076	-0.2363692663
79.264	4211	0.1353138766	313.5421164955	0.3595292783	-0.2363648555
79.274	4212	0.1353179297	313.5189600896	0.3595224833	-0.2363660476
79.278	4213	0.1353194794	313.4951778349	0.3595156884	-0.2363611601
79.275	4214	0.1353184065	313.4688921850	0.3595072245	-0.2363512657
79.272	4215	0.1353173337	313.4432323839	0.3595000720	-0.2363485239
79.272	4216	0.1353172144	313.4169467340	0.3594933963	-0.2363414905
79.268	4217	0.1353155455	313.3962937234	0.3594866013	-0.2363324306
79.273	4218	0.1353176913	313.3750148639	0.3594794488	-0.2363313577
79.280	4219	0.1353201947	313.3499809116	0.3594726538	-0.2363213442
79.275	4220	0.1353184065	313.3236952617	0.3594660973	-0.2363114498
79.276	4221	0.1353186450	313.2961579142	0.3594585871	-0.2362994096
79.278	4222	0.1353195986	313.2698722643	0.3594509577	-0.2362966678
79.271	4223	0.1353169760	313.2492192536	0.3594449973	-0.2362888000
79.275	4224	0.1353184065	313.2254369989	0.3594371295	-0.2362811706
79.276	4225	0.1353190026	313.1966479538	0.3594292617	-0.2362742565
79.272	4226	0.1353173337	313.1747432455	0.3594225859	-0.2362742565
79.284	4227	0.1353218636	313.1465800492	0.3594157910	-0.2362662695
79.284	4228	0.1353221020	313.1234236433	0.3594104266	-0.2362594745
79.289	4229	0.1353238902	313.1033964815	0.3594027972	-0.2362507723
79.283	4230	0.1353215060	313.0739815875	0.3593968367	-0.2362449310
79.289	4231	0.1353240094	313.0508251817	0.3593873000	-0.2362407587
79.302	4232	0.1353292546	313.0264170782	0.3593789553	-0.2362365863
79.305	4233	0.1353303275	313.0020089747	0.3593728757	-0.2362299106
79.302	4234	0.1353292546	312.9776008712	0.3593666768	-0.2362268112
79.295	4235	0.1353262744	312.9488118260	0.3593577361	-0.2362226389
79.298	4236	0.1353273472	312.9287846642	0.3593534445	-0.2362198970
79.294	4237	0.1353259167	312.9018731655	0.3593460536	-0.2362121484
79.297	4238	0.1353272280	312.8780909108	0.3593369937	-0.2362067840
79.301	4239	0.1353287778	312.8555603537	0.3593313908	-0.2362004659
79.311	4240	0.1353325924	312.8305264014	0.3593232846	-0.2361939094
79.319	4241	0.1353359303	312.8042407515	0.3593154168	-0.2361940286
79.322	4242	0.1353368840	312.7810843456	0.3593101716	-0.2361879490
79.315	4243	0.1353342614	312.7573020910	0.3593036151	-0.2361819885
79.320	4244	0.1353361687	312.7328939875	0.3592967009	-0.2361794851
79.327	4245	0.1353389105	312.7091117328	0.3592906212	-0.2361747167
79.321	4246	0.1353365264	312.6803226876	0.3592820382	-0.2361713789
79.325	4247	0.1353380761	312.6609213746	0.3592746472	-0.2361658952
79.324	4248	0.1353379569	312.6352615735	0.3592674946	-0.2361619613
79.324	4249	0.1353375992	312.6121051676	0.3592609381	-0.2361785314
79.316	4250	0.1353346190	312.5858195177	0.3592517590	-0.2361742399
79.317	4251	0.1353349766	312.5601597166	0.3592472291	-0.2361695907
79.329	4252	0.1353397450	312.5382550084	0.3592403149	-0.2361840150
79.330	4253	0.1353399834	312.5138469049	0.3592324471	-0.2361811540
79.333	4254	0.1353414139	312.4863095573	0.3592260098	-0.2361976049
79.332	4255	0.1353410563	312.4681599419	0.3592193341	-0.2362096450
79.331	4256	0.1353406987	312.4450035360	0.3592097973	-0.2362084530
79.329	4257	0.1353398642	312.4162144909	0.3592055058	-0.2362247846
79.338	4258	0.1353433213	312.3936839338	0.3591982340	-0.2362404010
79.346	4259	0.1353465399	312.3686499815	0.3591931080	-0.2362375400
79.339	4260	0.1353437981	312.3467452733	0.3591835713	-0.2362369440
79.342	4261	0.1353449902	312.3229630186	0.3591783261	-0.2362319372
79.343	4262	0.1353452286	312.2991807639	0.3591720080	-0.2362299106
79.348	4263	0.1353471360	312.2722692652	0.3591628289	-0.2362487457
79.353	4264	0.1353491625	312.2509904057	0.3591572260	-0.2362455270
79.347	4265	0.1353468976	312.2253306046	0.3591504311	-0.2362663887
79.344	4266	0.1353455863	312.2028000476	0.3591431593	-0.2362640045
79.350	4267	0.1353480897	312.1752627000	0.3591357684	-0.2362641237
79.348	4268	0.1353471360	312.1514804454	0.3591298079	-0.2362553022
79.351	4269	0.1353483281	312.1295757371	0.3591228938	-0.2362483881
79.354	4270	0.1353495202	312.1026642384	0.3591155028	-0.2362407587
79.349	4271	0.1353474936	312.0795078325	0.3591081118	-0.2362392090
79.361	4272	0.1353525004	312.0588548219	0.3591016745	-0.2362337253
79.356	4273	0.1353502354	312.0300657767	0.3590936875	-0.2362303875
79.352	4274	0.1353489241	312.0087869173	0.3590893959	-0.2362282417
79.356	4275	0.1353504738	311.9850046626	0.3590791439	-0.2362257383
79.357	4276	0.1353509507	311.9662291984	0.3590744948	-0.2362238310
79.364	4277	0.1353535733	311.9349367580	0.3590672230	-0.2362214468
79.359	4278	0.1353514275	311.9149095961	0.3590632891	-0.2362160823
79.366	4279	0.1353545270	311.8879980974	0.3590547060	-0.2362162016
79.364	4280	0.1353536925	311.8648416915	0.3590474343	-0.2362136982
79.362	4281	0.1353529772	311.8404335881	0.3590409970	-0.2362139366
79.365	4282	0.1353540501	311.8204064262	0.3590332484	-0.2362117908
79.371	4283	0.1353565535	311.7928690787	0.3590269303	-0.2362110756
79.375	4284	0.1353581032	311.7728419168	0.3590183472	-0.2362105987
79.371	4285	0.1353565535	311.7465562669	0.3590127444	-0.2362127445
79.376	4286	0.1353583417	311.7208964658	0.3590061879	-0.2362105987
79.372	4287	0.1353567919	311.7027468504	0.3589999890	-0.2362100027
79.374	4288	0.1353577456	311.6752095029	0.3589917635	-0.2362021349
79.374	4289	0.1353573880	311.6520530970	0.3589849686	-0.2362021349
79.371	4290	0.1353563151	311.6288966911	0.3589787697	-0.2361987970
79.375	4291	0.1353579840	311.6069919829	0.3589714980	-0.2362030885
79.380	4292	0.1353597722	311.5825838794	0.3589655375	-0.2361979625
79.376	4293	0.1353584609	311.5600533223	0.3589581465	-0.2361912868
79.378	4294	0.1353589377	311.5331418236	0.3589521860	-0.2361908100
79.383	4295	0.1353609643	311.5099854177	0.3589458680	-0.2361868761
79.386	4296	0.1353622756	311.4905841047	0.3589388346	-0.2361735246
79.387	4297	0.1353627524	311.4655501524	0.3589306092	-0.2361786506
79.383	4298	0.1353612027	311.4386386537	0.3589248871	-0.2361732862
79.392	4299	0.1353647790	311.4186114918	0.3589171385	-0.2361692331
79.389	4300	0.1353634677	311.3960809348	0.3589093899	-0.2361658952
79.387	4301	0.1353628716	311.3679177384	0.3589041447	-0.2361614845
79.390	4302	0.1353638253	311.3453871814	0.3588941311	-0.2361602924
79.398	4303	0.1353671631	311.3253600195	0.3588893627	-0.2361551664
79.390	4304	0.1353639445	311.3015777648	0.3588831639	-0.2361512325
79.390	4305	0.1353637061	311.2759179637	0.3588755345	-0.2361506364
79.400	4306	0.1353678784	311.2540132555	0.3588704085	-0.2361527822
79.395	4307	0.1353658518	311.2302310008	0.3588640904	-0.2361582658
79.396	4308	0.1353663287	311.2064487461	0.3588578915	-0.2361891410
79.390	4309	0.1353638253	311.1814147938	0.3588497853	-0.2361749551
79.390	4310	0.1353637061	311.1607617832	0.3588428711	-0.2361872337
79.382	4311	0.1353607258	311.1376053773	0.3588366722	-0.2362052343
79.383	4312	0.1353610835	311.1138231226	0.3588314270	-0.2362215660
79.394	4313	0.1353654942	311.0906667167	0.3588227247	-0.2362382553
79.395	4314	0.1353658518	311.0662586132	0.3588160490	-0.2362378976
79.398	4315	0.1353670439	311.0449797538	0.3588096117	-0.2362394474
79.391	4316	0.1353643021	311.0168165575	0.3588030552	-0.2362463615
79.402	4317	0.1353684744	310.9980410932	0.3587957834	-0.2362442157
79.405	4318	0.1353697857	310.9736329897	0.3587905382	-0.2362419508
79.408	4319	0.1353709778	310.9517282815	0.3587844586	-0.2362567327
79.409	4320	0.1353713355	310.9235650851	0.3587759947	-0.2362467191
79.408	4321	0.1353710971	310.9010345281	0.3587699150	-0.2362415931
79.405	4322	0.1353699050	310.8810073662	0.3587625241	-0.2362399242
79.417	4323	0.1353744349	310.8603543556	0.3587540602	-0.2362327716
79.413	4324	0.1353728852	310.8353204033	0.3587482189	-0.2362321756
79.419	4325	0.1353751502	310.8121639974	0.3587415432	-0.2362272880
79.410	4326	0.1353718123	310.7865041963	0.3587376093	-0.2362252615
79.417	4327	0.1353744349	310.7645994881	0.3587269997	-0.2362210891
79.412	4328	0.1353725276	310.7414430822	0.3587221121	-0.2362185857
79.423	4329	0.1353769383	310.7195383739	0.3587161516	-0.2362151287
79.421	4330	0.1353762231	310.6970078169	0.3587093567	-0.2362139366
79.416	4331	0.1353741965	310.6769806550	0.3587038731	-0.2362059496
79.421	4332	0.1353759846	310.6506950051	0.3586966013	-0.2361829422
79.420	4333	0.1353756270	310.6256610528	0.3586899256	-0.2363240860
79.418	4334	0.1353749117	310.6018787981	0.3586828922	-0.2366085194
79.425	4335	0.1353775344	310.5780965434	0.3586746668	-0.2373581074
79.419	4336	0.1353751502	310.5574435328	0.3586706137	-0.2375540875
79.419	4337	0.1353755078	310.5355388245	0.3586619114	-0.2375470541
79.420	4338	0.1353757462	310.5142599651	0.3586555933	-0.2375550412
79.422	4339	0.1353766999	310.4886001640	0.3586491560	-0.2375741147
79.423	4340	0.1353769383	310.4660696069	0.3586418842	-0.2376022480
79.422	4341	0.1353765807	310.4435390498	0.3586373543	-0.2376301430
79.435	4342	0.1353814683	310.4222601904	0.3586290096	-0.2376586340
79.437	4343	0.1353825411	310.4009813309	0.3586230492	-0.2376732968
79.423	4344	0.1353769383	310.3765732274	0.3586162542	-0.2377022646
79.435	4345	0.1353817067	310.3540426704	0.3586100554	-0.2377293252
79.437	4346	0.1353825411	310.3333896597	0.3586040949	-0.2377573393
79.440	4347	0.1353836140	310.3058523122	0.3585969423	-0.2377725981
79.432	4348	0.1353805146	310.2864509992	0.3585911011	-0.2377884530
79.439	4349	0.1353831372	310.2657979885	0.3585843062	-0.2378049039
79.444	4350	0.1353852830	310.2432674315	0.3585777496	-0.2378282689
79.443	4351	0.1353849253	310.2219885720	0.3585702395	-0.2378528260
79.443	4352	0.1353848061	310.1969546197	0.3585629677	-0.2378726147
79.449	4353	0.1353873095	310.1763016091	0.3585570072	-0.2378971718
79.449	4354	0.1353873095	310.1493901103	0.3585496163	-0.2379131459
79.456	4355	0.1353898129	310.1243561580	0.3585444903	-0.2379478358
79.448	4356	0.1353869519	310.1030772986	0.3585382914	-0.2379360341
79.455	4357	0.1353895745	310.0836759856	0.3585293507	-0.2378381632
79.453	4358	0.1353887400	310.0611454285	0.3585231518	-0.2377591275
79.458	4359	0.1353906474	310.0379890226	0.3585183834	-0.2378133677
79.451	4360	0.1353879056	310.0160843144	0.3585126614	-0.2380644225
79.454	4361	0.1353893361	309.9948054549	0.3585039591	-0.2379773997
79.451	4362	0.1353880248	309.9678939562	0.3584979986	-0.2379861020
79.456	4363	0.1353898129	309.9466150967	0.3584917997	-0.2379954003
79.457	4364	0.1353901705	309.9297171789	0.3584854816	-0.2380117320
79.453	4365	0.1353887400	309.9009281338	0.3584758257	-0.2380250834
79.452	4366	0.1353882632	309.8821526696	0.3584718918	-0.2380443953
79.465	4367	0.1353933892	309.8577445661	0.3584629511	-0.2380486869
79.457	4368	0.1353904090	309.8364657066	0.3584580635	-0.2380616807
79.455	4369	0.1353896937	309.8108059055	0.3584540104	-0.2380660914
79.454	4370	0.1353893361	309.7932821389	0.3584448313	-0.2380732440
79.463	4371	0.1353925547	309.7663706402	0.3584383940	-0.2380777739
79.455	4372	0.1353894553	309.7475951760	0.3584315990	-0.2380845689
79.454	4373	0.1353893361	309.7213095260	0.3584257578	-0.2380892180
79.466	4374	0.1353939852	309.7025340618	0.3584197973	-0.2380926751
79.461	4375	0.1353920779	309.6800035048	0.3584146713	-0.2380988740
79.459	4376	0.1353911242	309.6574729477	0.3584059690	-0.2380948209
79.461	4377	0.1353920779	309.6349423906	0.3584003662	-0.2380933904
79.460	4378	0.1353914818	309.6124118335	0.3583933329	-0.2380948209
79.463	4379	0.1353927931	309.5892554277	0.3583859419	-0.2380931519
79.473	4380	0.1353964886	309.5673507194	0.3583812927	-0.2380923175
79.472	4381	0.1353962502	309.5410650695	0.3583750938	-0.2380930327
79.475	4382	0.1353974423	309.5247930005	0.3583682989	-0.2380950593
79.483	4383	0.1354007802	309.4991331994	0.3583634113	-0.2380966090
79.485	4384	0.1354014954	309.4816094328	0.3583560204	-0.2380982779
79.475	4385	0.1353974423	309.4578271781	0.3583473181	-0.2380998277
79.483	4386	0.1354007802	309.4327932258	0.3583419537	-0.2380978011
79.482	4387	0.1354000649	309.4127660640	0.3583351587	-0.2380999469
79.485	4388	0.1354012570	309.3902355069	0.3583291983	-0.2381057881
79.482	4389	0.1354000649	309.3639498570	0.3583238338	-0.2381111525
79.491	4390	0.1354038796	309.3445485440	0.3583147739	-0.2381130599
79.496	4391	0.1354056677	309.3226438357	0.3583106016	-0.2381098412
79.498	4392	0.1354066214	309.2994874298	0.3583024954	-0.2381135367
79.491	4393	0.1354036412	309.2782085704	0.3582966541	-0.2380944632
79.494	4394	0.1354048333	309.2575555597	0.3582903360	-0.2380939864
79.495	4395	0.1354053101	309.2362767003	0.3582848524	-0.2380954169
79.494	4396	0.1354050717	309.2137461432	0.3582773422	-0.2380801581
79.497	4397	0.1354061446	309.1905897373	0.3582695936	-0.2380800389
79.502	4398	0.1354081711	309.1705625755	0.3582632755	-0.2381217622
79.497	4399	0.1354061446	309.1499095648	0.3582585071	-0.2377615117
79.497	4400	0.1354061446	309.1261273102	0.3582520698	-0.2378441237
79.506	4401	0.1354096017	309.1048484507	0.3582436060	-0.2381097220
79.501	4402	0.1354079327	309.0848212889	0.3582394337	-0.2381191396
79.495	4403	0.1354051909	309.0622907318	0.3582332348	-0.2381233119
79.496	4404	0.1354057870	309.0441411164	0.3582270359	-0.2381280803
79.500	4405	0.1354074559	309.0191071641	0.3582213138	-0.2381360673
79.498	4406	0.1354063830	308.9921956654	0.3582149958	-0.2381349944
79.502	4407	0.1354082904	308.9752977476	0.3582079624	-0.2381336831
79.511	4408	0.1354118666	308.9477604000	0.3582018827	-0.2381347560
79.506	4409	0.1354098401	308.9308624822	0.3581941341	-0.2381357097
79.498	4410	0.1354067406	308.9095836228	0.3581890081	-0.2381355904
79.493	4411	0.1354044757	308.8883047633	0.3581820940	-0.2381372594
79.501	4412	0.1354076943	308.8657742063	0.3581778025	-0.2381366633
79.508	4413	0.1354105553	308.8426178004	0.3581706499	-0.2381302260
79.501	4414	0.1354079327	308.8188355457	0.3581636165	-0.2381221198
79.507	4415	0.1354099593	308.8019376279	0.3581571792	-0.2381196164
79.512	4416	0.1354121050	308.7812846173	0.3581525301	-0.2381351136
79.516	4417	0.1354136548	308.7587540602	0.3581456159	-0.2381653928
79.518	4418	0.1354146084	308.7343459567	0.3581381058	-0.2381664656
79.521	4419	0.1354155621	308.7149446437	0.3581321453	-0.2381583594
79.514	4420	0.1354129395	308.6924140866	0.3581259464	-0.2381514453
79.517	4421	0.1354142508	308.6730127736	0.3581195091	-0.2381476306
79.517	4422	0.1354142508	308.6486046701	0.3581108068	-0.2381433390
79.520	4423	0.1354153237	308.6241965666	0.3581075882	-0.2381404780
79.526	4424	0.1354178271	308.6041694048	0.3580980514	-0.2381403588
79.523	4425	0.1354166350	308.5841422429	0.3580932831	-0.2381372594
79.529	4426	0.1354186616	308.5603599882	0.3580886339	-0.2381343983
79.526	4427	0.1354177079	308.5440879192	0.3580798124	-0.2381318950
79.524	4428	0.1354167542	308.5196798158	0.3580763553	-0.2381293916
79.518	4429	0.1354146084	308.4996526539	0.3580694412	-0.2381230735
79.532	4430	0.1354199729	308.4758703992	0.3580638384	-0.2381242656
79.531	4431	0.1354194960	308.4608500279	0.3580570434	-0.2381221198
79.532	4432	0.1354200921	308.4370677732	0.3580508446	-0.2381175898
79.536	4433	0.1354217610	308.4139113673	0.3580407118	-0.2381191396
79.545	4434	0.1354250989	308.3913808102	0.3580364202	-0.2381184243
79.540	4435	0.1354233107	308.3719794972	0.3580318903	-0.2381128215
79.537	4436	0.1354219994	308.3532040330	0.3580222343	-0.2381081723
79.538	4437	0.1354224763	308.3262925342	0.3580179428	-0.2381082915
79.535	4438	0.1354212842	308.3081429188	0.3580119823	-0.2381067418
79.539	4439	0.1354227147	308.2843606642	0.3580057834	-0.2381138944
79.537	4440	0.1354218802	308.2637076535	0.3579995846	-0.2381066226
79.542	4441	0.1354237876	308.2399253988	0.3579933857	-0.2381009005
79.548	4442	0.1354262910	308.2192723882	0.3579876636	-0.2380947017
79.546	4443	0.1354254565	308.2004969240	0.3579819416	-0.2380904101
79.539	4444	0.1354228339	308.1760888205	0.3579741930	-0.2380820655
79.550	4445	0.1354270062	308.1573133562	0.3579685901	-0.2380732440
79.549	4446	0.1354268870	308.1354086480	0.3579617952	-0.2380788468
79.552	4447	0.1354279599	308.1147556373	0.3579557155	-0.2380806350
79.550	4448	0.1354272446	308.0959801731	0.3579496359	-0.2380811118
79.553	4449	0.1354281983	308.0709462208	0.3579439138	-0.2380786084
79.556	4450	0.1354293904	308.0509190590	0.3579369997	-0.2380774163
79.557	4451	0.1354298672	308.0296401995	0.3579316353	-0.2380764626
79.551	4452	0.1354273638	308.0083613401	0.3579240059	-0.2380725287
79.554	4453	0.1354287943	307.9864566318	0.3579191183	-0.2380720519
79.552	4454	0.1354277215	307.9676811676	0.3579099392	-0.2380721711
79.556	4455	0.1354295096	307.9482798546	0.3579070781	-0.2380776547
79.558	4456	0.1354301057	307.9226200534	0.3578998064	-0.2380750321
79.557	4457	0.1354299864	307.9025928916	0.3578933691	-0.2380706214
79.564	4458	0.1354327283	307.8813140322	0.3578850244	-0.2380640649
79.567	4459	0.1354336819	307.8612868703	0.3578814481	-0.2380597733
79.554	4460	0.1354287943	307.8387563132	0.3578739380	-0.2380539321
79.554	4461	0.1354286751	307.8187291514	0.3578684543	-0.2380551242
79.564	4462	0.1354326090	307.7968244432	0.3578622554	-0.2380530976
79.559	4463	0.1354307017	307.7793006765	0.3578546261	-0.2380528592
79.566	4464	0.1354335627	307.7548925731	0.3578486656	-0.2380491637
79.566	4465	0.1354335627	307.7336137136	0.3578441356	-0.2380514287
79.563	4466	0.1354322514	307.7142124006	0.3578372215	-0.2380503558
79.566	4467	0.1354335627	307.6916818435	0.3578319763	-0.2380499982
79.564	4468	0.1354324898	307.6710288329	0.3578233932	-0.2380467795
79.569	4469	0.1354347548	307.6535050662	0.3578179096	-0.2380477332
79.568	4470	0.1354341588	307.6309745092	0.3578123068	-0.2380439185
79.572	4471	0.1354359469	307.6103214985	0.3578076576	-0.2380429648
79.567	4472	0.1354336819	307.5909201855	0.3578027700	-0.2380416535
79.565	4473	0.1354332051	307.5671379308	0.3577975248	-0.2380393885
79.571	4474	0.1354354701	307.5502400130	0.3577898954	-0.2380422496
79.571	4475	0.1354354701	307.5252060607	0.3577836965	-0.2380376004
79.578	4476	0.1354383311	307.5045530501	0.3577763055	-0.2380287789
79.574	4477	0.1354366622	307.4845258882	0.3577704643	-0.2380298518
79.578	4478	0.1354383311	307.4632470288	0.3577645038	-0.2380292557
79.580	4479	0.1354389271	307.4432198669	0.3577585434	-0.2380331897
79.585	4480	0.1354409537	307.4219410075	0.3577510332	-0.2380331897
79.588	4481	0.1354420266	307.4050430897	0.3577467416	-0.2380360507
79.583	4482	0.1354402384	307.3806349862	0.3577409004	-0.2380333089
79.586	4483	0.1354415497	307.3606078244	0.3577350591	-0.2380300902
79.588	4484	0.1354420266	307.3412065113	0.3577287410	-0.2380274676
79.582	4485	0.1354397616	307.3236827447	0.3577219461	-0.2380292557
79.579	4486	0.1354384503	307.2986487924	0.3577171777	-0.2380228184
79.570	4487	0.1354351124	307.2848801187	0.3577088331	-0.2380154275
79.580	4488	0.1354388079	307.2617237128	0.3577032302	-0.2380149506
79.574	4489	0.1354367814	307.2398190045	0.3576973890	-0.2380103015
79.578	4490	0.1354380927	307.2179142963	0.3576905941	-0.2380068444
79.581	4491	0.1354394040	307.1953837392	0.3576847528	-0.2380007647
79.574	4492	0.1354365430	307.1784858214	0.3576798652	-0.2379957579
79.580	4493	0.1354391656	307.1578328107	0.3576745008	-0.2379919432
79.588	4494	0.1354422650	307.1371798001	0.3576683019	-0.2379871749
79.594	4495	0.1354444108	307.1127716966	0.3576636528	-0.2379835986
79.587	4496	0.1354419074	307.0896152907	0.3576550697	-0.2379814528
79.583	4497	0.1354400000	307.0758466170	0.3576480363	-0.2379782342
79.594	4498	0.1354444108	307.0545677575	0.3576439832	-0.2379766844
79.588	4499	0.1354421458	307.0320372005	0.3576369499	-0.2379751347
79.593	4500	0.1354439339	307.0151392827	0.3576320623	-0.2379706048
79.584	4501	0.1354407153	306.9951121208	0.3576252674	-0.2379675053
79.586	4502	0.1354414305	306.9738332614	0.3576196645	-0.2379689358
79.588	4503	0.1354420266	306.9487993091	0.3576135849	-0.2379669093
79.600	4504	0.1354467950	306.9287721472	0.3576072668	-0.2379882478
79.590	4505	0.1354427418	306.9118742294	0.3576013063	-0.2379844331
79.582	4506	0.1354398808	306.8874661259	0.3575962995	-0.2379766844
79.591	4507	0.1354432187	306.8718199057	0.3575901006	-0.2379748963
79.600	4508	0.1354470334	306.8517927439	0.3575856899	-0.2379741811
79.598	4509	0.1354461989	306.8292621868	0.3575780605	-0.2379675053
79.603	4510	0.1354481063	306.8098608738	0.3575710271	-0.2379638098
79.594	4511	0.1354445300	306.7867044679	0.3575674509	-0.2379620217
79.609	4512	0.1354504904	306.7691807013	0.3575619672	-0.2379596375
79.599	4513	0.1354463181	306.7491535395	0.3575548147	-0.2379545115
79.605	4514	0.1354490599	306.7291263776	0.3575498079	-0.2379541539
79.606	4515	0.1354491791	306.7097250646	0.3575427745	-0.2379535578
79.603	4516	0.1354479870	306.6865686587	0.3575350259	-0.2379521273
79.604	4517	0.1354483447	306.6684190433	0.3575295423	-0.2379444979
79.606	4518	0.1354491791	306.6471401839	0.3575253700	-0.2379410409
79.604	4519	0.1354483447	306.6277388708	0.3575164293	-0.2379325770
79.614	4520	0.1354522786	306.6058341626	0.3575116609	-0.2379324578
79.615	4521	0.1354527554	306.5858070007	0.3575064157	-0.2379342459
79.611	4522	0.1354512057	306.5657798389	0.3575000976	-0.2379318618
79.617	4523	0.1354534707	306.5451268283	0.3574952100	-0.2379286431
79.618	4524	0.1354539475	306.5282289105	0.3574890111	-0.2379272126
79.617	4525	0.1354537091	306.5044466558	0.3574832891	-0.2379262589
79.619	4526	0.1354545436	306.4850453427	0.3574762557	-0.2379273318
79.623	4527	0.1354558549	306.4656440297	0.3574719642	-0.2379269742
79.621	4528	0.1354553780	306.4474944143	0.3574650501	-0.2379250668
79.621	4529	0.1354552588	306.4268414037	0.3574600433	-0.2379167222
79.620	4530	0.1354546628	306.4068142418	0.3574526523	-0.2379218482
79.620	4531	0.1354547820	306.3849095336	0.3574464534	-0.2379198216
79.623	4532	0.1354560933	306.3617531277	0.3574400161	-0.2379213713
79.625	4533	0.1354568085	306.3473586051	0.3574345325	-0.2379181527
79.629	4534	0.1354582390	306.3235763504	0.3574289297	-0.2379174374
79.631	4535	0.1354589543	306.3035491886	0.3574229692	-0.2379155301
79.624	4536	0.1354565701	306.2872771196	0.3574173664	-0.2379186295
79.632	4537	0.1354594311	306.2647465625	0.3574118827	-0.2379189872
79.637	4538	0.1354613385	306.2434677031	0.3574049686	-0.2379194640
79.634	4539	0.1354602656	306.2234405412	0.3574019884	-0.2379121922
79.635	4540	0.1354607424	306.2052909258	0.3573938821	-0.2379100465
79.636	4541	0.1354609809	306.1852637640	0.3573892330	-0.2379074238
79.636	4542	0.1354611001	306.1639849045	0.3573832725	-0.2379063510
79.635	4543	0.1354606232	306.1458352891	0.3573743318	-0.2379025363
79.640	4544	0.1354628882	306.1239305809	0.3573682521	-0.2379042052
79.636	4545	0.1354611001	306.1057809654	0.3573643182	-0.2379021786
79.638	4546	0.1354620537	306.0870055012	0.3573575233	-0.2378974103
79.640	4547	0.1354628882	306.0676041882	0.3573529933	-0.2378944300
79.640	4548	0.1354626498	306.0431960847	0.3573458408	-0.2378956221
79.645	4549	0.1354647956	306.0244206205	0.3573397611	-0.2378941916
79.644	4550	0.1354641995	306.0037676098	0.3573332046	-0.2378921651
79.649	4551	0.1354661069	305.9887472384	0.3573260520	-0.2378975295
79.643	4552	0.1354640803	305.9643391350	0.3573228334	-0.2378913306
79.647	4553	0.1354656300	305.9499446124	0.3573149656	-0.2378894232
79.644	4554	0.1354641995	305.9255365089	0.3573084091	-0.2378872775
79.652	4555	0.1354672990	305.9048834982	0.3573034023	-0.2378852509
79.650	4556	0.1354665837	305.8898631269	0.3572993491	-0.2378817938
79.644	4557	0.1354643187	305.8654550234	0.3572930311	-0.2378841780
79.644	4558	0.1354643187	305.8485571056	0.3572868322	-0.2378832244
79.634	4559	0.1354603848	305.8266523973	0.3572821830	-0.2379024171
79.647	4560	0.1354656300	305.8091286307	0.3572755073	-0.2378963374
79.646	4561	0.1354649148	305.7872239224	0.3572683547	-0.2378875159
79.648	4562	0.1354657492	305.7690743070	0.3572613214	-0.2378850125
79.649	4563	0.1354661069	305.7502988428	0.3572577451	-0.2378810786
79.648	4564	0.1354658684	305.7302716810	0.3572480891	-0.2378773831
79.644	4565	0.1354643187	305.7027343334	0.3572457050	-0.2378806018
79.649	4566	0.1354661069	305.6870881133	0.3572392677	-0.2378716611
79.643	4567	0.1354638419	305.6701901955	0.3572342609	-0.2378701113
79.653	4568	0.1354676566	305.6501630336	0.3572280620	-0.2378648661
79.645	4569	0.1354647956	305.6301358718	0.3572228168	-0.2378670119
79.645	4570	0.1354645571	305.6132379540	0.3572173332	-0.2378660582
79.649	4571	0.1354661069	305.5894556993	0.3572097038	-0.2378653430
79.653	4572	0.1354677758	305.5731836303	0.3572051738	-0.2378558062
79.665	4573	0.1354726634	305.5537823173	0.3571988557	-0.2378574752
79.663	4574	0.1354719481	305.5343810042	0.3571939681	-0.2378568791
79.659	4575	0.1354700408	305.5131021448	0.3571890805	-0.2378502034
79.661	4576	0.1354708752	305.4924491341	0.3571810935	-0.2378283881
79.665	4577	0.1354724250	305.4730478211	0.3571770404	-0.2378136061
79.661	4578	0.1354711137	305.4548982057	0.3571692918	-0.2378114604
79.665	4579	0.1354724250	305.4336193462	0.3571646426	-0.2378149174
79.659	4580	0.1354703984	305.4123404868	0.3571599935	-0.2378180169
79.657	4581	0.1354695639	305.3979459642	0.3571530793	-0.2378146790
79.660	4582	0.1354705176	305.3760412560	0.3571465228	-0.2378080033
79.668	4583	0.1354737363	305.3541365477	0.3571418737	-0.2378032349
79.668	4584	0.1354736170	305.3403678739	0.3571362708	-0.2377996586
79.669	4585	0.1354740939	305.3190890145	0.3571315025	-0.2377970360
79.671	4586	0.1354748091	305.2978101550	0.3571278070	-0.2378026389
79.667	4587	0.1354733786	305.2809122372	0.3571198199	-0.2377964400
79.670	4588	0.1354746899	305.2577558313	0.3571155284	-0.2377982281
79.673	4589	0.1354756436	305.2439871576	0.3571076606	-0.2377926253
79.673	4590	0.1354758820	305.2195790541	0.3571033691	-0.2377997779
79.673	4591	0.1354756436	305.2045586827	0.3570972894	-0.2377951287
79.678	4592	0.1354777894	305.1832798233	0.3570894216	-0.2377783202
79.679	4593	0.1354781470	305.1632526614	0.3570840572	-0.2377689026
79.687	4594	0.1354812464	305.1457288948	0.3570800040	-0.2377636574
79.683	4595	0.1354795775	305.1257017330	0.3570733283	-0.2377591275
79.691	4596	0.1354827962	305.1056745711	0.3570673679	-0.2377547167
79.695	4597	0.1354844651	305.0850215605	0.3570621226	-0.2377523326
79.695	4598	0.1354845843	305.0662460963	0.3570552085	-0.2377455376
79.694	4599	0.1354842267	305.0493481785	0.3570486520	-0.2377367161
79.697	4600	0.1354850611	305.0274434702	0.3570444797	-0.2377332591
79.698	4601	0.1354855380	305.0086680060	0.3570387576	-0.2377265833
79.700	4602	0.1354863724	304.9861374489	0.3570341085	-0.2377237223
79.704	4603	0.1354879222	304.9723687752	0.3570286248	-0.2377251528
79.701	4604	0.1354869685	304.9523416133	0.3570231412	-0.2377346896
79.709	4605	0.1354899487	304.9348178467	0.3570155118	-0.2377458953
79.703	4606	0.1354876837	304.9160423825	0.3570100282	-0.2377261065
79.692	4607	0.1354833922	304.8928859766	0.3570062135	-0.2377203845
79.703	4608	0.1354874453	304.8778656052	0.3570001338	-0.2377141856
79.707	4609	0.1354889950	304.8553350482	0.3569945310	-0.2377097748
79.698	4610	0.1354856572	304.8371854327	0.3569871400	-0.2377065562
79.705	4611	0.1354882798	304.8177841197	0.3569810603	-0.2377047680
79.697	4612	0.1354854188	304.8015120507	0.3569767688	-0.2376960658
79.699	4613	0.1354858956	304.7808590401	0.3569717620	-0.2376964234
79.712	4614	0.1354912600	304.7602060294	0.3569654439	-0.2376861714
79.705	4615	0.1354882798	304.7445598092	0.3569609140	-0.2376822375
79.702	4616	0.1354872069	304.7245326474	0.3569536422	-0.2376777075
79.703	4617	0.1354876837	304.7038796368	0.3569498275	-0.2376674555
79.709	4618	0.1354899487	304.6857300213	0.3569419597	-0.2376622103
79.705	4619	0.1354882798	304.6669545571	0.3569356416	-0.2376520775
79.709	4620	0.1354900679	304.6525600345	0.3569330190	-0.2376501702
79.712	4621	0.1354911408	304.6300294775	0.3569262240	-0.2376452826
79.706	4622	0.1354887566	304.6112540133	0.3569197867	-0.2376381300
79.710	4623	0.1354901871	304.5906010026	0.3569139455	-0.2376296662
79.713	4624	0.1354916176	304.5693221432	0.3569071506	-0.2376216792
79.707	4625	0.1354891143	304.5561793182	0.3569036935	-0.2376102351
79.707	4626	0.1354893527	304.5323970635	0.3568977330	-0.2376059435
79.714	4627	0.1354919753	304.5154991457	0.3568921302	-0.2375977181
79.712	4628	0.1354912600	304.4954719839	0.3568874810	-0.2375928305
79.711	4629	0.1354907832	304.4817033101	0.3568805669	-0.2375831746
79.716	4630	0.1354928097	304.4572952066	0.3568736527	-0.2375799559
79.718	4631	0.1354934058	304.4385197424	0.3568690036	-0.2375757836
79.722	4632	0.1354950747	304.4191184294	0.3568631623	-0.2375675581
79.719	4633	0.1354938826	304.4040980580	0.3568588708	-0.2375632666
79.719	4634	0.1354937634	304.3872001402	0.3568539832	-0.2375581406
79.727	4635	0.1354969821	304.3671729784	0.3568461154	-0.2375518225
79.726	4636	0.1354968629	304.3458941189	0.3568414662	-0.2375455044
79.729	4637	0.1354976973	304.3277445035	0.3568364594	-0.2375390671
79.721	4638	0.1354947171	304.3070914928	0.3568320487	-0.2375327490
79.728	4639	0.1354974589	304.2908194238	0.3568266843	-0.2375246428
79.718	4640	0.1354935250	304.2695405644	0.3568191741	-0.2375102185
79.717	4641	0.1354932866	304.2520167978	0.3568141673	-0.2375013970
79.725	4642	0.1354961476	304.2338671824	0.3568086837	-0.2374954365
79.724	4643	0.1354957900	304.2188468110	0.3568039153	-0.2374886416
79.726	4644	0.1354965052	304.1981938003	0.3567961667	-0.2374847077
79.731	4645	0.1354987702	304.1800441849	0.3567904447	-0.2374787472
79.724	4646	0.1354960284	304.1600170231	0.3567842458	-0.2374745749
79.722	4647	0.1354949555	304.1424932565	0.3567790006	-0.2374687336
79.718	4648	0.1354935250	304.1212143970	0.3567762588	-0.2374636076
79.726	4649	0.1354968629	304.1055681768	0.3567691062	-0.2374595545
79.722	4650	0.1354950747	304.0811600733	0.3567639802	-0.2374500178
79.722	4651	0.1354951939	304.0661397020	0.3567584966	-0.2374407195
79.721	4652	0.1354945979	304.0448608425	0.3567522977	-0.2374345206
79.728	4653	0.1354974589	304.0292146223	0.3567463372	-0.2374284409
79.732	4654	0.1354988894	304.0110650069	0.3567413304	-0.2374236725
79.732	4655	0.1354990086	303.9941670891	0.3567363236	-0.2374203347
79.726	4656	0.1354966244	303.9747657761	0.3567294095	-0.2374131821
79.732	4657	0.1354988894	303.9578678583	0.3567245219	-0.2374104403
79.733	4658	0.1354996047	303.9397182429	0.3567193959	-0.2374043606
79.729	4659	0.1354976973	303.9221944763	0.3567145083	-0.2374026917
79.732	4660	0.1354990086	303.9046707096	0.3567096208	-0.2373941086
79.739	4661	0.1355018696	303.8852693966	0.3567041371	-0.2373813532
79.735	4662	0.1355002007	303.8664939324	0.3566971038	-0.2373736046
79.739	4663	0.1355018696	303.8464667706	0.3566934083	-0.2373670481
79.740	4664	0.1355023465	303.8276913063	0.3566881631	-0.2373656176
79.741	4665	0.1355027041	303.8095416909	0.3566826795	-0.2373604916
79.736	4666	0.1355006776	303.7920179243	0.3566762422	-0.2373554848
79.737	4667	0.1355011544	303.7688615184	0.3566698049	-0.2373495243
79.740	4668	0.1355021081	303.7525894494	0.3566655133	-0.2373435639
79.745	4669	0.1355043730	303.7369432293	0.3566591952	-0.2373428486
79.745	4670	0.1355040154	303.7144126722	0.3566547845	-0.2373395108
79.746	4671	0.1355047307	303.7000181496	0.3566495393	-0.2373322390
79.742	4672	0.1355030617	303.6793651390	0.3566447709	-0.2373281859
79.742	4673	0.1355031810	303.6618413724	0.3566397641	-0.2373225830
79.747	4674	0.1355048499	303.6468210010	0.3566347573	-0.2373229407
79.750	4675	0.1355061612	303.6324264784	0.3566265319	-0.2373124502
79.749	4676	0.1355059228	303.6086442237	0.3566218827	-0.2373101853
79.761	4677	0.1355105719	303.5904946083	0.3566158030	-0.2373050593
79.759	4678	0.1355097375	303.5723449929	0.3566116307	-0.2372990988
79.754	4679	0.1355078301	303.5523178311	0.3566062663	-0.2372940920
79.764	4680	0.1355118832	303.5360457621	0.3566009019	-0.2372892044
79.762	4681	0.1355108103	303.5153927514	0.3565952990	-0.2372863434
79.764	4682	0.1355118832	303.4959914384	0.3565899346	-0.2372815750
79.767	4683	0.1355130753	303.4803452182	0.3565844510	-0.2372772835
79.769	4684	0.1355137906	303.4615697540	0.3565775369	-0.2372778796
79.769	4685	0.1355137906	303.4440459874	0.3565737222	-0.2372762106
79.771	4686	0.1355143866	303.4296514648	0.3565685962	-0.2372726343
79.764	4687	0.1355117640	303.4096243030	0.3565633509	-0.2372735880
79.763	4688	0.1355112872	303.3921005364	0.3565561984	-0.2372760914
79.767	4689	0.1355127177	303.3739509209	0.3565527413	-0.2372682236
79.764	4690	0.1355118832	303.3532979103	0.3565471385	-0.2372661970
79.764	4691	0.1355117640	303.3382775389	0.3565420125	-0.2372614287
79.768	4692	0.1355131945	303.3176245283	0.3565349791	-0.2372582100
79.760	4693	0.1355102143	303.3038558545	0.3565317605	-0.2372514151
79.763	4694	0.1355112872	303.2875837855	0.3565255616	-0.2372503422
79.762	4695	0.1355109296	303.2650532284	0.3565193627	-0.2372480772
79.765	4696	0.1355121216	303.2487811594	0.3565125678	-0.2372437857
79.770	4697	0.1355142674	303.2249989048	0.3565063689	-0.2372380636
79.764	4698	0.1355115256	303.2131077774	0.3565020774	-0.2372340105
79.757	4699	0.1355090222	303.1943323132	0.3564973090	-0.2372294806
79.753	4700	0.1355073533	303.1755568490	0.3564918254	-0.2372355603
79.756	4701	0.1355086646	303.1586589312	0.3564864610	-0.2372301958
79.764	4702	0.1355118832	303.1386317693	0.3564795468	-0.2372235201
79.759	4703	0.1355097375	303.1217338515	0.3564779971	-0.2372213743
79.760	4704	0.1355102143	303.1029583873	0.3564709637	-0.2372183941
79.774	4705	0.1355158171	303.0866863183	0.3564635728	-0.2372137450
79.776	4706	0.1355165324	303.0697884005	0.3564605925	-0.2372043274
79.782	4707	0.1355187974	303.0453802970	0.3564551089	-0.2371989630
79.770	4708	0.1355142674	303.0309857745	0.3564487908	-0.2371934794
79.779	4709	0.1355178437	303.0172171007	0.3564458106	-0.2371894263
79.775	4710	0.1355161748	302.9984416365	0.3564396117	-0.2371832274
79.781	4711	0.1355185590	302.9790403234	0.3564357970	-0.2371767901
79.785	4712	0.1355199895	302.9608907080	0.3564286444	-0.2371699951
79.792	4713	0.1355228505	302.9421152438	0.3564237569	-0.2371623657
79.799	4714	0.1355254731	302.9227139308	0.3564177964	-0.2371535443
79.796	4715	0.1355245194	302.9083194082	0.3564125512	-0.2371481798
79.790	4716	0.1355220160	302.8920473392	0.3564056371	-0.2371388815
79.793	4717	0.1355230889	302.8726460262	0.3564031337	-0.2371359013
79.794	4718	0.1355236850	302.8601290500	0.3563984845	-0.2371271990
79.792	4719	0.1355228505	302.8401018882	0.3563943122	-0.2371292256
79.799	4720	0.1355254731	302.8225781216	0.3563884709	-0.2371230267
79.801	4721	0.1355261883	302.8044285062	0.3563828681	-0.2371198080
79.792	4722	0.1355228505	302.7925373788	0.3563763116	-0.2371127747
79.799	4723	0.1355255923	302.7656258801	0.3563711856	-0.2371082447
79.810	4724	0.1355298838	302.7512313575	0.3563661788	-0.2371202849
79.808	4725	0.1355291686	302.7355851373	0.3563622449	-0.2371250532
79.806	4726	0.1355282149	302.7136804291	0.3563564036	-0.2371267222
79.802	4727	0.1355265460	302.6967825113	0.3563496087	-0.2371159933
79.799	4728	0.1355254731	302.6811362911	0.3563453171	-0.2371081255
79.802	4729	0.1355266652	302.6629866757	0.3563405488	-0.2371034764
79.802	4730	0.1355269036	302.6473404555	0.3563351844	-0.2371013306
79.802	4731	0.1355266652	302.6273132937	0.3563279126	-0.2370922707
79.796	4732	0.1355245194	302.6122929223	0.3563240979	-0.2370895289
79.805	4733	0.1355280957	302.5935174581	0.3563188527	-0.2370909594
79.804	4734	0.1355274996	302.5766195403	0.3563130114	-0.2370807074
79.805	4735	0.1355280957	302.5597216225	0.3563064549	-0.2370625876
79.800	4736	0.1355260691	302.5434495535	0.3563020442	-0.2370599650
79.812	4737	0.1355307183	302.5227965428	0.3562975142	-0.2370565079
79.811	4738	0.1355301223	302.5065244738	0.3562919114	-0.2370535277
79.814	4739	0.1355316720	302.4908782536	0.3562870238	-0.2370476864
79.811	4740	0.1355304799	302.4727286382	0.3562822554	-0.2370401762
79.813	4741	0.1355310759	302.4514497788	0.3562784407	-0.2370371960
79.819	4742	0.1355334601	302.4401845002	0.3562723611	-0.2370305203
79.821	4743	0.1355344138	302.4207831872	0.3562681887	-0.2370281361
79.818	4744	0.1355332217	302.4020077230	0.3562602017	-0.2370234869
79.814	4745	0.1355314336	302.3844839564	0.3562556718	-0.2370199106
79.824	4746	0.1355356059	302.3694635850	0.3562512610	-0.2370114468
79.817	4747	0.1355326256	302.3481847255	0.3562462542	-0.2370075129
79.817	4748	0.1355327449	302.3300351101	0.3562382672	-0.2370025061
79.815	4749	0.1355319104	302.3175181340	0.3562333796	-0.2369969032
79.821	4750	0.1355342946	302.3006202162	0.3562292073	-0.2369926117
79.823	4751	0.1355350098	302.2843481472	0.3562255118	-0.2369885586
79.827	4752	0.1355364403	302.2636951365	0.3562209818	-0.2369840286
79.815	4753	0.1355320296	302.2461713699	0.3562166903	-0.2369768761
79.822	4754	0.1355345330	302.2292734521	0.3562088225	-0.2369703196
79.818	4755	0.1355331025	302.2123755343	0.3562029812	-0.2369635246
79.821	4756	0.1355340562	302.1954776165	0.3561961863	-0.2369573258
79.827	4757	0.1355367980	302.1779538499	0.3561932061	-0.2369549416
79.814	4758	0.1355313143	302.1598042345	0.3561884377	-0.2369480274
79.826	4759	0.1355363211	302.1429063167	0.3561839078	-0.2369443319
79.821	4760	0.1355342946	302.1266342477	0.3561773512	-0.2369395636
79.822	4761	0.1355345330	302.1072329347	0.3561722252	-0.2369325302
79.823	4762	0.1355351290	302.0940901097	0.3561663840	-0.2369294308
79.823	4763	0.1355351290	302.0746887967	0.3561609004	-0.2369334839
79.815	4764	0.1355317912	302.0552874836	0.3561572049	-0.2369378946
79.816	4765	0.1355321488	302.0421446587	0.3561519597	-0.2369088076
79.818	4766	0.1355332217	302.0246208921	0.3561469529	-0.2368912838
79.821	4767	0.1355341754	302.0089746719	0.3561434958	-0.2368883036
79.825	4768	0.1355358443	301.9901992077	0.3561357472	-0.2368884228
79.824	4769	0.1355356059	301.9720495923	0.3561309788	-0.2368865154
79.827	4770	0.1355364403	301.9582809185	0.3561250184	-0.2368856810
79.828	4771	0.1355371556	301.9357503614	0.3561209652	-0.2368863962
79.822	4772	0.1355346522	301.9219816877	0.3561154816	-0.2368832968
79.819	4773	0.1355333409	301.9032062234	0.3561119053	-0.2368761442
79.821	4774	0.1355342946	301.8825532128	0.3561066601	-0.2368765019
79.820	4775	0.1355338177	301.8669069926	0.3561014149	-0.2368738792
79.826	4776	0.1355362019	301.8443764355	0.3560941432	-0.2368737600
79.821	4777	0.1355342946	301.8299819130	0.3560878251	-0.2368734024
79.825	4778	0.1355358443	301.8112064487	0.3560834143	-0.2368692301
79.824	4779	0.1355353675	301.7899275893	0.3560780499	-0.2368619583
79.827	4780	0.1355365596	301.7661453346	0.3560708973	-0.2368551634
79.829	4781	0.1355373940	301.7479957192	0.3560673211	-0.2368536137
79.830	4782	0.1355378709	301.7235876157	0.3560600493	-0.2368513487
79.840	4783	0.1355419240	301.7041863027	0.3560552809	-0.2368533752
79.841	4784	0.1355422816	301.6822815944	0.3560494397	-0.2368738792
79.842	4785	0.1355426392	301.6566217933	0.3560441945	-0.2368602894
79.851	4786	0.1355459771	301.6347170850	0.3560372803	-0.2368524216
79.841	4787	0.1355422816	301.6090572839	0.3560304854	-0.2368605278
79.850	4788	0.1355457387	301.5852750293	0.3560233328	-0.2368554018
79.845	4789	0.1355435929	301.5577376817	0.3560165379	-0.2368669651
79.855	4790	0.1355478844	301.5302003342	0.3560124848	-0.2368626736
79.855	4791	0.1355477652	301.5039146843	0.3560056899	-0.2368539713
79.857	4792	0.1355483613	301.4801324296	0.3559988949	-0.2368505142
79.861	4793	0.1355499110	301.4494658380	0.3559907887	-0.2368486069
79.863	4794	0.1355509839	301.4187992465	0.3559838746	-0.2368412159
79.864	4795	0.1355511031	301.3900102013	0.3559760067	-0.2368333481
79.867	4796	0.1355524144	301.3668537955	0.3559693310	-0.2368271492
79.864	4797	0.1355513415	301.3361872039	0.3559633706	-0.2368219040
79.867	4798	0.1355525336	301.3061464611	0.3559558604	-0.2368151091
79.868	4799	0.1355527720	301.2723506255	0.3559477541	-0.2368098639
79.869	4800	0.1355531296	301.2429357316	0.3559392903	-0.2368041418
79.880	4801	0.1355574212	301.2078881984	0.3559322569	-0.2367998503
79.878	4802	0.1355568251	301.1778474556	0.3559227202	-0.2367965124
79.888	4803	0.1355606398	301.1465550152	0.3559164021	-0.2367928169
79.878	4804	0.1355568251	301.1171401213	0.3559068654	-0.2367944859
79.878	4805	0.1355565867	301.0770857976	0.3558985207	-0.2367885254
79.885	4806	0.1355594477	301.0439158108	0.3558880303	-0.2367760084
79.892	4807	0.1355624280	301.0082424288	0.3558801625	-0.2367702864
79.897	4808	0.1355643353	300.9750724420	0.3558718178	-0.2367642067
79.892	4809	0.1355624280	300.9419024552	0.3558633540	-0.2367590807
79.904	4810	0.1355669579	300.9012222827	0.3558538172	-0.2367512129
79.904	4811	0.1355670771	300.8686781447	0.3558434460	-0.2367448948
79.909	4812	0.1355688653	300.8298755187	0.3558336708	-0.2367377422
79.913	4813	0.1355705342	300.7929504390	0.3558232996	-0.2367319010
79.917	4814	0.1355720839	300.7535219642	0.3558129284	-0.2367257021
79.920	4815	0.1355732760	300.7134676405	0.3558047030	-0.2367202185
79.935	4816	0.1355791173	300.6796718049	0.3557952855	-0.2367110393
79.933	4817	0.1355784020	300.6377399348	0.3557834837	-0.2367057941
79.936	4818	0.1355795941	300.6026924016	0.3557727549	-0.2367004297
79.942	4819	0.1355820975	300.5595088339	0.3557642910	-0.2366987608
79.944	4820	0.1355830512	300.5169511149	0.3557521317	-0.2366913698
79.942	4821	0.1355820975	300.4781484889	0.3557417605	-0.2366882704
79.949	4822	0.1355848393	300.4293322819	0.3557294819	-0.2366765879
79.952	4823	0.1355859122	300.3930330511	0.3557188723	-0.2366756342
79.957	4824	0.1355881772	300.3523528786	0.3557064745	-0.2366701506
79.972	4825	0.1355938992	300.3085434621	0.3556956265	-0.2366740845
79.981	4826	0.1355973563	300.2609789527	0.3556839440	-0.2366750381
79.978	4827	0.1355962834	300.2240538731	0.3556716654	-0.2366700313
79.979	4828	0.1355968795	300.1708567244	0.3556609366	-0.2366668127
79.991	4829	0.1356012902	300.1295507031	0.3556491349	-0.2366638325
79.992	4830	0.1356020055	300.0838637402	0.3556344721	-0.2366687200
80.006	4831	0.1356073699	300.0381767773	0.3556243393	-0.2366556070
80.014	4832	0.1356103501	299.9893605703	0.3556111071	-0.2366444014
80.012	4833	0.1356098733	299.9461770026	0.3555995438	-0.2366389177
80.005	4834	0.1356070122	299.8998641908	0.3555871460	-0.2366376064
80.010	4835	0.1356088004	299.8466670422	0.3555731985	-0.2366324804
80.016	4836	0.1356114230	299.8003542304	0.3555618736	-0.2366324804
80.018	4837	0.1356120190	299.7521638723	0.3555486414	-0.2366390369
80.026	4838	0.1356153569	299.7008442700	0.3555342171	-0.2366519115
80.034	4839	0.1356184563	299.6551573071	0.3555230114	-0.2366387985
80.039	4840	0.1356202445	299.6038377049	0.3555081103	-0.2366329573
80.046	4841	0.1356233439	299.5525181027	0.3554934475	-0.2366290234
80.047	4842	0.1356234631	299.5011985005	0.3554810497	-0.2366249702
80.051	4843	0.1356252513	299.4511305959	0.3554668638	-0.2366205595
80.064	4844	0.1356301389	299.4004368425	0.3554519627	-0.2366178177
80.070	4845	0.1356325230	299.3472396938	0.3554365847	-0.2366180561
80.072	4846	0.1356335959	299.2959200916	0.3554216835	-0.2366122148
80.076	4847	0.1356351456	299.2446004894	0.3554097626	-0.2366080425
80.086	4848	0.1356388411	299.1882740967	0.3553959343	-0.2366045854
80.096	4849	0.1356428942	299.1350769481	0.3553790066	-0.2366044662
80.104	4850	0.1356459937	299.0774988578	0.3553655359	-0.2366056583
80.109	4851	0.1356482587	299.0243017092	0.3553507540	-0.2366032741
80.106	4852	0.1356467089	298.9673494677	0.3553348991	-0.2366011284
80.112	4853	0.1356494508	298.9179074119	0.3553201172	-0.2365899227
80.119	4854	0.1356520734	298.8603293216	0.3553025934	-0.2365827701
80.125	4855	0.1356544575	298.8046287778	0.3552880499	-0.2365757368
80.131	4856	0.1356566033	298.7508057803	0.3552727911	-0.2365746639
80.137	4857	0.1356593451	298.6919759924	0.3552582476	-0.2365691803
80.137	4858	0.1356591067	298.6350237510	0.3552404854	-0.2365622661
80.150	4859	0.1356642327	298.5761939631	0.3552239153	-0.2365597627
80.157	4860	0.1356672129	298.5179900240	0.3552085373	-0.2365524910
80.159	4861	0.1356678090	298.4616636313	0.3551922056	-0.2365462921
80.173	4862	0.1356734118	298.4047113898	0.3551762316	-0.2365409277
80.175	4863	0.1356740079	298.3421265091	0.3551629993	-0.2365369938
80.183	4864	0.1356774649	298.2814191748	0.3551433298	-0.2365348480
80.193	4865	0.1356812796	298.2244669333	0.3551273558	-0.2365301988
80.203	4866	0.1356852135	298.1643854478	0.3551112625	-0.2365276954
80.208	4867	0.1356872401	298.1005488694	0.3550932619	-0.2365194700
80.214	4868	0.1356893859	298.0410932327	0.3550762150	-0.2365123174
80.210	4869	0.1356879554	297.9785083520	0.3550596449	-0.2365059994
80.229	4870	0.1356953463	297.9215561105	0.3550402138	-0.2364920519
80.234	4871	0.1356973729	297.8558419857	0.3550242397	-0.2364883564
80.230	4872	0.1356958232	297.7895020121	0.3550067160	-0.2364844225
80.239	4873	0.1356993995	297.7287946778	0.3549897882	-0.2364823959
80.243	4874	0.1357011876	297.6674614947	0.3549714300	-0.2364730976
80.253	4875	0.1357051215	297.6073800091	0.3549541447	-0.2364668987
80.257	4876	0.1357065520	297.5435434308	0.3549363825	-0.2364606998
80.261	4877	0.1357081017	297.4790810036	0.3549193355	-0.2364542625
80.269	4878	0.1357112012	297.4171219717	0.3549007389	-0.2364480636
80.279	4879	0.1357152543	297.3501561493	0.3548826191	-0.2364399574
80.287	4880	0.1357185922	297.2844420245	0.3548622343	-0.2364336393
80.289	4881	0.1357190690	297.2231088414	0.3548442337	-0.2364270828
80.301	4882	0.1357239566	297.1598981118	0.3548268291	-0.2364190958
80.303	4883	0.1357249102	297.0923064406	0.3548069212	-0.2364105127
80.317	4884	0.1357301555	297.0253406182	0.3547901127	-0.2364044330
80.317	4885	0.1357301555	296.9621298887	0.3547696087	-0.2363991878
80.319	4886	0.1357312283	296.8939123687	0.3547511312	-0.2363916776
80.329	4887	0.1357350430	296.8275723951	0.3547313425	-0.2363853595
80.340	4888	0.1357394538	296.7568514798	0.3547116729	-0.2363804720
80.355	4889	0.1357452950	296.6867564134	0.3546928379	-0.2363727234
80.353	4890	0.1357445798	296.6260490791	0.3546740028	-0.2363705776
80.351	4891	0.1357438645	296.5572057102	0.3546552869	-0.2363628290
80.362	4892	0.1357481561	296.4902398878	0.3546344253	-0.2363532922
80.368	4893	0.1357503018	296.4195189726	0.3546152326	-0.2363495968
80.372	4894	0.1357522092	296.3519273014	0.3545932981	-0.2363426826
80.385	4895	0.1357572160	296.2805805374	0.3545744630	-0.2363358877
80.394	4896	0.1357607922	296.2123630173	0.3545540783	-0.2363296888
80.406	4897	0.1357654414	296.1416421021	0.3545340511	-0.2363237283
80.411	4898	0.1357674680	296.0727987333	0.3545142623	-0.2363149069
80.420	4899	0.1357711634	296.0033295157	0.3544951889	-0.2363072775
80.431	4900	0.1357753358	295.9307310540	0.3544748041	-0.2362970255
80.434	4901	0.1357766471	295.8625135340	0.3544548961	-0.2362918995
80.445	4902	0.1357810578	295.7917926187	0.3544340345	-0.2362852237
80.455	4903	0.1357847533	295.7173166107	0.3544123384	-0.2362826011
80.464	4904	0.1357882104	295.6484732418	0.3543925497	-0.2362759254
80.465	4905	0.1357888064	295.5802557218	0.3543715688	-0.2362718723
80.483	4906	0.1357958398	295.5082831090	0.3543497535	-0.2362687729
80.489	4907	0.1357981048	295.4363104961	0.3543292495	-0.2362666271
80.494	4908	0.1358003697	295.3587052440	0.3543061229	-0.2362691305
80.499	4909	0.1358022771	295.2892360264	0.3542874071	-0.2362599514
80.507	4910	0.1358053765	295.2160117159	0.3542679759	-0.2362582824
80.521	4911	0.1358109794	295.1465424983	0.3542452070	-0.2362575672
80.531	4912	0.1358150325	295.0714406414	0.3542224380	-0.2362555406
80.535	4913	0.1358165822	295.0013455749	0.3542019340	-0.2362511299
80.541	4914	0.1358189664	294.9231144740	0.3541804763	-0.2362512491
80.549	4915	0.1358218274	294.8548969540	0.3541592571	-0.2362465999
80.553	4916	0.1358237347	294.7754141554	0.3541380378	-0.2362448118
80.563	4917	0.1358274302	294.7040673914	0.3541152688	-0.2362427852
80.570	4918	0.1358301721	294.6277138369	0.3540955993	-0.2362451694
80.584	4919	0.1358356557	294.5538636776	0.3540708038	-0.2362394474
80.581	4920	0.1358344636	294.4800135183	0.3540487500	-0.2362373016
80.598	4921	0.1358412585	294.4036599638	0.3540266963	-0.2362605474
80.593	4922	0.1358394704	294.3304356534	0.3540059539	-0.2362780712
80.601	4923	0.1358426890	294.2553337965	0.3539833041	-0.2362746141
80.615	4924	0.1358479342	294.1758509979	0.3539595815	-0.2362653158
80.618	4925	0.1358493647	294.1032525363	0.3539368125	-0.2362626932
80.629	4926	0.1358534179	294.0275248306	0.3539166661	-0.2362595937
80.640	4927	0.1358580670	293.9492937296	0.3538942548	-0.2362586401
80.654	4928	0.1358634314	293.8710626287	0.3538719627	-0.2362541101
80.656	4929	0.1358641467	293.8028451087	0.3538490745	-0.2362492225
80.661	4930	0.1358664117	293.7208589149	0.3538261863	-0.2362468383
80.669	4931	0.1358692727	293.6426278140	0.3538066360	-0.2362399242
80.687	4932	0.1358765445	293.5625191666	0.3537821981	-0.2362332485
80.692	4933	0.1358784518	293.4899207050	0.3537593099	-0.2362285993
80.698	4934	0.1358808360	293.4129413016	0.3537364217	-0.2362222812
80.708	4935	0.1358846507	293.3347102007	0.3537111493	-0.2362150095
80.713	4936	0.1358867965	293.2558532510	0.3536883803	-0.2362194202
80.731	4937	0.1358940682	293.1769963012	0.3536668035	-0.2362187050
80.736	4938	0.1358958564	293.0981393515	0.3536430808	-0.2361910484
80.735	4939	0.1358954987	293.0224116458	0.3536207887	-0.2361823461
80.753	4940	0.1359026513	292.9441805449	0.3535944434	-0.2361782930
80.763	4941	0.1359064660	292.8653235951	0.3535715552	-0.2361692331
80.775	4942	0.1359111152	292.7858407966	0.3535497399	-0.2361661337
80.780	4943	0.1359133801	292.7069838468	0.3535255404	-0.2361582658
80.786	4944	0.1359155259	292.6262493507	0.3535013410	-0.2361503980
80.793	4945	0.1359183869	292.5505216450	0.3534790488	-0.2361428878
80.795	4946	0.1359192214	292.4679096024	0.3534543725	-0.2361412189
80.812	4947	0.1359260163	292.3896785015	0.3534305306	-0.2361374042
80.812	4948	0.1359257779	292.3133249470	0.3534066888	-0.2361310861
80.820	4949	0.1359289966	292.2313387532	0.3533828469	-0.2361251257
80.827	4950	0.1359318576	292.1524818034	0.3533591243	-0.2361209533
80.838	4951	0.1359362683	292.0711214585	0.3533357592	-0.2361179731
80.838	4952	0.1359360299	291.9878835671	0.3533117982	-0.2361120126
80.856	4953	0.1359431825	291.9109041638	0.3532875987	-0.2361050985
80.860	4954	0.1359448514	291.8307955164	0.3532648297	-0.2360971115
80.870	4955	0.1359486661	291.7488093226	0.3532409879	-0.2360919855
80.877	4956	0.1359515271	291.6712040705	0.3532142850	-0.2360848329
80.889	4957	0.1359564147	291.5873403303	0.3531911584	-0.2360810182
80.906	4958	0.1359629712	291.5022248925	0.3531667205	-0.2360813758
80.908	4959	0.1359639249	291.4290005820	0.3531410905	-0.2360744617
80.915	4960	0.1359666667	291.3438851442	0.3531171294	-0.2360689781
80.922	4961	0.1359695277	291.2631506481	0.3530924531	-0.2360577724
80.940	4962	0.1359764419	291.1811644543	0.3530682536	-0.2360514543
80.956	4963	0.1359829984	291.0973007141	0.3530429812	-0.2360495470
80.971	4964	0.1359888396	291.0146886715	0.3530184241	-0.2360472820
80.977	4965	0.1359909854	290.9352058730	0.3529944630	-0.2360439441
80.985	4966	0.1359944425	290.8544713768	0.3529695483	-0.2360378644
80.992	4967	0.1359969459	290.7699817878	0.3529452296	-0.2360358379
81.006	4968	0.1360025487	290.6904989893	0.3529200764	-0.2360310695
81.016	4969	0.1360063634	290.6078869467	0.3528940888	-0.2360273740
81.018	4970	0.1360074363	290.5246490553	0.3528695317	-0.2360228441
81.036	4971	0.1360145888	290.4439145591	0.3528439017	-0.2360370300
81.047	4972	0.1360186419	290.3581732725	0.3528192254	-0.2360592029
81.054	4973	0.1360213838	290.2786904740	0.3527934762	-0.2360699317
81.061	4974	0.1360243640	290.1948267338	0.3527678462	-0.2360766075
81.071	4975	0.1360284171	290.1140922376	0.3527437659	-0.2360918663
81.076	4976	0.1360300860	290.0277251022	0.3527177782	-0.2361123703
81.087	4977	0.1360347352	289.9438613620	0.3526952477	-0.2361272714
81.094	4978	0.1360372386	289.8637527146	0.3526683064	-0.2361158273
81.099	4979	0.1360393844	289.7798889744	0.3526427956	-0.2361169002
81.103	4980	0.1360409341	289.6928959902	0.3526163311	-0.2361406229
81.111	4981	0.1360440335	289.6159165869	0.3525921316	-0.2361227415
81.113	4982	0.1360449872	289.5295494514	0.3525672169	-0.2361185691
81.135	4983	0.1360536895	289.4469374089	0.3525419445	-0.2361098669
81.137	4984	0.1360542855	289.3630736687	0.3525153609	-0.2361011646
81.147	4985	0.1360581002	289.2773323820	0.3524915190	-0.2361414573
81.154	4986	0.1360610805	289.1953461883	0.3524668427	-0.2361524246
81.167	4987	0.1360660872	289.1108565993	0.3524401398	-0.2361680410
81.185	4988	0.1360731206	289.0257411615	0.3524147482	-0.2361837766
81.191	4989	0.1360756240	288.9425032701	0.3523867340	-0.2362042806
81.197	4990	0.1360780082	288.8561361346	0.3523618193	-0.2362237117
81.201	4991	0.1360796771	288.7728982432	0.3523363085	-0.2362347982
81.214	4992	0.1360848031	288.6915378983	0.3523106785	-0.2362413547
81.229	4993	0.1360906444	288.6045449140	0.3522839756	-0.2362188242
81.244	4994	0.1360967240	288.5231845691	0.3522577496	-0.2362367056
81.256	4995	0.1361012540	288.4393208289	0.3522337885	-0.2362591169
81.262	4996	0.1361035190	288.3517019958	0.3522049399	-0.2362589977
81.267	4997	0.1361056647	288.2659607092	0.3521800251	-0.2362579248
81.286	4998	0.1361132941	288.1833486666	0.3521527262	-0.2362713955
81.295	4999	0.1361167512	288.0976073800	0.3521266193	-0.2362951181
81.304	5000	0.1361203275	288.0124919422	0.3521033735	-0.2362909458
81.308	5001	0.1361218772	287.9261248068	0.3520770283	-0.2362709186
81.317	5002	0.1361254535	287.8453903106	0.3520497294	-0.2362640045
81.322	5003	0.1361272416	287.7602748728	0.3520250530	-0.2362802169
81.332	5004	0.1361312947	287.6714043421	0.3519975157	-0.2362777136
81.336	5005	0.1361328445	287.5894181484	0.3519734354	-0.2362755678
81.354	5006	0.1361398778	287.5043027106	0.3519476862	-0.2362715147
81.358	5007	0.1361417852	287.4179355751	0.3519212217	-0.2362649582
81.367	5008	0.1361452422	287.3334459861	0.3518924923	-0.2362561367
81.380	5009	0.1361502490	287.2477046995	0.3518680544	-0.2362615011
81.391	5010	0.1361546598	287.1588341688	0.3518413515	-0.2362555406
81.402	5011	0.1361589513	287.0780996727	0.3518141718	-0.2362527988
81.414	5012	0.1361636005	286.9923583861	0.3517883034	-0.2362443350
81.417	5013	0.1361649118	286.9053654018	0.3517616005	-0.2362396858
81.427	5014	0.1361689649	286.8221275104	0.3517340631	-0.2362369440
81.442	5015	0.1361749253	286.7376379214	0.3517099829	-0.2362334869
81.456	5016	0.1361802898	286.6487673908	0.3516817303	-0.2362301490
81.468	5017	0.1361850581	286.5624002553	0.3516534776	-0.2362272880
81.466	5018	0.1361844621	286.4785365151	0.3516273708	-0.2362260959
81.481	5019	0.1361904225	286.3927952285	0.3516012640	-0.2362210891
81.487	5020	0.1361928067	286.3045505467	0.3515770645	-0.2362139366
81.495	5021	0.1361956678	286.2200609577	0.3515495271	-0.2362088106
81.505	5022	0.1361996017	286.1336938222	0.3515209169	-0.2362024925
81.511	5023	0.1362019858	286.0510817797	0.3514956445	-0.2362043998
81.521	5024	0.1362061582	285.9590820050	0.3514670343	-0.2361972473
81.532	5025	0.1362104497	285.8827284505	0.3514418811	-0.2361905716
81.547	5026	0.1362164102	285.7938579198	0.3514152975	-0.2361855648
81.561	5027	0.1362216554	285.7074907844	0.3513903827	-0.2361825845
81.562	5028	0.1362223706	285.6192461025	0.3513599844	-0.2361734054
81.569	5029	0.1362251125	285.5347565135	0.3513339967	-0.2361732862
81.590	5030	0.1362334571	285.4471376805	0.3513066978	-0.2361697099
81.598	5031	0.1362364373	285.3645256379	0.3512777299	-0.2361617229
81.598	5032	0.1362364373	285.2787843513	0.3512512655	-0.2361567161
81.605	5033	0.1362392984	285.1917913670	0.3512251586	-0.2361493251
81.621	5034	0.1362456165	285.1041725340	0.3511992902	-0.2361409805
81.627	5035	0.1362477622	285.0190570962	0.3511709184	-0.2361303709
81.636	5036	0.1362513385	284.9339416584	0.3511458845	-0.2361199997
81.650	5037	0.1362568221	284.8438194301	0.3511185855	-0.2361133239
81.658	5038	0.1362600408	284.7587039923	0.3510915250	-0.2361034296
81.666	5039	0.1362632594	284.6748402521	0.3510643453	-0.2360950849
81.683	5040	0.1362701736	284.5847180238	0.3510370464	-0.2360868595
81.697	5041	0.1362755380	284.5027318300	0.3510097474	-0.2360793493
81.712	5042	0.1362816177	284.4126096018	0.3509838790	-0.2360705278
81.712	5043	0.1362814984	284.3268683152	0.3509561033	-0.2360638521
81.729	5044	0.1362881742	284.2398753309	0.3509301156	-0.2360561035
81.738	5045	0.1362916312	284.1566374395	0.3509018630	-0.2360518119
81.745	5046	0.1362944923	284.0696444553	0.3508745641	-0.2360412023
81.750	5047	0.1362966380	283.9826514711	0.3508465499	-0.2360329769
81.758	5048	0.1362997375	283.8962843356	0.3508177013	-0.2360230825
81.772	5049	0.1363053403	283.8117947466	0.3507917136	-0.2360150955
81.781	5050	0.1363086782	283.7241759136	0.3507640571	-0.2360080621
81.795	5051	0.1363144002	283.6378087782	0.3507353276	-0.2360005519
81.812	5052	0.1363211951	283.5514416427	0.3507107705	-0.2359925649
81.819	5053	0.1363239370	283.4631969609	0.3506834716	-0.2359875581
81.831	5054	0.1363287053	283.3787073719	0.3506556958	-0.2359795711
81.837	5055	0.1363308511	283.2885851436	0.3506286353	-0.2359755180
81.840	5056	0.1363319240	283.2072247986	0.3506008596	-0.2359702728
81.853	5057	0.1363370500	283.1202318144	0.3505735606	-0.2359606168
81.864	5058	0.1363415799	283.0351163766	0.3505454272	-0.2359529874
81.881	5059	0.1363483749	282.9449941483	0.3505192012	-0.2359519145
81.881	5060	0.1363483749	282.8567494665	0.3504898757	-0.2359476230
81.898	5061	0.1363548122	282.7741374239	0.3504650802	-0.2359438083
81.903	5062	0.1363569579	282.6877702885	0.3504362315	-0.2359371326
81.915	5063	0.1363618455	282.5963963626	0.3504096478	-0.2359324834
81.923	5064	0.1363647065	282.5137843200	0.3503804416	-0.2359265230
81.921	5065	0.1363638721	282.4274171846	0.3503533811	-0.2359156749
81.933	5066	0.1363689981	282.3416758979	0.3503281087	-0.2359086416
81.941	5067	0.1363720975	282.2515536697	0.3503009290	-0.2359039924
81.951	5068	0.1363759122	282.1695674759	0.3502729148	-0.2358992240
81.966	5069	0.1363818727	282.0800710964	0.3502435893	-0.2359188936
81.985	5070	0.1363895021	281.9937039610	0.3502178401	-0.2359320066
81.991	5071	0.1363917670	281.9079626744	0.3501893491	-0.2359466693
82.007	5072	0.1363978467	281.8259764806	0.3501613349	-0.2359628818
82.006	5073	0.1363974891	281.7402351940	0.3501336783	-0.2359768293
82.011	5074	0.1363996349	281.6469837217	0.3501081675	-0.2359872005
82.020	5075	0.1364030919	281.5631199815	0.3500801534	-0.2359995983
82.029	5076	0.1364069066	281.4773786949	0.3500514239	-0.2360171220
82.033	5077	0.1364083371	281.3897598618	0.3500232905	-0.2360319040
82.052	5078	0.1364159665	281.3077736680	0.3499967068	-0.2360282085
82.064	5079	0.1364206157	281.2182772886	0.3499691695	-0.2360232017
82.079	5080	0.1364264570	281.1337876996	0.3499403208	-0.2360212944
82.079	5081	0.1364264570	281.0442913201	0.3499129027	-0.2360201023
82.098	5082	0.1364340863	280.9566724871	0.3498846501	-0.2360090158
82.100	5083	0.1364348016	280.8721828981	0.3498581856	-0.2360048435
82.110	5084	0.1364388547	280.7908225531	0.3498306483	-0.2359994791
82.119	5085	0.1364424310	280.6988227784	0.3498032302	-0.2359957836
82.128	5086	0.1364457689	280.6137073406	0.3497756928	-0.2359930418
82.138	5087	0.1364495836	280.5298436004	0.3497500628	-0.2359883926
82.146	5088	0.1364529214	280.4428506161	0.3497204989	-0.2359849355
82.155	5089	0.1364563785	280.3552317831	0.3496916503	-0.2359857700
82.167	5090	0.1364611469	280.2738714381	0.3496632784	-0.2359819553
82.172	5091	0.1364632926	280.1837492099	0.3496353835	-0.2359770677
82.178	5092	0.1364656768	280.0986337721	0.3496096343	-0.2359730146
82.190	5093	0.1364703260	280.0135183342	0.3495822161	-0.2359705112
82.204	5094	0.1364756904	279.9258995012	0.3495553940	-0.2359715841
82.222	5095	0.1364830814	279.8420357610	0.3495255917	-0.2359790943
82.228	5096	0.1364854656	279.7525393815	0.3494972199	-0.2359777830
82.233	5097	0.1364873729	279.6667980949	0.3494705170	-0.2359715841
82.246	5098	0.1364924989	279.5829343547	0.3494419068	-0.2359832666
82.259	5099	0.1364976249	279.4940638241	0.3494156807	-0.2359759948
82.275	5100	0.1365038238	279.4127034791	0.3493883818	-0.2359736106
82.284	5101	0.1365074001	279.3257104949	0.3493606060	-0.2359597824
82.294	5102	0.1365114532	279.2424726035	0.3493316382	-0.2359631202
82.297	5103	0.1365126453	279.1536020728	0.3493055313	-0.2359589479
82.303	5104	0.1365151487	279.0672349374	0.3492772787	-0.2359562061
82.311	5105	0.1365180097	278.9802419531	0.3492496222	-0.2359537027
82.313	5106	0.1365190826	278.8963782130	0.3492189854	-0.2359515569
82.335	5107	0.1365277849	278.8112627751	0.3491927593	-0.2359442852
82.337	5108	0.1365282617	278.7261473373	0.3491636723	-0.2359467885
82.348	5109	0.1365329109	278.6422835971	0.3491373270	-0.2359430931
82.357	5110	0.1365363679	278.5515355200	0.3491094320	-0.2359408281
82.369	5111	0.1365408979	278.4651683846	0.3490830868	-0.2359377286
82.366	5112	0.1365398250	278.3800529468	0.3490532845	-0.2359333179
82.384	5113	0.1365469776	278.2961892066	0.3490233629	-0.2359315298
82.392	5114	0.1365499578	278.2148288616	0.3489988058	-0.2359278343
82.402	5115	0.1365541301	278.1278358774	0.3489709108	-0.2359453580
82.405	5116	0.1365553222	278.0377136491	0.3489432543	-0.2359620473
82.424	5117	0.1365627132	277.9532240601	0.3489163130	-0.2359790943
82.441	5118	0.1365693889	277.8681086223	0.3488878220	-0.2359762332
82.454	5119	0.1365746341	277.7823673357	0.3488615959	-0.2359683654
82.466	5120	0.1365794025	277.6991294443	0.3488340586	-0.2359643123
82.474	5121	0.1365825019	277.6158915529	0.3488050907	-0.2359601400
82.476	5122	0.1365833364	277.5332795103	0.3487787455	-0.2359579942
82.489	5123	0.1365885816	277.4431572821	0.3487509697	-0.2359546564
82.499	5124	0.1365922771	277.3599193907	0.3487203329	-0.2359460733
82.511	5125	0.1365971647	277.2773073481	0.3486952990	-0.2359414241
82.520	5126	0.1366005025	277.1884368174	0.3486681192	-0.2359349868
82.532	5127	0.1366055093	277.1070764725	0.3486401050	-0.2359316490
82.546	5128	0.1366108737	277.0200834882	0.3486111372	-0.2359249732
82.552	5129	0.1366132579	276.9374714456	0.3485853880	-0.2359178207
82.557	5130	0.1366154037	276.8511043102	0.3485560625	-0.2359138868
82.567	5131	0.1366190992	276.7647371748	0.3485281675	-0.2359058998
82.579	5132	0.1366239868	276.6827509810	0.3485001533	-0.2358989856
82.590	5133	0.1366283975	276.5951321480	0.3484726160	-0.2358952901
82.608	5134	0.1366354309	276.5137718030	0.3484441250	-0.2358896873
82.613	5135	0.1366373382	276.4267788188	0.3484168260	-0.2358838460
82.627	5136	0.1366429410	276.3404116833	0.3483879774	-0.2358791969
82.632	5137	0.1366447292	276.2552962455	0.3483598440	-0.2358764551
82.636	5138	0.1366465173	276.1676774125	0.3483330219	-0.2358697793
82.647	5139	0.1366509281	276.0888204628	0.3483064382	-0.2358638189
82.668	5140	0.1366592727	276.0005757809	0.3482798546	-0.2358628652
82.672	5141	0.1366605840	275.9235963776	0.3482526748	-0.2358570239
82.680	5142	0.1366636835	275.8322224517	0.3482238262	-0.2358561895
82.695	5143	0.1366696439	275.7464811651	0.3481945007	-0.2358563087
82.707	5144	0.1366744123	275.6676242153	0.3481662481	-0.2358503482
82.712	5145	0.1366763196	275.5806312311	0.3481410949	-0.2358579776
82.727	5146	0.1366825185	275.4923865493	0.3481129615	-0.2358566663
82.727	5147	0.1366823993	275.4110262043	0.3480854242	-0.2358498714
82.738	5148	0.1366865716	275.3290400105	0.3480552642	-0.2358461759
82.755	5149	0.1366933666	275.2432987239	0.3480276077	-0.2358452222
82.765	5150	0.1366974197	275.1631900765	0.3480025737	-0.2358420036
82.778	5151	0.1367026649	275.0749453947	0.3479727714	-0.2358585737
82.787	5152	0.1367062412	274.9904558057	0.3479446380	-0.2358731172
82.798	5153	0.1367102943	274.9065920655	0.3479179351	-0.2358906410
82.806	5154	0.1367137514	274.8183473836	0.3478903978	-0.2359089992
82.816	5155	0.1367176853	274.7401162827	0.3478623836	-0.2359082839
82.826	5156	0.1367216192	274.6562525425	0.3478327005	-0.2359029195
82.839	5157	0.1367265068	274.5723888023	0.3478059976	-0.2359005353
82.837	5158	0.1367260299	274.4897767597	0.3477795331	-0.2359000585
82.853	5159	0.1367319904	274.4052871707	0.3477525918	-0.2359016082
82.856	5160	0.1367333017	274.3195458841	0.3477242200	-0.2359011314
82.866	5161	0.1367372356	274.2400630856	0.3476960866	-0.2358944557
82.873	5162	0.1367399774	274.1524442525	0.3476689069	-0.2358906410
82.882	5163	0.1367435537	274.0704580587	0.3476420848	-0.2358876607
82.893	5164	0.1367480836	273.9853426209	0.3476137130	-0.2358830116
82.898	5165	0.1367497526	273.9039822760	0.3475864141	-0.2358818195
82.913	5166	0.1367557130	273.8201185358	0.3475567310	-0.2358791969
82.923	5167	0.1367596469	273.7318738539	0.3475302665	-0.2358752630
82.933	5168	0.1367639385	273.6505135089	0.3475017755	-0.2358738325
82.940	5169	0.1367664419	273.5710307104	0.3474744765	-0.2358704946
82.959	5170	0.1367740713	273.4840377262	0.3474464624	-0.2358709714
82.954	5171	0.1367721639	273.4058066252	0.3474185674	-0.2358780048
82.973	5172	0.1367796741	273.3225687338	0.3473925798	-0.2358874223
82.984	5173	0.1367839656	273.2393308425	0.3473657577	-0.2359002969
82.998	5174	0.1367893301	273.1567187999	0.3473367898	-0.2359227083
82.995	5175	0.1367882572	273.0722292109	0.3473088948	-0.2361042640
83.009	5176	0.1367938600	272.9914947147	0.3472818343	-0.2362504146
83.026	5177	0.1368004165	272.9051275793	0.3472544162	-0.2363000057
83.034	5178	0.1368035160	272.8225155367	0.3472252099	-0.2366500042
83.045	5179	0.1368079267	272.7430327382	0.3471977918	-0.2368093870
83.054	5180	0.1368116222	272.6554139051	0.3471714465	-0.2368934296
83.068	5181	0.1368172250	272.5746794089	0.3471434323	-0.2369576834
83.073	5182	0.1368191324	272.4958224592	0.3471148221	-0.2370181225
83.075	5183	0.1368199668	272.4113328702	0.3470869271	-0.2370734356
83.090	5184	0.1368256889	272.3293466764	0.3470607011	-0.2371151589
83.102	5185	0.1368305765	272.2473604827	0.3470331637	-0.2371525906
83.109	5186	0.1368330799	272.1591158008	0.3470068185	-0.2371925257
83.115	5187	0.1368358217	272.0815105487	0.3469791619	-0.2372291230
83.133	5188	0.1368427358	271.9970209597	0.3469507901	-0.2372646473
83.140	5189	0.1368454776	271.9187898587	0.3469248025	-0.2372995756
83.149	5190	0.1368491731	271.8386812114	0.3468966691	-0.2373309277
83.147	5191	0.1368482194	271.7548174712	0.3468686549	-0.2373627566
83.159	5192	0.1368529878	271.6684503358	0.3468395678	-0.2373943470
83.173	5193	0.1368583522	271.5877158396	0.3468131034	-0.2374346398
83.185	5194	0.1368631206	271.5063554946	0.3467858044	-0.2374709986
83.190	5195	0.1368653856	271.4293760913	0.3467586247	-0.2374844693
83.202	5196	0.1368697963	271.3430089559	0.3467316834	-0.2375198744
83.214	5197	0.1368749223	271.2591452157	0.3467042653	-0.2375416897
83.223	5198	0.1368781410	271.1815399636	0.3466757743	-0.2375606440
83.228	5199	0.1368801675	271.0970503746	0.3466489522	-0.2375821017
83.244	5200	0.1368864856	271.0150641808	0.3466195075	-0.2375997447
83.255	5201	0.1368908964	270.9349555334	0.3465938775	-0.2376175068
83.265	5202	0.1368948303	270.8560985837	0.3465664593	-0.2376337193
83.283	5203	0.1369021020	270.7734865411	0.3465380875	-0.2376438521
83.296	5204	0.1369072280	270.6940037426	0.3465126959	-0.2376626872
83.300	5205	0.1369085393	270.6107658512	0.3464834897	-0.2376735352
83.303	5206	0.1369098507	270.5325347503	0.3464571444	-0.2376889132
83.319	5207	0.1369162880	270.4486710101	0.3464291302	-0.2377030991
83.331	5208	0.1369210563	270.3673106651	0.3464023081	-0.2377115630
83.347	5209	0.1369271360	270.2840727737	0.3463752476	-0.2377199076
83.344	5210	0.1369261823	270.2058416728	0.3463474719	-0.2377298020
83.358	5211	0.1369315467	270.1263588742	0.3463189808	-0.2377426766
83.363	5212	0.1369336925	270.0481277733	0.3462919203	-0.2377476834
83.370	5213	0.1369361959	269.9667674283	0.3462649790	-0.2377584122
83.383	5214	0.1369414411	269.8822778393	0.3462368456	-0.2377661608
83.394	5215	0.1369457326	269.7996657967	0.3462100235	-0.2377700947
83.408	5216	0.1369513355	269.7189313006	0.3461817709	-0.2377822541
83.417	5217	0.1369549118	269.6363192580	0.3461551873	-0.2377928637
83.430	5218	0.1369601570	269.5637207963	0.3461266962	-0.2377988242
83.439	5219	0.1369634948	269.4823604514	0.3460990397	-0.2377984666
83.451	5220	0.1369683824	269.3984967112	0.3460718600	-0.2378019236
83.455	5221	0.1369698129	269.3227690055	0.3460447994	-0.2378108643
83.471	5222	0.1369760118	269.2395311141	0.3460200039	-0.2378132485
83.479	5223	0.1369792305	269.1600483155	0.3459922281	-0.2378167056
83.485	5224	0.1369816146	269.0761845753	0.3459638563	-0.2378223084
83.490	5225	0.1369838796	269.0048378113	0.3459372727	-0.2378252886
83.510	5226	0.1369916282	268.9197223735	0.3459103314	-0.2378271960
83.521	5227	0.1369959198	268.8408654237	0.3458839861	-0.2378308915
83.524	5228	0.1369969926	268.7595050788	0.3458581177	-0.2378330372
83.535	5229	0.1370014034	268.6756413386	0.3458304611	-0.2378374480
83.542	5230	0.1370042644	268.6011653305	0.3458022085	-0.2378380440
83.555	5231	0.1370095096	268.5198049855	0.3457734791	-0.2378426932
83.560	5232	0.1370112978	268.4447031286	0.3457476107	-0.2378446005
83.576	5233	0.1370174966	268.3627169348	0.3457198349	-0.2378446005
83.583	5234	0.1370204769	268.2819824387	0.3456906286	-0.2378487729
83.594	5235	0.1370248876	268.2037513378	0.3456648794	-0.2378509186
83.602	5236	0.1370277486	268.1217651440	0.3456384150	-0.2378553294
83.605	5237	0.1370291792	268.0410306478	0.3456113544	-0.2378550910
83.611	5238	0.1370314441	267.9627995469	0.3455846516	-0.2378566407
83.620	5239	0.1370351396	267.8839425971	0.3455572334	-0.2378550910
83.632	5240	0.1370396696	267.8069631938	0.3455307690	-0.2378559254
83.642	5241	0.1370438419	267.7268545465	0.3455045429	-0.2378515147
83.645	5242	0.1370449148	267.6454942015	0.3454755751	-0.2378533028
83.665	5243	0.1370526634	267.5678889494	0.3454491106	-0.2378535412
83.676	5244	0.1370570741	267.4896578485	0.3454262224	-0.2378598593
83.680	5245	0.1370587431	267.4108008987	0.3453967777	-0.2378571175
83.683	5246	0.1370598159	267.3350731930	0.3453712669	-0.2378525876
83.689	5247	0.1370620809	267.2568420921	0.3453437296	-0.2378506802
83.702	5248	0.1370675646	267.1748558983	0.3453165499	-0.2378478192
83.706	5249	0.1370691143	267.0959989486	0.3452898470	-0.2378186129
83.717	5250	0.1370732866	267.0196453941	0.3452617136	-0.2378178977
83.726	5251	0.1370769821	266.9407884443	0.3452336994	-0.2378097914
83.739	5252	0.1370818697	266.8613056458	0.3452061620	-0.2378114604
83.757	5253	0.1370891414	266.7830745449	0.3451805320	-0.2378125332
83.765	5254	0.1370922409	266.7085985368	0.3451527563	-0.2378112219
83.766	5255	0.1370928369	266.6266123430	0.3451261726	-0.2378074072
83.780	5256	0.1370983205	266.5502587885	0.3450986353	-0.2378016852
83.782	5257	0.1370990358	266.4695242923	0.3450738397	-0.2378004931
83.803	5258	0.1371072612	266.3944224354	0.3450448719	-0.2377948903
83.810	5259	0.1371102415	266.3168171833	0.3450201955	-0.2377913140
83.820	5260	0.1371139370	266.2398377800	0.3449934927	-0.2377874993
83.830	5261	0.1371177517	266.1609808303	0.3449667898	-0.2377857112
83.844	5262	0.1371235929	266.0808721829	0.3449393716	-0.2377874993
83.855	5263	0.1371280037	266.0020152332	0.3449112382	-0.2377678298
83.859	5264	0.1371294342	265.9275392251	0.3448852506	-0.2377591275
83.867	5265	0.1371326528	265.8518115194	0.3448572364	-0.2377454184
83.877	5266	0.1371363483	265.7717028720	0.3448302951	-0.2377374314
83.884	5267	0.1371392093	265.6966010151	0.3448058572	-0.2377350472
83.900	5268	0.1371454082	265.6202474606	0.3447771278	-0.2377333783
83.906	5269	0.1371479116	265.5413905109	0.3447512594	-0.2377274178
83.905	5270	0.1371474348	265.4687920492	0.3447246757	-0.2377143048
83.921	5271	0.1371538721	265.3855541578	0.3446978536	-0.2377057217
83.936	5272	0.1371599518	265.3073230569	0.3446716276	-0.2377022646
83.946	5273	0.1371636472	265.2315953512	0.3446467128	-0.2376835488
83.956	5274	0.1371675812	265.1533642503	0.3446160760	-0.2376665019
83.962	5275	0.1371702038	265.0782623934	0.3445904460	-0.2376614951
83.974	5276	0.1371748529	265.0000312924	0.3445637431	-0.2376560114
83.988	5277	0.1371803365	264.9293103772	0.3445384708	-0.2376481436
83.994	5278	0.1371828399	264.8492017298	0.3445129600	-0.2376437329
84.003	5279	0.1371864162	264.7684672337	0.3444862571	-0.2376464747
84.007	5280	0.1371877275	264.6983721673	0.3444586005	-0.2376333617
84.022	5281	0.1371938072	264.6207669151	0.3444309440	-0.2376269244
84.031	5282	0.1371971451	264.5406582678	0.3444060292	-0.2376206063
84.034	5283	0.1371984564	264.4686856549	0.3443793264	-0.2376150034
84.051	5284	0.1372051321	264.3885770076	0.3443534579	-0.2376051091
84.064	5285	0.1372101389	264.3103459066	0.3443247285	-0.2375986718
84.080	5286	0.1372164570	264.2383732938	0.3442993369	-0.2375925921
84.088	5287	0.1372199140	264.1626455881	0.3442740646	-0.2375841282
84.089	5288	0.1372200332	264.0850403360	0.3442460504	-0.2375732802
84.103	5289	0.1372257553	264.0074350838	0.3442198243	-0.2375711344
84.112	5290	0.1372292124	263.9335849246	0.3441944327	-0.2376052283
84.121	5291	0.1372327886	263.8622381605	0.3441672530	-0.2376583956
84.127	5292	0.1372351728	263.7833812108	0.3441392388	-0.2376228713
84.135	5293	0.1372385107	263.7076535051	0.3441138473	-0.2375958107
84.141	5294	0.1372405372	263.6312999506	0.3440891709	-0.2375918768
84.155	5295	0.1372461401	263.5543205472	0.3440618720	-0.2375435971
84.170	5296	0.1372522198	263.4773411439	0.3440356460	-0.2375354908
84.169	5297	0.1372518621	263.4022392870	0.3440073934	-0.2375327490
84.174	5298	0.1372536503	263.3258857325	0.3439820018	-0.2375298880
84.186	5299	0.1372582994	263.2557906661	0.3439544644	-0.2375275038
84.186	5300	0.1372582994	263.1781854140	0.3439276423	-0.2375210665
84.201	5301	0.1372643791	263.1018318595	0.3439003434	-0.2375160597
84.204	5302	0.1372655712	263.0261041538	0.3438772168	-0.2375207089
84.222	5303	0.1372727238	262.9522539945	0.3438508716	-0.2375341795
84.222	5304	0.1372726045	262.8771521376	0.3438259568	-0.2375189208
84.235	5305	0.1372778498	262.8033019783	0.3437987771	-0.2375087880
84.243	5306	0.1372810684	262.7294518190	0.3437723126	-0.2374985360
84.252	5307	0.1372846447	262.6568533574	0.3437473979	-0.2374940060
84.251	5308	0.1372842871	262.5817515005	0.3437195029	-0.2374917410
84.262	5309	0.1372884594	262.5028945507	0.3436933961	-0.2374882840
84.285	5310	0.1372975193	262.4315477867	0.3436660971	-0.2374820851
84.287	5311	0.1372982345	262.3576976274	0.3436405864	-0.2374732636
84.296	5312	0.1373018108	262.2819699217	0.3436147179	-0.2374687336
84.308	5313	0.1373065792	262.2062422160	0.3435888495	-0.2374651574
84.314	5314	0.1373090826	262.1342696031	0.3435633387	-0.2374600314
84.323	5315	0.1373125397	262.0560385022	0.3435373511	-0.2374557398
84.334	5316	0.1373170696	261.9853175870	0.3435106482	-0.2374495409
84.346	5317	0.1373214804	261.9108415789	0.3434853759	-0.2374425076
84.353	5318	0.1373243414	261.8376172684	0.3434581961	-0.2374363087
84.364	5319	0.1373287521	261.7631412603	0.3434329238	-0.2374292754
84.369	5320	0.1373307787	261.6899169499	0.3434061017	-0.2374224804
84.374	5321	0.1373326860	261.6129375465	0.3433807101	-0.2374148510
84.383	5322	0.1373361431	261.5397132361	0.3433554377	-0.2374085329
84.392	5323	0.1373399578	261.4702440185	0.3433289733	-0.2374029301
84.402	5324	0.1373438917	261.3876319759	0.3433042969	-0.2373920821
84.417	5325	0.1373494945	261.3181627582	0.3432753291	-0.2373827837
84.430	5326	0.1373546205	261.2480676918	0.3432500567	-0.2373750351
84.434	5327	0.1373562895	261.1735916837	0.3432214465	-0.2373691939
84.448	5328	0.1373618923	261.1016190709	0.3431991543	-0.2373606108
84.454	5329	0.1373641573	261.0227621211	0.3431726899	-0.2373515509
84.461	5330	0.1373668991	260.9520412059	0.3431472983	-0.2373434447
84.468	5331	0.1373696409	260.8794427442	0.3431204762	-0.2373361729
84.485	5332	0.1373765550	260.8068442826	0.3430944886	-0.2373267554
84.498	5333	0.1373816810	260.7323682745	0.3430682625	-0.2373157881
84.506	5334	0.1373846613	260.6603956616	0.3430415596	-0.2373078011
84.517	5335	0.1373891912	260.5896747464	0.3430153336	-0.2373017214
84.529	5336	0.1373938404	260.5164504359	0.3429906573	-0.2372895621
84.542	5337	0.1373988472	260.4400968814	0.3429643120	-0.2372779988
84.539	5338	0.1373976551	260.3681242685	0.3429391589	-0.2372694157
84.555	5339	0.1374039732	260.2955258069	0.3429132904	-0.2372636936
84.556	5340	0.1374045692	260.2229273452	0.3428883757	-0.2372479580
84.571	5341	0.1374102913	260.1490771859	0.3428623881	-0.2372429512
84.583	5342	0.1374152981	260.0771045731	0.3428359236	-0.2372287653
84.583	5343	0.1374152981	260.0045061114	0.3428098168	-0.2372120760
84.594	5344	0.1374193512	259.9319076497	0.3427854981	-0.2372009896
84.608	5345	0.1374249540	259.8611867345	0.3427607025	-0.2371908568
84.616	5346	0.1374280535	259.7904658193	0.3427343573	-0.2371790550
84.623	5347	0.1374307953	259.7197449040	0.3427089657	-0.2371740483
84.628	5348	0.1374329410	259.6471464424	0.3426838125	-0.2371573590
84.632	5349	0.1374343716	259.5707928879	0.3426569904	-0.2371466301
84.640	5350	0.1374377094	259.4969427286	0.3426306452	-0.2371354244
84.656	5351	0.1374439083	259.4262218133	0.3426050152	-0.2371270798
84.662	5352	0.1374462925	259.3542492005	0.3425805773	-0.2371151589
84.667	5353	0.1374483190	259.2841541340	0.3425519671	-0.2371075295
84.674	5354	0.1374510609	259.2134332188	0.3425272907	-0.2371148012
84.690	5355	0.1374572597	259.1427123036	0.3425023760	-0.2370839260
84.703	5356	0.1374623857	259.0726172371	0.3424772228	-0.2370777271
84.715	5357	0.1374671541	259.0000187755	0.3424505199	-0.2370698593
84.718	5358	0.1374684654	258.9286720114	0.3424270357	-0.2370606802
84.729	5359	0.1374727570	258.8560735498	0.3424004520	-0.2370513819
84.739	5360	0.1374765716	258.7834750881	0.3423735107	-0.2370439909
84.745	5361	0.1374791943	258.7108766264	0.3423494305	-0.2370371960
84.757	5362	0.1374838434	258.6457883505	0.3423243965	-0.2370296858
84.772	5363	0.1374896847	258.5706864936	0.3422998394	-0.2370231293
84.774	5364	0.1374906383	258.5024689735	0.3422725405	-0.2370150231
84.787	5365	0.1374957643	258.4279929655	0.3422464336	-0.2370089434
84.796	5366	0.1374991022	258.3566462014	0.3422215189	-0.2370032213
84.801	5367	0.1375012480	258.2909320766	0.3421968426	-0.2369960688
84.806	5368	0.1375033937	258.2177077662	0.3421704973	-0.2369934462
84.813	5369	0.1375061356	258.1438576069	0.3421460594	-0.2369880818
84.823	5370	0.1375098310	258.0775176333	0.3421197141	-0.2369872473
84.837	5371	0.1375155531	258.0086742645	0.3420946802	-0.2369698427
84.844	5372	0.1375180565	257.9392050468	0.3420672621	-0.2369589947
84.858	5373	0.1375237785	257.8678582828	0.3420431818	-0.2369513653
84.872	5374	0.1375293814	257.7921305771	0.3420193399	-0.2369437359
84.876	5375	0.1375309311	257.7257906035	0.3419939483	-0.2369371794
84.892	5376	0.1375371300	257.6563213859	0.3419715370	-0.2369319342
84.900	5377	0.1375404678	257.5881038659	0.3419437612	-0.2369269274
84.907	5378	0.1375430904	257.5142537066	0.3419199194	-0.2369201325
84.917	5379	0.1375470243	257.4441586402	0.3418926204	-0.2369113110
84.921	5380	0.1375484549	257.3728118761	0.3418690170	-0.2369051121
84.926	5381	0.1375504814	257.3064719025	0.3418454136	-0.2368992708
84.926	5382	0.1375507198	257.2332475920	0.3418183530	-0.2368960522
84.941	5383	0.1375563227	257.1644042232	0.3417921270	-0.2368904493
84.947	5384	0.1375588261	257.0936833080	0.3417692388	-0.2368840120
84.958	5385	0.1375629984	257.0279691832	0.3417440857	-0.2368773363
84.975	5386	0.1375700317	256.9541190239	0.3417182172	-0.2368770979
84.975	5387	0.1375697933	256.8890307480	0.3416947330	-0.2368689917
84.986	5388	0.1375742041	256.8164322863	0.3416692222	-0.2368654154
84.997	5389	0.1375784956	256.7500923127	0.3416435922	-0.2368700645
85.006	5390	0.1375821911	256.6787455487	0.3416198696	-0.2368592165
85.017	5391	0.1375864826	256.6073987846	0.3415945972	-0.2368464611
85.019	5392	0.1375874363	256.5410588110	0.3415693248	-0.2368322752
85.031	5393	0.1375918470	256.4703378958	0.3415439332	-0.2368185661
85.032	5394	0.1375922047	256.4027462246	0.3415200914	-0.2368084333
85.041	5395	0.1375957809	256.3364062510	0.3414925540	-0.2367997311
85.058	5396	0.1376028143	256.2656853357	0.3414684738	-0.2367940090
85.059	5397	0.1376030527	256.1974678157	0.3414420093	-0.2367828033
85.061	5398	0.1376036488	256.1273727493	0.3414179290	-0.2367706440
85.075	5399	0.1376092516	256.0560259852	0.3413908685	-0.2367621801
85.097	5400	0.1376180731	255.9953186509	0.3413677419	-0.2367526434
85.096	5401	0.1376175962	255.9208426428	0.3413439000	-0.2367417953
85.102	5402	0.1376202189	255.8538768204	0.3413183893	-0.2367350004
85.118	5403	0.1376261793	255.7812783588	0.3412931169	-0.2367272518
85.123	5404	0.1376282059	255.7174417804	0.3412685598	-0.2367198608
85.127	5405	0.1376299940	255.6485984116	0.3412430490	-0.2367136620
85.145	5406	0.1376371466	255.5803808916	0.3412184919	-0.2367034100
85.155	5407	0.1376408421	255.5140409180	0.3411931003	-0.2366984032
85.163	5408	0.1376440607	255.4464492468	0.3411675895	-0.2366883896
85.170	5409	0.1376469217	255.3782317268	0.3411425555	-0.2366831444
85.170	5410	0.1376469217	255.3093883580	0.3411183561	-0.2366768263
85.184	5411	0.1376522862	255.2392932915	0.3410930837	-0.2366696737
85.189	5412	0.1376543127	255.1748308644	0.3410680497	-0.2366619251
85.202	5413	0.1376593195	255.1066133443	0.3410431350	-0.2366559647
85.209	5414	0.1376621805	255.0340148827	0.3410189355	-0.2366502426
85.221	5415	0.1376668297	254.9701783043	0.3409956897	-0.2366446398
85.234	5416	0.1376720749	254.8994573891	0.3409707749	-0.2366385601
85.235	5417	0.1376724325	254.8318657179	0.3409465755	-0.2366347454
85.254	5418	0.1376800619	254.7692808371	0.3409216607	-0.2366322420
85.253	5419	0.1376794659	254.6998116195	0.3408976996	-0.2366271160
85.264	5420	0.1376837574	254.6284648555	0.3408723081	-0.2366224668
85.271	5421	0.1376866184	254.5640024283	0.3408456052	-0.2366196058
85.285	5422	0.1376921021	254.4964107571	0.3408211673	-0.2366167448
85.293	5423	0.1376952015	254.4325741787	0.3407985175	-0.2366136454
85.301	5424	0.1376985394	254.3643566587	0.3407722915	-0.2366026781
85.319	5425	0.1377058111	254.2992683827	0.3407497609	-0.2366017244
85.320	5426	0.1377059303	254.2310508627	0.3407267535	-0.2365962408
85.329	5427	0.1377097450	254.1597040987	0.3407010043	-0.2365913532
85.335	5428	0.1377120100	254.0896090323	0.3406751359	-0.2365830086
85.349	5429	0.1377173744	254.0245207563	0.3406509364	-0.2365803860
85.350	5430	0.1377179705	253.9625617243	0.3406268561	-0.2365758560
85.357	5431	0.1377204739	253.8943442043	0.3406036103	-0.2365710876
85.362	5432	0.1377225004	253.8323851724	0.3405804837	-0.2365681074
85.384	5433	0.1377312027	253.7610384083	0.3405522311	-0.2365620277
85.381	5434	0.1377300106	253.6984535276	0.3405297005	-0.2365560673
85.392	5435	0.1377346598	253.6321135540	0.3405076468	-0.2365510605
85.403	5436	0.1377388321	253.5689028245	0.3404803479	-0.2365443848
85.400	5437	0.1377375208	253.4969302116	0.3404563868	-0.2365394972
85.411	5438	0.1377419315	253.4330936332	0.3404315913	-0.2365347288
85.423	5439	0.1377465807	253.3667536597	0.3404097760	-0.2365286491
85.434	5440	0.1377508722	253.2960327444	0.3403847420	-0.2365234039
85.442	5441	0.1377543293	253.2346995613	0.3403585160	-0.2365173242
85.454	5442	0.1377590977	253.1652303437	0.3403340781	-0.2365087412
85.466	5443	0.1377635084	253.0995162189	0.3403101170	-0.2365015886
85.469	5444	0.1377648197	253.0369313381	0.3402855599	-0.2364957474
85.480	5445	0.1377689921	252.9699655157	0.3402620757	-0.2364899061
85.490	5446	0.1377730452	252.9055030886	0.3402390683	-0.2364865682
85.498	5447	0.1377763830	252.8410406614	0.3402149880	-0.2364770315
85.505	5448	0.1377788864	252.7734489902	0.3401894772	-0.2364713095
85.504	5449	0.1377786480	252.7096124118	0.3401667082	-0.2364658258
85.509	5450	0.1377804361	252.6426465894	0.3401413167	-0.2364665411
85.521	5451	0.1377854429	252.5800617087	0.3401190245	-0.2364634416
85.538	5452	0.1377918802	252.5137217351	0.3400942290	-0.2364602230
85.547	5453	0.1377955757	252.4461300639	0.3400711024	-0.2364530704
85.551	5454	0.1377973639	252.3829193343	0.3400477374	-0.2364406727
85.556	5455	0.1377990328	252.3159535120	0.3400205576	-0.2364312551
85.566	5456	0.1378032051	252.2527427824	0.3399991000	-0.2364241026
85.576	5457	0.1378070198	252.1876545064	0.3399733508	-0.2364168308
85.581	5458	0.1378090464	252.1200628352	0.3399520123	-0.2364162348
85.590	5459	0.1378126227	252.0581038033	0.3399267399	-0.2364026449
85.601	5460	0.1378167950	251.9930155273	0.3399038517	-0.2364004991
85.611	5461	0.1378207289	251.9254238561	0.3398785794	-0.2364056251
85.622	5462	0.1378251396	251.8628389754	0.3398535454	-0.2363953731
85.629	5463	0.1378281199	251.7990023970	0.3398302996	-0.2363838098
85.623	5464	0.1378257357	251.7332882722	0.3398053849	-0.2363758228
85.644	5465	0.1378337227	251.6732067867	0.3397832119	-0.2363685510
85.642	5466	0.1378330074	251.6037375691	0.3397591317	-0.2363599680
85.636	5467	0.1378308617	251.5455336300	0.3397352898	-0.2363555572
85.646	5468	0.1378347956	251.4773161100	0.3397110903	-0.2363485239
85.657	5469	0.1378388487	251.4128536828	0.3396878445	-0.2363382719
85.665	5470	0.1378423058	251.3496429533	0.3396625721	-0.2363326690
85.675	5471	0.1378461205	251.2870580725	0.3396390879	-0.2363293312
85.676	5472	0.1378465973	251.2207180989	0.3396152460	-0.2363227747
85.690	5473	0.1378522001	251.1587590670	0.3395906889	-0.2363177679
85.705	5474	0.1378579222	251.0955483374	0.3395680392	-0.2363112114
85.711	5475	0.1378601872	251.0292083638	0.3395443165	-0.2363063238
85.715	5476	0.1378619753	250.9685010295	0.3395215475	-0.2362989328
85.716	5477	0.1378623329	250.8996576607	0.3394985401	-0.2362929723
85.728	5478	0.1378671013	250.8389503264	0.3394715988	-0.2362865350
85.740	5479	0.1378716313	250.7738620504	0.3394487106	-0.2362806938
85.750	5480	0.1378758036	250.7112771697	0.3394279682	-0.2362777136
85.757	5481	0.1378786646	250.6518215330	0.3394036495	-0.2362724683
85.766	5482	0.1378821217	250.5854815594	0.3393800461	-0.2362697265
85.781	5483	0.1378878437	250.5228966786	0.3393556082	-0.2362612627
85.782	5484	0.1378882013	250.4596859491	0.3393317663	-0.2362563751
85.792	5485	0.1378924929	250.3989786147	0.3393081629	-0.2362523220
85.801	5486	0.1378957115	250.3332644900	0.3392853939	-0.2362482689
85.814	5487	0.1379008375	250.2706796092	0.3392623865	-0.2362444542
85.821	5488	0.1379035793	250.2062171821	0.3392378294	-0.2362369440
85.820	5489	0.1379033409	250.1461356965	0.3392139875	-0.2362398050
85.832	5490	0.1379081093	250.0810474206	0.3391902649	-0.2362388513
85.838	5491	0.1379102551	250.0178366910	0.3391692841	-0.2362297914
85.853	5492	0.1379164540	249.9552518103	0.3391427004	-0.2362262151
85.858	5493	0.1379182421	249.8945444759	0.3391207659	-0.2362210891
85.860	5494	0.1379190766	249.8332112928	0.3390983545	-0.2362150095
85.868	5495	0.1379224144	249.7674971680	0.3390748703	-0.2362321756
85.875	5496	0.1379249178	249.7055381361	0.3390513861	-0.2362283609
85.877	5497	0.1379257523	249.6410757089	0.3390269482	-0.2362456463
85.890	5498	0.1379311167	249.5816200722	0.3390040600	-0.2362394474
85.898	5499	0.1379339777	249.5184093427	0.3389799797	-0.2362536333
85.906	5500	0.1379371964	249.4577020083	0.3389562570	-0.2362500570
85.912	5501	0.1379395806	249.3944912788	0.3389330112	-0.2362431429
85.924	5502	0.1379444681	249.3337839445	0.3389116728	-0.2362378976
85.939	5503	0.1379504286	249.2699473661	0.3388867580	-0.2362343214
85.945	5504	0.1379528128	249.2086141830	0.3388645851	-0.2362291954
85.965	5505	0.1379604422	249.1479068487	0.3388416969	-0.2362281225
85.965	5506	0.1379604422	249.0859478167	0.3388178550	-0.2362234733
85.973	5507	0.1379635416	249.0252404824	0.3387938940	-0.2362183473
85.975	5508	0.1379643761	248.9632814505	0.3387705290	-0.2362157247
85.981	5509	0.1379669987	248.9038258138	0.3387490713	-0.2362133405
85.992	5510	0.1379710518	248.8393633866	0.3387241565	-0.2362058303
85.996	5511	0.1379729592	248.7786560523	0.3387016260	-0.2361941478
86.002	5512	0.1379752241	248.7166970203	0.3386800491	-0.2361898563
86.018	5513	0.1379815422	248.6572413836	0.3386560880	-0.2361862800
86.018	5514	0.1379814230	248.5902755612	0.3386320078	-0.2361812732
86.022	5515	0.1379832112	248.5308199245	0.3386088812	-0.2361734054
86.031	5516	0.1379866682	248.4701125902	0.3385865890	-0.2361674450
86.045	5517	0.1379920326	248.4087794071	0.3385625087	-0.2361612461
86.051	5518	0.1379942976	248.3505754680	0.3385409319	-0.2361489675
86.052	5519	0.1379948937	248.2842354944	0.3385187589	-0.2361413381
86.059	5520	0.1379975163	248.2222764625	0.3384940826	-0.2361302517
86.075	5521	0.1380040728	248.1653242210	0.3384708368	-0.2361180923
86.077	5522	0.1380047880	248.1033651890	0.3384480678	-0.2361126087
86.086	5523	0.1380083643	248.0445354011	0.3384254180	-0.2361011646
86.096	5524	0.1380120598	247.9850797644	0.3384025299	-0.2360983036
86.096	5525	0.1380121790	247.9181139420	0.3383782112	-0.2360923431
86.113	5526	0.1380188547	247.8580324565	0.3383552038	-0.2360838792
86.118	5527	0.1380207621	247.7992026686	0.3383344614	-0.2360705278
86.129	5528	0.1380252920	247.7391211831	0.3383093082	-0.2360619447
86.133	5529	0.1380269610	247.6759104536	0.3382872545	-0.2360550306
86.144	5530	0.1380310141	247.6189582121	0.3382635318	-0.2360476396
86.147	5531	0.1380323254	247.5588767266	0.3382406436	-0.2360450170
86.148	5532	0.1380325638	247.4987952410	0.3382194244	-0.2360406063
86.159	5533	0.1380370938	247.4374620579	0.3381966554	-0.2360286853
86.162	5534	0.1380382859	247.3748771772	0.3381720983	-0.2360263011
86.180	5535	0.1380455576	247.3185507845	0.3381511175	-0.2360197446
86.191	5536	0.1380498492	247.2559659038	0.3381264411	-0.2360078237
86.197	5537	0.1380519949	247.1971361159	0.3381043874	-0.2359869621
86.203	5538	0.1380544983	247.1326736887	0.3380809032	-0.2359639547
86.212	5539	0.1380578362	247.0775989936	0.3380584918	-0.2359917305
86.220	5540	0.1380610548	247.0187692057	0.3380357229	-0.2360344074
86.222	5541	0.1380617701	246.9511775345	0.3380133115	-0.2360618255
86.236	5542	0.1380673729	246.8979803859	0.3379913770	-0.2360668323
86.243	5543	0.1380703532	246.8410281444	0.3379682504	-0.2360510967
86.248	5544	0.1380722605	246.7803208101	0.3379426204	-0.2360377452
86.252	5545	0.1380739294	246.7177359294	0.3379214011	-0.2360284469
86.264	5546	0.1380783402	246.6582802926	0.3378998243	-0.2360206983
86.270	5547	0.1380808436	246.5994505047	0.3378762208	-0.2360133073
86.271	5548	0.1380814396	246.5399948680	0.3378542863	-0.2360246322
86.271	5549	0.1380814396	246.4799133825	0.3378318750	-0.2360122345
86.281	5550	0.1380853735	246.4192060482	0.3378099404	-0.2360022209
86.296	5551	0.1380909764	246.3597504115	0.3377880059	-0.2359957836
86.308	5552	0.1380958639	246.3046757164	0.3377644025	-0.2360074661
86.314	5553	0.1380982481	246.2483493238	0.3377434217	-0.2360156915
86.321	5554	0.1381011092	246.1876419894	0.3377199374	-0.2360013864
86.321	5555	0.1381008707	246.1269346551	0.3376962148	-0.2359995983
86.327	5556	0.1381033741	246.0643497744	0.3376734458	-0.2359936378
86.338	5557	0.1381077849	246.0086492305	0.3376519881	-0.2360105655
86.346	5558	0.1381107651	245.9498194426	0.3376295768	-0.2360280893
86.363	5559	0.1381175600	245.8897379571	0.3376066886	-0.2360464475
86.360	5560	0.1381163679	245.8315340180	0.3375861846	-0.2360644481
86.383	5561	0.1381255471	245.7733300789	0.3375634156	-0.2360624216
86.377	5562	0.1381230437	245.7182553839	0.3375398122	-0.2360627792
86.386	5563	0.1381266199	245.6537929567	0.3375171624	-0.2360615871
86.392	5564	0.1381290041	245.5993441104	0.3374964200	-0.2360595605
86.399	5565	0.1381318652	245.5386367761	0.3374737702	-0.2360556266
86.406	5566	0.1381346070	245.4804328370	0.3374511205	-0.2360546730
86.409	5567	0.1381355606	245.4190996539	0.3374288283	-0.2360532424
86.414	5568	0.1381377064	245.3671542029	0.3374059401	-0.2360745809
86.416	5569	0.1381385409	245.3076985662	0.3373829327	-0.2360910318
86.432	5570	0.1381449782	245.2488687783	0.3373609982	-0.2361062906
86.435	5571	0.1381459318	245.1925423856	0.3373373948	-0.2361236951
86.453	5572	0.1381530844	245.1318350513	0.3373168908	-0.2361393116
86.461	5573	0.1381564223	245.0723794146	0.3372950755	-0.2361440799
86.473	5574	0.1381609522	245.0129237779	0.3372746907	-0.2361358545
86.475	5575	0.1381617867	244.9565973852	0.3372521601	-0.2361425302
86.474	5576	0.1381613098	244.9015226901	0.3372284375	-0.2361300132
86.475	5577	0.1381616675	244.8445704487	0.3372065030	-0.2361246488
86.496	5578	0.1381700121	244.7857406608	0.3371824227	-0.2361227415
86.509	5579	0.1381750189	244.7256591753	0.3371609650	-0.2361217878
86.512	5580	0.1381764494	244.6687069338	0.3371386729	-0.2361194036
86.524	5581	0.1381810986	244.6123805411	0.3371162615	-0.2361122511
86.532	5582	0.1381841980	244.5504215092	0.3370959960	-0.2361073635
86.529	5583	0.1381832444	244.4940951165	0.3370734654	-0.2361027143
86.542	5584	0.1381883704	244.4358911774	0.3370506964	-0.2360986612
86.555	5585	0.1381931387	244.3751838431	0.3370276890	-0.2360966346
86.555	5586	0.1381933771	244.3151023576	0.3370081387	-0.2360910318
86.557	5587	0.1381940924	244.2581501161	0.3369837008	-0.2360874555
86.571	5588	0.1381998145	244.1961910842	0.3369605742	-0.2360844753
86.585	5589	0.1382051789	244.1367354475	0.3369398318	-0.2360828064
86.591	5590	0.1382075631	244.0747764155	0.3369168244	-0.2360808990
86.597	5591	0.1382099472	244.0184500228	0.3368950091	-0.2360742233
86.608	5592	0.1382141196	243.9577426885	0.3368717633	-0.2360713623
86.615	5593	0.1382170998	243.9001645982	0.3368494711	-0.2360894821
86.629	5594	0.1382223450	243.8382055663	0.3368262253	-0.2360876939
86.628	5595	0.1382221066	243.7787499296	0.3368039332	-0.2360838792
86.634	5596	0.1382243716	243.7161650488	0.3367806874	-0.2360767267
86.646	5597	0.1382290207	243.6567094121	0.3367586337	-0.2360948465
86.653	5598	0.1382320010	243.5947503802	0.3367363415	-0.2361129663
86.664	5599	0.1382364117	243.5309138018	0.3367134533	-0.2361295364
86.678	5600	0.1382416569	243.4720840139	0.3366899691	-0.2361458681
86.682	5601	0.1382434451	243.4094991332	0.3366664849	-0.2361616037
86.695	5602	0.1382486903	243.3500434965	0.3366435967	-0.2361807964
86.708	5603	0.1382535778	243.2837035229	0.3366213045	-0.2361987970
86.708	5604	0.1382536971	243.2217444910	0.3365979395	-0.2362162016
86.708	5605	0.1382535778	243.1672956447	0.3365746937	-0.2362153671
86.717	5606	0.1382573925	243.0990781247	0.3365504942	-0.2362351558
86.731	5607	0.1382627570	243.0421258832	0.3365267716	-0.2362330101
86.735	5608	0.1382643067	242.9764117584	0.3365020953	-0.2362319372
86.750	5609	0.1382701479	242.9138268777	0.3364798031	-0.2362294338
86.749	5610	0.1382700287	242.8493644505	0.3364560805	-0.2362252615
86.758	5611	0.1382732474	242.7911605114	0.3364320002	-0.2362238310
86.779	5612	0.1382814728	242.7279497819	0.3364095888	-0.2362226389
86.779	5613	0.1382817112	242.6641132035	0.3363870583	-0.2362229965
86.791	5614	0.1382862412	242.6021541716	0.3363607130	-0.2362196586
86.801	5615	0.1382905327	242.5370658956	0.3363387785	-0.2362162016
86.808	5616	0.1382929169	242.4776102589	0.3363163672	-0.2362140558
86.820	5617	0.1382976853	242.4150253782	0.3362907372	-0.2362128637
86.828	5618	0.1383009039	242.3499371022	0.3362670145	-0.2362113140
86.836	5619	0.1383040034	242.2842229774	0.3362435303	-0.2362089298
86.848	5620	0.1383088910	242.2228897943	0.3362181387	-0.2362055919
86.861	5621	0.1383138977	242.1609307623	0.3361954889	-0.2362036846
86.867	5622	0.1383165204	242.0958424864	0.3361711702	-0.2362005851
86.872	5623	0.1383183085	242.0257474199	0.3361475668	-0.2361958168
86.888	5624	0.1383245074	241.9675434808	0.3361231289	-0.2361899755
86.895	5625	0.1383274876	241.9012035073	0.3360972605	-0.2361894987
86.895	5626	0.1383274876	241.8379927777	0.3360713921	-0.2361842535
86.911	5627	0.1383338057	241.7741561993	0.3360504112	-0.2361794851
86.920	5628	0.1383373820	241.7084420746	0.3360251389	-0.2361725710
86.922	5629	0.1383379780	241.6421021010	0.3359999857	-0.2361694715
86.936	5630	0.1383437001	241.5807689178	0.3359755478	-0.2361630342
86.941	5631	0.1383457266	241.5138030954	0.3359506330	-0.2361588619
86.947	5632	0.1383478724	241.4480889707	0.3359250030	-0.2361551664
86.965	5633	0.1383551442	241.3842523923	0.3358992538	-0.2361487291
86.968	5634	0.1383563363	241.3160348723	0.3358763657	-0.2361391924
86.976	5635	0.1383595549	241.2534499916	0.3358508549	-0.2361322782
86.992	5636	0.1383656346	241.1902392620	0.3358260593	-0.2361277483
87.006	5637	0.1383713566	241.1226475908	0.3358024559	-0.2361241720
87.014	5638	0.1383742177	241.0550559196	0.3357764683	-0.2361177347
87.011	5639	0.1383732640	240.9924710388	0.3357517919	-0.2361102245
87.023	5640	0.1383779131	240.9261310653	0.3357250891	-0.2361009262
87.032	5641	0.1383816086	240.8647978821	0.3357013664	-0.2360823295
87.048	5642	0.1383876883	240.7934511181	0.3356758556	-0.2360779188
87.053	5643	0.1383897149	240.7308662373	0.3356512985	-0.2360669515
87.060	5644	0.1383925759	240.6607711709	0.3356241188	-0.2360615871
87.071	5645	0.1383969866	240.5956828949	0.3355974159	-0.2360526464
87.080	5646	0.1384005629	240.5262136773	0.3355730972	-0.2360464475
87.093	5647	0.1384056889	240.4604995525	0.3355498514	-0.2360417984
87.108	5648	0.1384115302	240.3885269397	0.3355237446	-0.2360355995
87.103	5649	0.1384096228	240.3221869661	0.3354958496	-0.2360322616
87.125	5650	0.1384180867	240.2589762365	0.3354702196	-0.2360278509
87.129	5651	0.1384197556	240.1863777749	0.3354450664	-0.2360241554
87.142	5652	0.1384250008	240.1175344060	0.3354188404	-0.2360198638
87.152	5653	0.1384286963	240.0493168860	0.3353923759	-0.2360177181
87.166	5654	0.1384344183	239.9804735172	0.3353676996	-0.2360087774
87.160	5655	0.1384320342	239.9122559972	0.3353412351	-0.2360093734
87.173	5656	0.1384371602	239.8465418724	0.3353154859	-0.2360108039
87.192	5657	0.1384444319	239.7733175619	0.3352891407	-0.2360121152
87.197	5658	0.1384464585	239.7019707979	0.3352639875	-0.2360077045
87.205	5659	0.1384497963	239.6350049755	0.3352353773	-0.2360001943
87.217	5660	0.1384544455	239.5649099091	0.3352093896	-0.2359973333
87.220	5661	0.1384557568	239.4973182379	0.3351828060	-0.2359943531
87.240	5662	0.1384636246	239.4272231714	0.3351547918	-0.2359875581
87.255	5663	0.1384694659	239.3565022562	0.3351304731	-0.2359839818
87.265	5664	0.1384733998	239.2857813409	0.3351042470	-0.2359827898
87.274	5665	0.1384769761	239.2175638209	0.3350764713	-0.2359798095
87.290	5666	0.1384830557	239.1468429057	0.3350485763	-0.2359758756
87.297	5667	0.1384857976	239.0779995369	0.3350219926	-0.2359687231
87.305	5668	0.1384890162	239.0072786216	0.3349932632	-0.2359748027
87.314	5669	0.1384925925	238.9403127992	0.3349698982	-0.2359813592
87.320	5670	0.1384952151	238.8670884888	0.3349415263	-0.2359736106
87.329	5671	0.1384985529	238.7919866319	0.3349138698	-0.2359715841
87.347	5672	0.1385057055	238.7262725071	0.3348875245	-0.2359700344
87.356	5673	0.1385094010	238.6530481966	0.3348591527	-0.2359688423
87.364	5674	0.1385125004	238.5810755838	0.3348310193	-0.2359669349
87.380	5675	0.1385185801	238.5116063661	0.3348039588	-0.2359669349
87.387	5676	0.1385214411	238.4371303580	0.3347770175	-0.2359656236
87.390	5677	0.1385226332	238.3689128380	0.3347478112	-0.2359653852
87.406	5678	0.1385288321	238.2900558883	0.3347197971	-0.2359644315
87.408	5679	0.1385297858	238.2249676123	0.3346934518	-0.2359610937
87.416	5680	0.1385328852	238.1511174530	0.3346648416	-0.2359612129
87.426	5681	0.1385368191	238.0797706890	0.3346386155	-0.2359612129
87.437	5682	0.1385411107	238.0040429833	0.3346077403	-0.2359600208
87.447	5683	0.1385452830	237.9345737657	0.3345818719	-0.2359603784
87.452	5684	0.1385470711	237.8619753040	0.3345517119	-0.2359578750
87.462	5685	0.1385510050	237.7906285400	0.3345241746	-0.2359583518
87.469	5686	0.1385539853	237.7167783807	0.3344958028	-0.2359589479
87.483	5687	0.1385594689	237.6454316166	0.3344687423	-0.2359569213
87.505	5688	0.1385680520	237.5709556085	0.3344414434	-0.2359591863
87.513	5689	0.1385710322	237.4977312981	0.3344124755	-0.2359545372
87.531	5690	0.1385781848	237.4213777436	0.3343852958	-0.2359572790
87.529	5691	0.1385775887	237.3500309795	0.3343568047	-0.2359606168
87.550	5692	0.1385855757	237.2786842155	0.3343281945	-0.2359569213
87.560	5693	0.1385896289	237.2060857538	0.3342995843	-0.2359581134
87.573	5694	0.1385947549	237.1322355945	0.3342714509	-0.2359602592
87.594	5695	0.1386029803	237.0577595864	0.3342417678	-0.2359818361
87.603	5696	0.1386067950	236.9851611248	0.3342129191	-0.2359641931
87.608	5697	0.1386085831	236.9063041750	0.3341844281	-0.2359531066
87.615	5698	0.1386114442	236.8355832598	0.3341559371	-0.2359335563
87.631	5699	0.1386175238	236.7586038565	0.3341260156	-0.2359185359
87.648	5700	0.1386243188	236.6866312436	0.3340958556	-0.2359167478
87.660	5701	0.1386292063	236.6134069332	0.3340666493	-0.2359091184
87.665	5702	0.1386311137	236.5376792275	0.3340383967	-0.2359278343
87.683	5703	0.1386382662	236.4625773706	0.3340088328	-0.2359459541
87.695	5704	0.1386429154	236.3937340017	0.3339798650	-0.2359646699
87.698	5705	0.1386439883	236.3180062960	0.3339493474	-0.2359743259
87.700	5706	0.1386448228	236.2410268927	0.3339224061	-0.2359761140
87.706	5707	0.1386472069	236.1665508846	0.3338931998	-0.2359841011
87.722	5708	0.1386536442	236.0895714813	0.3338632783	-0.2359773061
87.741	5709	0.1386609160	236.0144696244	0.3338316878	-0.2359700344
87.764	5710	0.1386699759	235.9374902211	0.3338026007	-0.2359696767
87.775	5711	0.1386746251	235.8642659106	0.3337751826	-0.2359690807
87.786	5712	0.1386786782	235.7916674490	0.3337452611	-0.2359677694
87.797	5713	0.1386829697	235.7140621969	0.3337161740	-0.2359711072
87.804	5714	0.1386858308	235.6358310959	0.3336845835	-0.2359701536
87.819	5715	0.1386917912	235.5638584831	0.3336564501	-0.2359699151
87.824	5716	0.1386939370	235.4843756845	0.3336267670	-0.2359681270
87.832	5717	0.1386970364	235.4117772229	0.3335969647	-0.2359687231
87.843	5718	0.1387013280	235.3360495172	0.3335679968	-0.2359680078
87.856	5719	0.1387063348	235.2628252067	0.3335384329	-0.2359854124
87.869	5720	0.1387115800	235.1839682569	0.3335068425	-0.2360023401
87.873	5721	0.1387131297	235.1101180977	0.3334772786	-0.2360011480
87.887	5722	0.1387186133	235.0350162408	0.3334468802	-0.2359981678
87.898	5723	0.1387229048	234.9530300470	0.3334169587	-0.2359935186
87.906	5724	0.1387261235	234.8791798877	0.3333866795	-0.2359910152
87.915	5725	0.1387296998	234.8047038796	0.3333574732	-0.2359868429
87.922	5726	0.1387324416	234.7264727787	0.3333294590	-0.2359854124
87.935	5727	0.1387374484	234.6488675266	0.3332971533	-0.2359833858
87.952	5728	0.1387441241	234.5781466113	0.3332656821	-0.2359806440
87.950	5729	0.1387434088	234.5024189056	0.3332361182	-0.2359780214
87.965	5730	0.1387494885	234.4254395023	0.3332063158	-0.2359736106
87.982	5731	0.1387562834	234.3440791574	0.3331730564	-0.2359657428
87.994	5732	0.1387606942	234.2683514517	0.3331430157	-0.2359628818
87.997	5733	0.1387620055	234.1926237460	0.3331140478	-0.2359625242
88.009	5734	0.1387666547	234.1143926450	0.3330835303	-0.2359588287
88.023	5735	0.1387721383	234.0392907881	0.3330525358	-0.2359520338
88.034	5736	0.1387767874	233.9648147800	0.3330224951	-0.2359444044
88.050	5737	0.1387827479	233.8834544351	0.3329923351	-0.2359428546
88.064	5738	0.1387884700	233.8096042758	0.3329619368	-0.2359392784
88.067	5739	0.1387896621	233.7319990237	0.3329321344	-0.2359349868
88.078	5740	0.1387938344	233.6568971668	0.3329012592	-0.2359296224
88.093	5741	0.1388000333	233.5767885194	0.3328694304	-0.2359233043
88.102	5742	0.1388034903	233.4985574185	0.3328387936	-0.2359218738
88.116	5743	0.1388090932	233.4240814104	0.3328085144	-0.2359177015
88.124	5744	0.1388121926	233.3439727631	0.3327777584	-0.2359153173
88.135	5745	0.1388164841	233.2707484526	0.3327453335	-0.2359120986
88.147	5746	0.1388210141	233.1912656540	0.3327142199	-0.2359075687
88.158	5747	0.1388253056	233.1174154948	0.3326852520	-0.2359062574
88.175	5748	0.1388323390	233.0398102426	0.3326540192	-0.2359031579
88.183	5749	0.1388354384	232.9634566881	0.3326254089	-0.2359042308
88.200	5750	0.1388418757	232.8864772848	0.3325929840	-0.2358981512
88.208	5751	0.1388452136	232.8076203351	0.3325603206	-0.2358958862
88.229	5752	0.1388534390	232.7281375365	0.3325302799	-0.2358974359
88.243	5753	0.1388590419	232.6524098308	0.3324984510	-0.2358936212
88.247	5754	0.1388604724	232.5729270323	0.3324681719	-0.2358865879
88.246	5755	0.1388601147	232.4959476290	0.3324362238	-0.2358834884
88.266	5756	0.1388682210	232.4183423768	0.3324049909	-0.2358834884
88.274	5757	0.1388710820	232.3413629735	0.3323723276	-0.2358842037
88.280	5758	0.1388734662	232.2643835702	0.3323424061	-0.2358842037
88.294	5759	0.1388790690	232.1867783181	0.3323120077	-0.2358846805
88.308	5760	0.1388846719	232.1041662755	0.3322816093	-0.2358832500
88.312	5761	0.1388863408	232.0290644186	0.3322495420	-0.2358817003
88.333	5762	0.1388943278	231.9539625617	0.3322173555	-0.2358820579
88.339	5763	0.1388967120	231.8751056120	0.3321850498	-0.2358807466
88.345	5764	0.1388992154	231.7981262087	0.3321544130	-0.2358776472
88.360	5765	0.1389052951	231.7192692589	0.3321236570	-0.2358799121
88.373	5766	0.1389103019	231.6410381580	0.3320917089	-0.2358977935
88.383	5767	0.1389141166	231.5646846035	0.3320604761	-0.2358942172
88.395	5768	0.1389188849	231.4858276538	0.3320281703	-0.2358914754
88.407	5769	0.1389236533	231.4113516457	0.3319955070	-0.2359089992
88.420	5770	0.1389286601	231.3299913007	0.3319646318	-0.2359279535
88.429	5771	0.1389322364	231.2523860486	0.3319322069	-0.2359429738
88.445	5772	0.1389385545	231.1760324941	0.3319000204	-0.2359429738
88.456	5773	0.1389429652	231.0984272419	0.3318698604	-0.2359634778
88.462	5774	0.1389452302	231.0189444434	0.3318381507	-0.2359906576
88.480	5775	0.1389526212	230.9432167377	0.3318059642	-0.2359953067
88.489	5776	0.1389558398	230.8624822415	0.3317731817	-0.2359947107
88.505	5777	0.1389622771	230.7848769894	0.3317412336	-0.2359912536
88.515	5778	0.1389662110	230.7097751325	0.3317105968	-0.2359862468
88.522	5779	0.1389690720	230.6340474268	0.3316809137	-0.2359837434
88.533	5780	0.1389732444	230.5570680235	0.3316449125	-0.2359882734
88.546	5781	0.1389786088	230.4732042833	0.3316153486	-0.2360329769
88.555	5782	0.1389820659	230.3955990312	0.3315859039	-0.2359874389
88.566	5783	0.1389863574	230.3204971743	0.3315527637	-0.2359837434
88.579	5784	0.1389914834	230.2428919222	0.3315217693	-0.2359706304
88.597	5785	0.1389985167	230.1634091236	0.3314882714	-0.2359634778
88.609	5786	0.1390034043	230.0826746275	0.3314577539	-0.2359620473
88.620	5787	0.1390078151	230.0050693753	0.3314250905	-0.2359626434
88.629	5788	0.1390111529	229.9274641232	0.3313931424	-0.2359627626
88.637	5789	0.1390141332	229.8529881151	0.3313582141	-0.2359630010
88.653	5790	0.1390205705	229.7716277702	0.3313287694	-0.2359621665
88.664	5791	0.1390249812	229.6990293085	0.3312976558	-0.2359613321
88.679	5792	0.1390307032	229.6176689635	0.3312634427	-0.2359585903
88.685	5793	0.1390330874	229.5375603162	0.3312311370	-0.2359554908
88.693	5794	0.1390364253	229.4605809129	0.3311999042	-0.2359537027
88.712	5795	0.1390438163	229.3854790560	0.3311661679	-0.2359509609
88.719	5796	0.1390465581	229.3066221062	0.3311349351	-0.2359478614
88.728	5797	0.1390501344	229.2277651565	0.3311037023	-0.2359442852
88.747	5798	0.1390575253	229.1501599044	0.3310723502	-0.2359410665
88.763	5799	0.1390640819	229.0738063499	0.3310396869	-0.2359397552
88.772	5800	0.1390675389	228.9949494001	0.3310080964	-0.2359346292
88.780	5801	0.1390707576	228.9179699968	0.3309744794	-0.2359315298
88.790	5802	0.1390748107	228.8341062566	0.3309422929	-0.2359280727
88.805	5803	0.1390806519	228.7627594926	0.3309085566	-0.2359264038
88.824	5804	0.1390881621	228.6851542404	0.3308772046	-0.2359249732
88.834	5805	0.1390918576	228.6062972907	0.3308458525	-0.2359290264
88.850	5806	0.1390982949	228.5261886433	0.3308141429	-0.2359221122
88.860	5807	0.1391021096	228.4510867865	0.3307804066	-0.2359155557
88.878	5808	0.1391091430	228.3722298367	0.3307488162	-0.2359115026
88.880	5809	0.1391100966	228.2933728870	0.3307147223	-0.2359064958
88.901	5810	0.1391182029	228.2195227277	0.3306834895	-0.2359039924
88.909	5811	0.1391215407	228.1425433244	0.3306529719	-0.2359163902
88.912	5812	0.1391226136	228.0649380723	0.3306212622	-0.2359144828
88.920	5813	0.1391257131	227.9835777273	0.3305880028	-0.2359023235
88.943	5814	0.1391350114	227.9053466264	0.3305576045	-0.2358720443
88.954	5815	0.1391394221	227.8289930719	0.3305232722	-0.2358809850
88.959	5816	0.1391414487	227.7538912150	0.3304920394	-0.2358852765
88.984	5817	0.1391512238	227.6731567188	0.3304597336	-0.2358822963
88.992	5818	0.1391544425	227.5949256179	0.3304283816	-0.2358750245
89.003	5819	0.1391587340	227.5185720634	0.3303960759	-0.2358732364
89.017	5820	0.1391639792	227.4472252993	0.3303638894	-0.2358706138
89.025	5821	0.1391670787	227.3614840127	0.3303311068	-0.2358706138
89.041	5822	0.1391736352	227.2870080046	0.3302972514	-0.2358640573
89.048	5823	0.1391763770	227.2087769037	0.3302658993	-0.2358631036
89.065	5824	0.1391829335	227.1311716516	0.3302349049	-0.2358607194
89.078	5825	0.1391881787	227.0585731899	0.3302033144	-0.2358566663
89.085	5826	0.1391909205	226.9778386937	0.3301681477	-0.2358517787
89.096	5827	0.1391952121	226.9014851392	0.3301367956	-0.2358499906
89.103	5828	0.1391981923	226.8232540383	0.3301044899	-0.2358462951
89.118	5829	0.1392039144	226.7450229374	0.3300719458	-0.2358640573
89.131	5830	0.1392089211	226.6667918364	0.3300389248	-0.2358782432
89.146	5831	0.1392151200	226.5879348867	0.3300078112	-0.2358970783
89.164	5832	0.1392220342	226.5122071810	0.3299747902	-0.2359141252
89.177	5833	0.1392270410	226.4371053241	0.3299434382	-0.2359324834
89.181	5834	0.1392289483	226.3613776184	0.3299119669	-0.2359504840
89.184	5835	0.1392297828	226.2812689710	0.3298803765	-0.2359709880
89.203	5836	0.1392375314	226.2030378701	0.3298490244	-0.2359850547
89.218	5837	0.1392434918	226.1273101644	0.3298146921	-0.2359812400
89.223	5838	0.1392452800	226.0553375516	0.3297825056	-0.2359799287
89.238	5839	0.1392512404	225.9727255090	0.3297504383	-0.2359787366
89.253	5840	0.1392573201	225.8944944080	0.3297178942	-0.2359781406
89.263	5841	0.1392608964	225.8193925511	0.3296860653	-0.2359751604
89.285	5842	0.1392695987	225.7442906943	0.3296526867	-0.2359763525
89.284	5843	0.1392693603	225.6666854421	0.3296203810	-0.2359730146
89.300	5844	0.1392757976	225.5915835852	0.3295886713	-0.2359721801
89.308	5845	0.1392786586	225.5108490891	0.3295564848	-0.2359721801
89.315	5846	0.1392816388	225.4376247786	0.3295226294	-0.2359707496
89.332	5847	0.1392884337	225.3587678289	0.3294908005	-0.2359708688
89.347	5848	0.1392940366	225.2867952160	0.3294569450	-0.2359707496
89.360	5849	0.1392994010	225.2110675103	0.3294255930	-0.2359720609
89.363	5850	0.1393003547	225.1284554677	0.3293916183	-0.2359713457
89.375	5851	0.1393053615	225.0521019132	0.3293603855	-0.2359630010
89.387	5852	0.1393100106	224.9770000563	0.3293289142	-0.2359671733
89.396	5853	0.1393135869	224.9044015947	0.3292976814	-0.2359687231
89.416	5854	0.1393213355	224.8236670985	0.3292633491	-0.2359694383
89.430	5855	0.1393270576	224.7479393928	0.3292314010	-0.2359672925
89.438	5856	0.1393301570	224.6722116871	0.3292013603	-0.2359725378
89.446	5857	0.1393333757	224.5996132254	0.3291682201	-0.2359914920
89.457	5858	0.1393374288	224.5195045781	0.3291330534	-0.2359918497
89.471	5859	0.1393430316	224.4437768724	0.3291008669	-0.2359824321
89.478	5860	0.1393458926	224.3655457715	0.3290702301	-0.2359832666
89.495	5861	0.1393526876	224.2923214610	0.3290373283	-0.2359786174
89.514	5862	0.1393598401	224.2134645112	0.3290039497	-0.2359730146
89.520	5863	0.1393624627	224.1377368055	0.3289736705	-0.2359699151
89.528	5864	0.1393654430	224.0626349486	0.3289425569	-0.2359703920
89.538	5865	0.1393696153	223.9887847894	0.3289072710	-0.2359682462
89.555	5866	0.1393760526	223.9118053861	0.3288761573	-0.2359658620
89.577	5867	0.1393847549	223.8354518315	0.3288451629	-0.2359655044
89.587	5868	0.1393888080	223.7572207306	0.3288104730	-0.2359663389
89.588	5869	0.1393890464	223.6839964201	0.3287780481	-0.2359658620
89.596	5870	0.1393925035	223.6045136216	0.3287456232	-0.2359647892
89.607	5871	0.1393967950	223.5312893111	0.3287135559	-0.2359609745
89.617	5872	0.1394007289	223.4530582102	0.3286810117	-0.2359596632
89.628	5873	0.1394050204	223.3792080509	0.3286501365	-0.2359577558
89.645	5874	0.1394114577	223.3053578916	0.3286180692	-0.2359533451
89.653	5875	0.1394149148	223.2290043371	0.3285850482	-0.2359525106
89.659	5876	0.1394172990	223.1551541779	0.3285528617	-0.2359508417
89.676	5877	0.1394238555	223.0781747745	0.3285213905	-0.2359666965
89.692	5878	0.1394302928	223.0049504641	0.3284887271	-0.2359874389
89.702	5879	0.1394342267	222.9260935143	0.3284559446	-0.2360085390
89.725	5880	0.1394430482	222.8522433551	0.3284242349	-0.2360059164
89.730	5881	0.1394453132	222.7746381029	0.3283928828	-0.2360040090
89.736	5882	0.1394474589	222.7001620948	0.3283606963	-0.2360006711
89.743	5883	0.1394502008	222.6238085403	0.3283270793	-0.2359972141
89.757	5884	0.1394559228	222.5487066834	0.3282934623	-0.2359956644
89.766	5885	0.1394593799	222.4748565242	0.3282627063	-0.2359923265
89.786	5886	0.1394671285	222.3997546673	0.3282295661	-0.2359873197
89.791	5887	0.1394692743	222.3246528104	0.3281973796	-0.2359868429
89.795	5888	0.1394708240	222.2508026511	0.3281655507	-0.2359830282
89.811	5889	0.1394771421	222.1738232478	0.3281336026	-0.2359807632
89.830	5890	0.1394846523	222.0962179957	0.3281045156	-0.2359763525
89.836	5891	0.1394867980	222.0242453828	0.3280703025	-0.2359714649
89.846	5892	0.1394909703	221.9503952235	0.3280360894	-0.2359709880
89.861	5893	0.1394969308	221.8715382738	0.3280049758	-0.2359672925
89.875	5894	0.1395022952	221.8020690562	0.3279726701	-0.2359620473
89.881	5895	0.1395047986	221.7263413505	0.3279411988	-0.2359602592
89.894	5896	0.1395095670	221.6518653424	0.3279085355	-0.2359554908
89.907	5897	0.1395149314	221.5767634855	0.3278761105	-0.2359509609
89.907	5898	0.1395149314	221.4997840822	0.3278428512	-0.2359408281
89.930	5899	0.1395238721	221.4284373181	0.3278118567	-0.2359361789
89.931	5900	0.1395244682	221.3495803684	0.3277805047	-0.2359328411
89.944	5901	0.1395294749	221.2788594531	0.3277471261	-0.2359280727
89.959	5902	0.1395354354	221.2056351427	0.3277162509	-0.2359236619
89.976	5903	0.1395422303	221.1324108322	0.3276810841	-0.2359203241
89.994	5904	0.1395490253	221.0554314289	0.3276517587	-0.2359168670
90.010	5905	0.1395553434	220.9797037232	0.3276193337	-0.2359106681
90.016	5906	0.1395579660	220.9096086567	0.3275855975	-0.2359063766
90.026	5907	0.1395616615	220.8326292534	0.3275537686	-0.2359043500
90.037	5908	0.1395659530	220.7587790941	0.3275231318	-0.2358997009
90.049	5909	0.1395708406	220.6830513884	0.3274902301	-0.2358951709
90.055	5910	0.1395733440	220.6098270780	0.3274570899	-0.2358933828
90.068	5911	0.1395784700	220.5322218259	0.3274251418	-0.2358911178
90.087	5912	0.1395856225	220.4615009106	0.3273934321	-0.2358857534
90.095	5913	0.1395889604	220.3876507513	0.3273606495	-0.2358827732
90.104	5914	0.1395924175	220.3163039873	0.3273275094	-0.2358777664
90.115	5915	0.1395968282	220.2412021304	0.3272975878	-0.2358760974
90.134	5916	0.1396044576	220.1667261223	0.3272649245	-0.2358707330
90.142	5917	0.1396075570	220.0941276606	0.3272329764	-0.2358689449
90.153	5918	0.1396118486	220.0215291990	0.3272011475	-0.2358671567
90.163	5919	0.1396156633	219.9439239469	0.3271702723	-0.2358631036
90.174	5920	0.1396200740	219.8744547292	0.3271367745	-0.2358621499
90.189	5921	0.1396260345	219.8024821164	0.3271037535	-0.2358613155
90.202	5922	0.1396311605	219.7273802595	0.3270721630	-0.2358594081
90.214	5923	0.1396356904	219.6529042514	0.3270424799	-0.2358584545
90.224	5924	0.1396397435	219.5840608826	0.3270099358	-0.2358551166
90.232	5925	0.1396429622	219.5070814793	0.3269757227	-0.2358542821
90.251	5926	0.1396504724	219.4307279247	0.3269425825	-0.2358495138
90.263	5927	0.1396553600	219.3587553119	0.3269119458	-0.2358496330
90.273	5928	0.1396592939	219.2886602455	0.3268795208	-0.2358489177
90.280	5929	0.1396619165	219.2135583886	0.3268466191	-0.2358657262
90.288	5930	0.1396650159	219.1447150197	0.3268168167	-0.2358867071
90.301	5931	0.1396701419	219.0721165581	0.3267833189	-0.2359037540
90.308	5932	0.1396730029	218.9913820619	0.3267525629	-0.2359250925
90.319	5933	0.1396774137	218.9237903907	0.3267219261	-0.2359488151
90.331	5934	0.1396820628	218.8530694755	0.3266909317	-0.2359633586
90.344	5935	0.1396870696	218.7773417698	0.3266570763	-0.2359756372
90.350	5936	0.1396893346	218.7016140641	0.3266254858	-0.2359782598
90.364	5937	0.1396948182	218.6315189976	0.3265950874	-0.2359820745
90.377	5938	0.1397001827	218.5601722336	0.3265618281	-0.2359830282
90.386	5939	0.1397035205	218.4881996207	0.3265301184	-0.2359715841
90.396	5940	0.1397075736	218.4112202174	0.3264999584	-0.2359670541
90.405	5941	0.1397112691	218.3455060926	0.3264671759	-0.2359622858
90.421	5942	0.1397175872	218.2704042357	0.3264357046	-0.2359556100
90.428	5943	0.1397200906	218.2009350181	0.3264035181	-0.2359535835
90.452	5944	0.1397295081	218.1283365565	0.3263710932	-0.2359494112
90.470	5945	0.1397366607	218.0551122460	0.3263393835	-0.2359459541
90.471	5946	0.1397371375	217.9843913307	0.3263086275	-0.2359416625
90.483	5947	0.1397417867	217.9086636250	0.3262754873	-0.2359444044
90.488	5948	0.1397436941	217.8398202562	0.3262428240	-0.2359457157
90.503	5949	0.1397498929	217.7716027362	0.3262129024	-0.2359454772
90.514	5950	0.1397539461	217.6958750305	0.3261810736	-0.2359454772
90.525	5951	0.1397583568	217.6289092081	0.3261498407	-0.2359427354
90.535	5952	0.1397625291	217.5550590488	0.3261174158	-0.2359436891
90.549	5953	0.1397677743	217.4830864360	0.3260864214	-0.2359410665
90.555	5954	0.1397700393	217.4129913695	0.3260535196	-0.2359345100
90.571	5955	0.1397765958	217.3428963031	0.3260231212	-0.2359327218
90.588	5956	0.1397830331	217.2677944462	0.3259903387	-0.2359281919
90.589	5957	0.1397835100	217.1958218334	0.3259594635	-0.2359464309
90.593	5958	0.1397852981	217.1251009181	0.3259279922	-0.2359619281
90.603	5959	0.1397892320	217.0550058517	0.3258961633	-0.2359787366
90.620	5960	0.1397956693	216.9842849364	0.3258676723	-0.2359872005
90.640	5961	0.1398035371	216.9154415676	0.3258338169	-0.2359759948
90.646	5962	0.1398059213	216.8403397107	0.3258012727	-0.2359752796
90.661	5963	0.1398121202	216.7702446443	0.3257709936	-0.2359769485
90.666	5964	0.1398140275	216.7051563683	0.3257413105	-0.2359770677
90.676	5965	0.1398179614	216.6356871507	0.3257096008	-0.2359740875
90.679	5966	0.1398189151	216.5756056652	0.3256790832	-0.2359753988
90.687	5967	0.1398221338	216.5123949356	0.3256476120	-0.2359725378
90.713	5968	0.1398322666	216.4516876013	0.3256185249	-0.2359699151
90.711	5969	0.1398315513	216.3922319646	0.3255894378	-0.2359672925
90.722	5970	0.1398362005	216.3396606648	0.3255615428	-0.2360267780
90.725	5971	0.1398372733	216.2814567257	0.3255306676	-0.2360969923
90.736	5972	0.1398415649	216.2270078794	0.3255044416	-0.2361281059
90.756	5973	0.1398494327	216.1794433701	0.3254757121	-0.2361383579
90.747	5974	0.1398459756	216.1281237679	0.3254505590	-0.2361447952
90.752	5975	0.1398478830	216.0849402001	0.3254251674	-0.2361517093
90.755	5976	0.1398489559	216.0386273884	0.3253966764	-0.2361710212
90.759	5977	0.1398505056	215.9898111814	0.3253717616	-0.2362487457
90.766	5978	0.1398532474	215.9466276137	0.3253470853	-0.2363321922
90.764	5979	0.1398525321	215.9021923484	0.3250521615	-0.2363854788
90.772	5980	0.1398555124	215.8646414199	0.3253004745	-0.2363913200
90.772	5981	0.1398558700	215.8170769106	0.3252774671	-0.2363959692
90.777	5982	0.1398577773	215.7807776797	0.3252562478	-0.2364088438
90.787	5983	0.1398615920	215.7451042977	0.3252339557	-0.2363973997
90.794	5984	0.1398643339	215.7106826133	0.3252091602	-0.2363701008
90.788	5985	0.1398618305	215.6750092313	0.3251899675	-0.2363503120
90.791	5986	0.1398630226	215.6424650933	0.3251702979	-0.2363358877
90.789	5987	0.1398625457	215.6067917113	0.3251496747	-0.2363162182
90.794	5988	0.1398642147	215.5786285149	0.3251292899	-0.2363082311
90.796	5989	0.1398652875	215.5498394698	0.3251118854	-0.2362865350
90.803	5990	0.1398677909	215.5210504246	0.3250929311	-0.2362554214
90.799	5991	0.1398662412	215.4928872283	0.3250758842	-0.2362814090
90.797	5992	0.1398654067	215.4666015784	0.3250588372	-0.2362852237
90.798	5993	0.1398657644	215.4465744166	0.3250439361	-0.2362693689
90.797	5994	0.1398656452	215.4177853714	0.3250256971	-0.2362587593
90.805	5995	0.1398688638	215.4015133024	0.3250098422	-0.2362498186
90.805	5996	0.1398686254	215.3789827453	0.3249958947	-0.2362433813
90.802	5997	0.1398676717	215.3583297347	0.3249826625	-0.2362334869
90.805	5998	0.1398686254	215.3445610609	0.3249691918	-0.2362270496
90.796	5999	0.1398650491	215.3239080503	0.3249556020	-0.2362191818
90.802	6000	0.1398675525	215.3189012598	0.3249435618	-0.2362166784
90.797	6001	0.1398654067	215.3013774932	0.3249312833	-0.2362141750
90.790	6002	0.1398626649	215.2926156099	0.3249211505	-0.2362116716
90.782	6003	0.1398598039	215.2782210873	0.3249087527	-0.2362475536
90.790	6004	0.1398626649	215.2682075064	0.3248988584	-0.2362525604
90.788	6005	0.1398620689	215.2613231695	0.3248899177	-0.2362607858
90.787	6006	0.1398617113	215.2544388327	0.3248806193	-0.2362625740
90.787	6007	0.1398614728	215.2538129839	0.3248734668	-0.2362673423
90.778	6008	0.1398581350	215.2463027982	0.3248651221	-0.2362724683
90.768	6009	0.1398539627	215.2356633684	0.3248585656	-0.2362800977
90.774	6010	0.1398563468	215.2387926125	0.3248503402	-0.2362818859
90.769	6011	0.1398545587	215.2381667637	0.3248446181	-0.2362867735
90.765	6012	0.1398527706	215.2450511006	0.3248390153	-0.2362969063
90.760	6013	0.1398508632	215.2387926125	0.3248335317	-0.2363115690
90.755	6014	0.1398488367	215.2425477053	0.3248303130	-0.2363234899
90.755	6015	0.1398490751	215.2463027982	0.3248269752	-0.2363321922
90.752	6016	0.1398476446	215.2519354374	0.3248229220	-0.2365822933
90.746	6017	0.1398454988	215.2619490184	0.3248201802	-0.2365255497
90.733	6018	0.1398404920	215.2719625993	0.3248197034	-0.2364801309
90.722	6019	0.1398359620	215.2832278778	0.3248179152	-0.2364965818
90.722	6020	0.1398358428	215.2982482492	0.3248177960	-0.2365071914
90.720	6021	0.1398353660	215.3063842837	0.3248192266	-0.2365132711
90.719	6022	0.1398348892	215.3226563527	0.3248187497	-0.2366166256
90.712	6023	0.1398321473	215.3389284217	0.3248213723	-0.2366199634
90.697	6024	0.1398263061	215.3545746419	0.3248210147	-0.2365789554
90.697	6025	0.1398263061	215.3764793501	0.3248216107	-0.2365770481
90.686	6026	0.1398218954	215.3914997215	0.3248256639	-0.2365993402
90.686	6027	0.1398216569	215.4121527321	0.3248291209	-0.2366060160
90.668	6028	0.1398148620	215.4334315916	0.3248343661	-0.2366292618
90.658	6029	0.1398106897	215.4559621487	0.3248347238	-0.2366335533
90.647	6030	0.1398066366	215.4803702522	0.3248431876	-0.2366334341
90.636	6031	0.1398022258	215.5066559021	0.3248490289	-0.2366436861
90.636	6032	0.1398022258	215.5316898544	0.3248541549	-0.2366594217
90.625	6033	0.1397976959	215.5560979579	0.3248623803	-0.2366641901
90.618	6034	0.1397951925	215.5898937935	0.3248689368	-0.2366699121
90.611	6035	0.1397920930	215.6186828386	0.3248784736	-0.2366883896
90.596	6036	0.1397864902	215.6524786742	0.3248847917	-0.2367056749
90.583	6037	0.1397812450	215.6831452658	0.3248963550	-0.2367231987
90.578	6038	0.1397793376	215.7188186478	0.3249052957	-0.2367359541
90.562	6039	0.1397727811	215.7494852394	0.3249123290	-0.2367468021
90.553	6040	0.1397693241	215.7845327726	0.3249224618	-0.2367530010
90.550	6041	0.1397682512	215.8245870962	0.3249352172	-0.2367600344
90.538	6042	0.1397633636	215.8608863271	0.3249454692	-0.2367710016
90.534	6043	0.1397618139	215.9003148020	0.3249598935	-0.2367841146
90.524	6044	0.1397578800	215.9403691256	0.3249709800	-0.2367919825
90.516	6045	0.1397548997	215.9854302398	0.3249855235	-0.2368031881
90.501	6046	0.1397489393	216.0248587146	0.3249973252	-0.2368126057
90.498	6047	0.1397477472	216.0661647359	0.3250117496	-0.2368216656
90.481	6048	0.1397410714	216.1124775477	0.3250271276	-0.2368320368
90.473	6049	0.1397380912	216.1606679058	0.3250413135	-0.2368420504
90.463	6050	0.1397337997	216.2051031712	0.3250570491	-0.2368725679
90.452	6051	0.1397297466	216.2514159829	0.3250739768	-0.2368829392
90.436	6052	0.1397231901	216.3021097363	0.3250899509	-0.2368916414
90.418	6053	0.1397163951	216.3515517921	0.3251069978	-0.2368697069
90.409	6054	0.1397125804	216.3953612086	0.3251248792	-0.2368841312
90.402	6055	0.1397099578	216.4523134501	0.3251422837	-0.2369009398
90.390	6056	0.1397050702	216.5073881452	0.3251612380	-0.2369142912
90.375	6057	0.1396991098	216.5580818986	0.3251810268	-0.2369232319
90.355	6058	0.1396915996	216.6194150817	0.3252017692	-0.2369254969
90.341	6059	0.1396857583	216.6744897768	0.3252206043	-0.2369347952
90.331	6060	0.1396818244	216.7326937159	0.3252412275	-0.2369350336
90.329	6061	0.1396811092	216.7852650157	0.3252628043	-0.2369359873
90.305	6062	0.1396718108	216.8503532917	0.3252839044	-0.2369454048
90.294	6063	0.1396674001	216.9098089284	0.3253060773	-0.2369579218
90.284	6064	0.1396635854	216.9711421115	0.3253268197	-0.2369700811
90.270	6065	0.1396577441	217.0318494458	0.3253480390	-0.2369762800
90.253	6066	0.1396513068	217.0938084777	0.3253737882	-0.2369961880
90.243	6067	0.1396471345	217.1576450561	0.3253969148	-0.2369989298
90.231	6068	0.1396427238	217.2214816345	0.3254225448	-0.2369974993
90.212	6069	0.1396352136	217.2878216081	0.3254443601	-0.2369986914
90.188	6070	0.1396255576	217.3591683721	0.3254716590	-0.2370070360
90.184	6071	0.1396240079	217.4223791017	0.3254958585	-0.2370289705
90.163	6072	0.1396157825	217.4899707729	0.3255226806	-0.2370480440
90.153	6073	0.1396119678	217.5650726298	0.3255498603	-0.2370610378
90.144	6074	0.1396083915	217.6314126033	0.3255764440	-0.2370838068
90.126	6075	0.1396012389	217.7027593674	0.3256026700	-0.2371267222
90.115	6076	0.1395969474	217.7778612243	0.3256298498	-0.2371242188
90.103	6077	0.1395921790	217.8542147788	0.3256584600	-0.2371267222
90.081	6078	0.1395834768	217.9243098452	0.3256859973	-0.2371313713
90.065	6079	0.1395770395	218.0025409462	0.3257157997	-0.2371403120
90.044	6080	0.1395690524	218.0770169542	0.3257445291	-0.2371460341
90.034	6081	0.1395648801	218.1539963576	0.3257756427	-0.2371482990
90.024	6082	0.1395611846	218.2322274585	0.3258044914	-0.2371558092
90.012	6083	0.1395561778	218.3142136523	0.3258353666	-0.2371583126
89.995	6084	0.1395496213	218.3930706020	0.3258660034	-0.2371655844
89.972	6085	0.1395405614	218.4744309470	0.3258967594	-0.2371710680
89.953	6086	0.1395331704	218.5520361991	0.3259284691	-0.2371783398
89.932	6087	0.1395247066	218.6321448464	0.3259594635	-0.2371856116
89.930	6088	0.1395241105	218.7160085866	0.3259931997	-0.2371893070
89.913	6089	0.1395170772	218.8030015709	0.3260249094	-0.2371970556
89.887	6090	0.1395068252	218.8831102182	0.3260573343	-0.2372076653
89.874	6091	0.1395016992	218.9726065977	0.3260921434	-0.2372194670
89.854	6092	0.1394939506	219.0533410939	0.3261269525	-0.2372566603
89.839	6093	0.1394879901	219.1515993566	0.3261606888	-0.2372537993
89.815	6094	0.1394785726	219.2360889456	0.3261950210	-0.2372541569
89.798	6095	0.1394717776	219.3212043834	0.3262303070	-0.2372942112
89.780	6096	0.1394649827	219.4175850998	0.3262651161	-0.2373324774
89.779	6097	0.1394642675	219.5052039328	0.3263015942	-0.2373349808
89.753	6098	0.1394541347	219.5972037075	0.3263372377	-0.2373409413
89.736	6099	0.1394474589	219.6885776334	0.3263753847	-0.2373298548
89.715	6100	0.1394393527	219.7793257105	0.3264116243	-0.2373371266
89.693	6101	0.1394306504	219.8775839733	0.3264485792	-0.2373513125
89.670	6102	0.1394213521	219.9683320503	0.3264855341	-0.2373937510
89.655	6103	0.1394155109	220.0665903131	0.3265221314	-0.2373767041
89.639	6104	0.1394091928	220.1623451807	0.3265617088	-0.2374072216
89.618	6105	0.1394008481	220.2593517458	0.3265992598	-0.2374098442
89.607	6106	0.1393966758	220.3569841598	0.3266394333	-0.2374248646
89.591	6107	0.1393903577	220.4577458178	0.3266787724	-0.2374395274
89.571	6108	0.1393826091	220.5578816270	0.3267196612	-0.2374484681
89.552	6109	0.1393750989	220.6542623433	0.3267576889	-0.2374781512
89.530	6110	0.1393663966	220.7543981525	0.3267975048	-0.2374974631
89.512	6111	0.1393593633	220.8564115081	0.3268401818	-0.2374907874
89.494	6112	0.1393522107	220.9590507125	0.3268799977	-0.2375018738
89.475	6113	0.1393444621	221.0629416146	0.3269204096	-0.2375037812
89.458	6114	0.1393379056	221.1674583654	0.3269609408	-0.2375091456
89.434	6115	0.1393284881	221.2694717210	0.3270033793	-0.2375215434
89.413	6116	0.1393201434	221.3739884719	0.3270462946	-0.2375314377
89.391	6117	0.1393116796	221.4810086179	0.3270883755	-0.2375368021
89.374	6118	0.1393050038	221.5855253688	0.3271304564	-0.2375474118
89.348	6119	0.1392947518	221.6963006077	0.3271734910	-0.2375569485
89.331	6120	0.1392879569	221.8039466026	0.3272155718	-0.2375633858
89.309	6121	0.1392792546	221.9134701439	0.3272605137	-0.2375705384
89.289	6122	0.1392711484	222.0229936852	0.3273045020	-0.2376039170
89.267	6123	0.1392626845	222.1318913777	0.3273487286	-0.2376727007
89.255	6124	0.1392577970	222.2464217094	0.3273916440	-0.2376763962
89.220	6125	0.1392442071	222.3578227972	0.3274380164	-0.2376701973
89.203	6126	0.1392372930	222.4717272801	0.3274824814	-0.2376685284
89.167	6127	0.1392231071	222.5799991238	0.3275261121	-0.2376785420
89.158	6128	0.1392196500	222.6957811532	0.3275730805	-0.2376827143
89.143	6129	0.1392139279	222.8090597873	0.3276219563	-0.2376901053
89.116	6130	0.1392031991	222.9260935143	0.3276692824	-0.2377054833
89.101	6131	0.1391972386	223.0381204509	0.3277143435	-0.2377177619
89.072	6132	0.1391857945	223.1564058755	0.3277607159	-0.2377289675
89.047	6133	0.1391757810	223.2728137537	0.3278056579	-0.2377478026
89.029	6134	0.1391687476	223.3904733295	0.3278534608	-0.2377644919
89.009	6135	0.1391611182	223.5081329053	0.3279013829	-0.2377709292
88.985	6136	0.1391514623	223.6282958763	0.3279479938	-0.2377696179
88.953	6137	0.1391387069	223.7497105449	0.3279972272	-0.2377826117
88.935	6138	0.1391317927	223.8698735160	0.3280455070	-0.2377896451
88.905	6139	0.1391199910	223.9912881846	0.3280954557	-0.2378000163
88.886	6140	0.1391123616	224.1170837949	0.3281439738	-0.2378168248
88.870	6141	0.1391061627	224.2341175219	0.3281921344	-0.2378246926
88.844	6142	0.1390960299	224.3555321905	0.3282407718	-0.2378353022
88.818	6143	0.1390855395	224.4838311961	0.3282908397	-0.2378459119
88.792	6144	0.1390752875	224.6071234111	0.3283391195	-0.2378560446
88.774	6145	0.1390684926	224.7335448702	0.3283888297	-0.2378621243
88.756	6146	0.1390612208	224.8580887829	0.3284415202	-0.2378736876
88.732	6147	0.1390516841	224.9820068468	0.3284930187	-0.2378839396
88.695	6148	0.1390370213	225.1090541547	0.3285418945	-0.2378994368
88.685	6149	0.1390334451	225.2335980674	0.3285923200	-0.2378920458
88.665	6150	0.1390254580	225.3637746193	0.3286423879	-0.2379124306
88.646	6151	0.1390178286	225.4945770201	0.3286953168	-0.2379142188
88.617	6152	0.1390066230	225.6247535720	0.3287480073	-0.2379191064
88.595	6153	0.1389976823	225.7518008799	0.3288002210	-0.2379239939
88.571	6154	0.1389885032	225.8782223390	0.3288524347	-0.2379356765
88.552	6155	0.1389809930	226.0140315303	0.3289051252	-0.2379405640
88.530	6156	0.1389720523	226.1448339310	0.3289573389	-0.2379493855
88.501	6157	0.1389607274	226.2781397270	0.3290103870	-0.2379582070
88.474	6158	0.1389502370	226.4120713718	0.3290636736	-0.2379671477
88.449	6159	0.1389402234	226.5441254702	0.3291182714	-0.2379763268
88.427	6160	0.1389314019	226.6811863590	0.3291727501	-0.2379855059
88.412	6161	0.1389254414	226.8157438526	0.3292247253	-0.2379877709
88.382	6162	0.1389137589	226.9484237998	0.3292800384	-0.2379949235
88.363	6163	0.1389063680	227.0873622350	0.3293339210	-0.2380006455
88.341	6164	0.1388976657	227.2187904846	0.3293881613	-0.2380050563
88.320	6165	0.1388893210	227.3558513734	0.3294437128	-0.2380076789
88.287	6166	0.1388762080	227.4910347158	0.3294998604	-0.2380144738
88.268	6167	0.1388689362	227.6305989999	0.3295541006	-0.2380195998
88.245	6168	0.1388598763	227.7707891328	0.3296082216	-0.2380253218
88.217	6169	0.1388487899	227.9059724752	0.3296642500	-0.2380287789
88.184	6170	0.1388357960	228.0486660033	0.3297198015	-0.2380310439
88.168	6171	0.1388292395	228.1894819849	0.3297773796	-0.2380370044
88.141	6172	0.1388188683	228.3302979666	0.3298351961	-0.2380390309
88.125	6173	0.1388124310	228.4686105531	0.3298871714	-0.2380381964
88.095	6174	0.1388007485	228.6125557788	0.3299452263	-0.2380379580
88.070	6175	0.1387906157	228.7521200628	0.3300030428	-0.2380414151
88.043	6176	0.1387801253	228.8941877421	0.3300585943	-0.2380398654
88.019	6177	0.1387708270	229.0400105143	0.3301134306	-0.2380443953
87.987	6178	0.1387580716	229.1858332864	0.3301718432	-0.2380432032
87.960	6179	0.1387474620	229.3260234193	0.3302314478	-0.2380422496
87.936	6180	0.1387378060	229.4724720402	0.3302873570	-0.2380191230
87.911	6181	0.1387279116	229.6182948123	0.3303454119	-0.2380010031
87.890	6182	0.1387198054	229.7659951309	0.3304033476	-0.2379938506
87.861	6183	0.1387084805	229.9136954495	0.3304617602	-0.2379950427
87.831	6184	0.1386964404	230.0601440704	0.3305195767	-0.2379896783
87.813	6185	0.1386896455	230.2065926913	0.3305772740	-0.2379785918
87.788	6186	0.1386796319	230.3517896147	0.3306360442	-0.2379859828
87.760	6187	0.1386684262	230.5019933285	0.3306971986	-0.2379948043
87.739	6188	0.1386602008	230.6496936470	0.3307551343	-0.2379843138
87.708	6189	0.1386479222	230.8024007560	0.3308131892	-0.2379832410
87.683	6190	0.1386381470	230.9538561674	0.3308724362	-0.2379788302
87.660	6191	0.1386289679	231.1040598812	0.3309343058	-0.2379835986
87.639	6192	0.1386207425	231.2517601998	0.3309923608	-0.2379856251
87.603	6193	0.1386066758	231.4069707040	0.3310512502	-0.2379911088
87.577	6194	0.1385964238	231.5571744178	0.3311114509	-0.2379986190
87.555	6195	0.1385876023	231.7123849221	0.3311712939	-0.2379850291
87.532	6196	0.1385787808	231.8625886358	0.3312331635	-0.2379803799
87.506	6197	0.1385682904	232.0171732913	0.3312925298	-0.2379869364
87.474	6198	0.1385556542	232.1711320979	0.3313533265	-0.2380005263
87.449	6199	0.1385458790	232.3244650557	0.3314159114	-0.2380147122
87.426	6200	0.1385366999	232.4846823504	0.3314782579	-0.2379993342
87.393	6201	0.1385237061	232.6348860642	0.3315381009	-0.2379815720
87.367	6202	0.1385135733	232.7894707197	0.3315987785	-0.2379627370
87.343	6203	0.1385041558	232.9465587703	0.3316620786	-0.2379717969
87.311	6204	0.1384914004	233.1061502162	0.3317231138	-0.2379751347
87.281	6205	0.1384797179	233.2632382669	0.3317849834	-0.2379779958
87.255	6206	0.1384692275	233.4197004688	0.3318472106	-0.2379832410
87.233	6207	0.1384608828	233.5805436123	0.3319095571	-0.2379808568
87.203	6208	0.1384489619	233.7395092094	0.3319704730	-0.2379868172
87.177	6209	0.1384384715	233.8972231088	0.3320344884	-0.2379835986
87.155	6210	0.1384301268	234.0574404035	0.3320971925	-0.2379845523
87.122	6211	0.1384171330	234.2176576983	0.3321593006	-0.2379603528
87.098	6212	0.1384075963	234.3791266906	0.3322229583	-0.2379793071
87.070	6213	0.1383965098	234.5412215317	0.3322844703	-0.2379723929
87.048	6214	0.1383879267	234.7014388264	0.3323495586	-0.2379635714
87.024	6215	0.1383781516	234.8635336675	0.3324107130	-0.2379741811
86.991	6216	0.1383653962	235.0250026599	0.3324767549	-0.2379851483
86.962	6217	0.1383539521	235.1889750474	0.3325399359	-0.2380006455
86.932	6218	0.1383419119	235.3541991326	0.3326033552	-0.2380211495
86.898	6219	0.1383286797	235.5156681249	0.3326658209	-0.2379868172
86.876	6220	0.1383200966	235.6840214541	0.3327288826	-0.2380080365
86.849	6221	0.1383091294	235.8448645976	0.3327917059	-0.2380162619
86.824	6222	0.1382994734	236.0038301947	0.3328577478	-0.2380204343
86.799	6223	0.1382895791	236.1696801287	0.3329222401	-0.2380190038
86.771	6224	0.1382783734	236.3367817603	0.3329854210	-0.2380139970
86.743	6225	0.1382674061	236.5045092407	0.3330494364	-0.2379757308
86.713	6226	0.1382557236	236.6734884187	0.3331146439	-0.2379859828
86.684	6227	0.1382441603	236.8374608062	0.3331786593	-0.2379957579
86.657	6228	0.1382334315	237.0064399842	0.3332467278	-0.2379993342
86.631	6229	0.1382231795	237.1791742551	0.3333099087	-0.2380044602
86.603	6230	0.1382123314	237.3456500379	0.3333749970	-0.2380043410
86.572	6231	0.1382000529	237.5171326111	0.3334399660	-0.2380045794
86.545	6232	0.1381892048	237.6823566963	0.3335082730	-0.2380049371
86.513	6233	0.1381769263	237.8550909671	0.3335710963	-0.2380050563
86.482	6234	0.1381645285	238.0246959939	0.3336373766	-0.2380058907
86.465	6235	0.1381578528	238.1917976255	0.3337022265	-0.2380050563
86.429	6236	0.1381437861	238.3676611404	0.3337670764	-0.2380033873
86.401	6237	0.1381325804	238.5353886208	0.3338347872	-0.2380044602
86.377	6238	0.1381232821	238.7062453452	0.3339011868	-0.2380045794
86.353	6239	0.1381136261	238.8783537673	0.3339669903	-0.2380081557
86.319	6240	0.1381000363	239.0548431310	0.3340345820	-0.2380108975
86.287	6241	0.1380875193	239.2282032507	0.3340991935	-0.2380105399
86.256	6242	0.1380752407	239.3984341263	0.3341658315	-0.2380119704
86.232	6243	0.1380659424	239.5705425483	0.3342339000	-0.2380142354
86.206	6244	0.1380558096	239.7489094585	0.3343012532	-0.2380150698
86.182	6245	0.1380461537	239.9172627877	0.3343645534	-0.2380165004
86.155	6246	0.1380355440	240.0925004537	0.3344315490	-0.2380165004
86.126	6247	0.1380239807	240.2689898174	0.3344999751	-0.2380149506
86.098	6248	0.1380130135	240.4461050299	0.3345667323	-0.2380173348
86.065	6249	0.1380001389	240.6244719401	0.3346337279	-0.2380207919
86.037	6250	0.1379890524	240.8022130014	0.3346986970	-0.2380218648
86.013	6251	0.1379796349	240.9749472722	0.3347673616	-0.2380308055
85.983	6252	0.1379674755	241.1564434264	0.3348362645	-0.2380269908
85.954	6253	0.1379561506	241.3323069413	0.3349029025	-0.2380172156
85.923	6254	0.1379438721	241.5112997002	0.3349701366	-0.2380236529
85.898	6255	0.1379339777	241.6915441568	0.3350359401	-0.2380310439
85.873	6256	0.1379244410	241.8661559740	0.3351079425	-0.2380232953
85.842	6257	0.1379121624	242.0438970354	0.3351724348	-0.2380243682
85.810	6258	0.1378994070	242.2253931895	0.3352419338	-0.2380310439
85.783	6259	0.1378889166	242.4075151925	0.3353090486	-0.2380435609
85.752	6260	0.1378763996	242.5852562538	0.3353772363	-0.2380451106
85.724	6261	0.1378654324	242.7686299544	0.3354464969	-0.2380287789
85.692	6262	0.1378529154	242.9476227133	0.3355157575	-0.2380099438
85.665	6263	0.1378420674	243.1241120770	0.3355828724	-0.2380263947
85.639	6264	0.1378320538	243.3062340800	0.3356496296	-0.2380404614
85.608	6265	0.1378195368	243.4921111758	0.3357203207	-0.2380496405
85.581	6266	0.1378091656	243.6748590276	0.3357883892	-0.2380598925
85.551	6267	0.1377973639	243.8569810305	0.3358582458	-0.2380617999
85.518	6268	0.1377843701	244.0409805799	0.3359269104	-0.2380679988
85.486	6269	0.1377714954	244.2212250365	0.3359960518	-0.2380722903
85.453	6270	0.1377583824	244.4096055275	0.3360640011	-0.2380749129
85.422	6271	0.1377464615	244.5917275305	0.3361312351	-0.2380807542
85.394	6272	0.1377353750	244.7757270799	0.3362020455	-0.2380832576
85.361	6273	0.1377223812	244.9603524780	0.3362740479	-0.2380873107
85.334	6274	0.1377117716	245.1437261786	0.3363412819	-0.2380801581
85.301	6275	0.1376985394	245.3321066697	0.3364111386	-0.2380612038
85.278	6276	0.1376893602	245.5186096143	0.3364805184	-0.2380589389
85.247	6277	0.1376770817	245.7026091637	0.3365482293	-0.2380607270
85.218	6278	0.1376659952	245.8916155035	0.3366198740	-0.2380675219
85.196	6279	0.1376569353	246.0762409017	0.3366890154	-0.2380677604
85.168	6280	0.1376462065	246.2633696951	0.3367588721	-0.2380679988
85.139	6281	0.1376345240	246.4517501862	0.3368289671	-0.2380672835
85.102	6282	0.1376198612	246.6370014332	0.3368981085	-0.2380676411
85.081	6283	0.1376117550	246.8285111683	0.3369687996	-0.2380690717
85.040	6284	0.1375954233	247.0137624153	0.3370369874	-0.2380714558
85.011	6285	0.1375840984	247.2065238480	0.3371051751	-0.2380728864
84.982	6286	0.1375726543	247.3961560366	0.3371775351	-0.2380745553
84.951	6287	0.1375603758	247.5826589812	0.3372485839	-0.2380796813
84.921	6288	0.1375485741	247.7722911699	0.3373171292	-0.2380801581
84.884	6289	0.1375340305	247.9612975097	0.3373878203	-0.2380820655
84.861	6290	0.1375248514	248.1509296984	0.3374580346	-0.2380827807
84.836	6291	0.1375149570	248.3443169799	0.3375305139	-0.2380868338
84.811	6292	0.1375051819	248.5364525638	0.3375989400	-0.2380919598
84.778	6293	0.1374921881	248.7235813572	0.3376723729	-0.2380962514
84.757	6294	0.1374839626	248.9182203363	0.3377386533	-0.2380993508
84.725	6295	0.1374710880	249.1103559202	0.3378106557	-0.2381003045
84.687	6296	0.1374560676	249.3018656553	0.3378825389	-0.2381043576
84.668	6297	0.1374487959	249.4958787856	0.3379545413	-0.2381090068
84.633	6298	0.1374349676	249.6905177647	0.3380236827	-0.2381129407
84.597	6299	0.1374205433	249.8826533486	0.3380965196	-0.2381043576
84.570	6300	0.1374100529	250.0729113861	0.3381655418	-0.2380939864
84.536	6301	0.1373965822	250.2731830044	0.3382361137	-0.2380935096
84.510	6302	0.1373863302	250.4671961348	0.3383076393	-0.2380896949
84.483	6303	0.1373758398	250.6574541722	0.3383776151	-0.2380966090
84.448	6304	0.1373618923	250.8489639073	0.3384467565	-0.2381068610
84.420	6305	0.1373510443	251.0486096769	0.3385184013	-0.2381202124
84.387	6306	0.1373378120	251.2438745048	0.3385906421	-0.2381203317
84.368	6307	0.1373304211	251.4428944256	0.3386588298	-0.2381247424
84.331	6308	0.1373158775	251.6350300095	0.3387328588	-0.2381299876
84.295	6309	0.1373015724	251.8309206862	0.3388031923	-0.2381280803
84.268	6310	0.1372909628	252.0286889093	0.3388759100	-0.2381252192
84.231	6311	0.1372761808	252.2277088301	0.3389468395	-0.2381234311
84.204	6312	0.1372655712	252.4261029021	0.3390203916	-0.2381235503
84.180	6313	0.1372560344	252.6201160324	0.3390917980	-0.2381254577
84.151	6314	0.1372448288	252.8166325579	0.3391621315	-0.2381242656
84.125	6315	0.1372343384	253.0150266299	0.3392344915	-0.2381265305
84.091	6316	0.1372211061	253.2127948530	0.3393064940	-0.2381307029
84.057	6317	0.1372075163	253.4105630762	0.3393787348	-0.2381321334
84.016	6318	0.1371913038	253.6133380898	0.3394516909	-0.2381186627
83.999	6319	0.1371846281	253.8079770689	0.3395225012	-0.2381067418
83.964	6320	0.1371706806	254.0120037801	0.3395899737	-0.2381069802
83.936	6321	0.1371595941	254.2116495497	0.3396642411	-0.2381087684
83.910	6322	0.1371496998	254.4087919240	0.3397346937	-0.2381110333
83.881	6323	0.1371382557	254.6115669377	0.3398076498	-0.2381097220
83.844	6324	0.1371234737	254.8112127072	0.3398781025	-0.2381082915
83.816	6325	0.1371123872	255.0121101744	0.3399514163	-0.2381074570
83.785	6326	0.1371003471	255.2180144321	0.3400243723	-0.2381055497
83.761	6327	0.1370905719	255.4164085040	0.3400958979	-0.2381057881
83.730	6328	0.1370782934	255.6185576688	0.3401658738	-0.2381053113
83.699	6329	0.1370662532	255.8194551360	0.3402395451	-0.2381056689
83.671	6330	0.1370550476	256.0266110913	0.3403120244	-0.2381037616
83.634	6331	0.1370405040	256.2268827097	0.3403834307	-0.2381035231
83.609	6332	0.1370306097	256.4296577233	0.3404544795	-0.2381068610
83.581	6333	0.1370197616	256.6293034929	0.3405305350	-0.2381084107
83.549	6334	0.1370070062	256.8358335993	0.3406006301	-0.2381069802
83.519	6335	0.1369949661	257.0367310665	0.3406715596	-0.2381072186
83.490	6336	0.1369837604	257.2432611730	0.3407460654	-0.2381045960
83.452	6337	0.1369686208	257.4454103378	0.3408179486	-0.2381032847
83.413	6338	0.1369532428	257.6500628978	0.3408904279	-0.2381074570
83.389	6339	0.1369439445	257.8540896090	0.3409606422	-0.2381073378
83.357	6340	0.1369311891	258.0612455643	0.3410334790	-0.2381082915
83.330	6341	0.1369204603	258.2652722755	0.3411092961	-0.2381085299
83.301	6342	0.1369090162	258.4743057772	0.3411786760	-0.2381096028
83.272	6343	0.1368978105	258.6764549420	0.3412524665	-0.2381085299
83.237	6344	0.1368836246	258.8811075020	0.3413242305	-0.2381127023
83.211	6345	0.1368734918	259.0882634573	0.3413983787	-0.2381273650
83.176	6346	0.1368597827	259.2960452614	0.3414722885	-0.2381274842
83.148	6347	0.1368486963	259.5019495190	0.3415434564	-0.2381214045
83.117	6348	0.1368365369	259.7059762303	0.3416158165	-0.2381231927
83.090	6349	0.1368256889	259.9181389760	0.3416868652	-0.2381251000
83.057	6350	0.1368125759	260.1234173848	0.3417617286	-0.2381283187
83.037	6351	0.1368049465	260.3337025841	0.3418344463	-0.2381338023
83.003	6352	0.1367915950	260.5433619346	0.3419065679	-0.2381342791
82.970	6353	0.1367782436	260.7486403435	0.3419788088	-0.2381370210
82.940	6354	0.1367666803	260.9532929035	0.3420511688	-0.2381398820
82.906	6355	0.1367532096	261.1673331956	0.3421247209	-0.2381427430
82.868	6356	0.1367381893	261.3751149997	0.3421974386	-0.2381504916
82.848	6357	0.1367302022	261.5866518966	0.3422692026	-0.2381512069
82.822	6358	0.1367199502	261.7919303055	0.3423419203	-0.2381554984
82.786	6359	0.1367056451	262.0028413536	0.3424164261	-0.2381605052
82.764	6360	0.1366969428	262.2125007041	0.3424897398	-0.2381683730
82.726	6361	0.1366820417	262.4227859034	0.3425623383	-0.2381813668
82.693	6362	0.1366691671	262.6368261955	0.3426352944	-0.2381873273
82.661	6363	0.1366564117	262.8458596972	0.3427070584	-0.2382013940
82.628	6364	0.1366431795	263.0567707453	0.3427796568	-0.2381973409
82.595	6365	0.1366301856	263.2695593399	0.3428526129	-0.2382005595
82.570	6366	0.1366205297	263.4810962368	0.3429266419	-0.2382025861
82.537	6367	0.1366074167	263.6870004944	0.3429981675	-0.2382075929
82.511	6368	0.1365969262	263.9022924842	0.3430717196	-0.2382044934
82.484	6369	0.1365865550	264.1144552299	0.3431434836	-0.2382112883
82.448	6370	0.1365723691	264.3266179756	0.3432195391	-0.2382146262
82.414	6371	0.1365586601	264.5412841166	0.3432910647	-0.2382158183
82.381	6372	0.1365459047	264.7521951647	0.3433640208	-0.2382210635
82.349	6373	0.1365330301	264.9662354568	0.3434379306	-0.2382246398
82.313	6374	0.1365190826	265.1802757490	0.3435100522	-0.2382257127
82.287	6375	0.1365084729	265.3955677387	0.3435822930	-0.2382295274
82.262	6376	0.1364985786	265.6077304845	0.3436564412	-0.2382313155
82.240	6377	0.1364901147	265.8249000207	0.3437302317	-0.2382366799
82.205	6378	0.1364764056	266.0389403128	0.3438000884	-0.2382388257
82.169	6379	0.1364621005	266.2536064538	0.3438750710	-0.2382458590
82.143	6380	0.1364518485	266.4626399554	0.3439486232	-0.2382478856
82.105	6381	0.1364365897	266.6791836428	0.3440220561	-0.2382513427
82.068	6382	0.1364220462	266.8969790278	0.3440940585	-0.2382539653
82.043	6383	0.1364122710	267.1135227152	0.3441688027	-0.2382595681
82.016	6384	0.1364015422	267.3275630073	0.3442416396	-0.2382651709
81.984	6385	0.1363887868	267.5453583923	0.3443141189	-0.2382654094
81.942	6386	0.1363724551	267.7556435916	0.3443862405	-0.2382726811
81.916	6387	0.1363620839	267.9765682206	0.3444612232	-0.2382632636
81.883	6388	0.1363489709	268.1912343616	0.3445325103	-0.2382555150
81.857	6389	0.1363388381	268.4121589906	0.3446054664	-0.2382763766
81.829	6390	0.1363277517	268.6261992828	0.3446781841	-0.2382812642
81.795	6391	0.1363141618	268.8383620285	0.3447530475	-0.2382904433
81.763	6392	0.1363016448	269.0599125063	0.3448269573	-0.2382977151
81.734	6393	0.1362902007	269.2789595889	0.3449005094	-0.2383034371
81.708	6394	0.1362798295	269.4980066715	0.3449709621	-0.2383098744
81.676	6395	0.1362671933	269.7151762077	0.3450473753	-0.2383182191
81.643	6396	0.1362541995	269.9298423487	0.3451196161	-0.2383210801
81.619	6397	0.1362447820	270.1501411289	0.3451914993	-0.2383285903
81.588	6398	0.1362323842	270.3704399091	0.3452648130	-0.2383320474
81.558	6399	0.1362205825	270.5851060501	0.3453368154	-0.2383376502
81.529	6400	0.1362093768	270.8060306791	0.3454116789	-0.2383419417
81.496	6401	0.1361962638	271.0257036105	0.3454858271	-0.2383462333
81.465	6402	0.1361838660	271.2447506931	0.3455586639	-0.2383525514
81.442	6403	0.1361746869	271.4675528686	0.3456320969	-0.2383555316
81.404	6404	0.1361599050	271.6840965560	0.3457040993	-0.2383608960
81.379	6405	0.1361501298	271.9081504290	0.3457759825	-0.2383688830
81.355	6406	0.1361404739	272.1303267557	0.3458427397	-0.2383793735
81.324	6407	0.1361280761	272.3493738383	0.3459192721	-0.2383836650
81.292	6408	0.1361156783	272.5690467697	0.3459984270	-0.2383957051
81.253	6409	0.1361003003	272.7874680035	0.3460711447	-0.2384013080
81.224	6410	0.1360888562	273.0115218765	0.3461456505	-0.2384071492
81.198	6411	0.1360784850	273.2349499008	0.3462175337	-0.2384081029
81.167	6412	0.1360660872	273.4502418906	0.3462914435	-0.2384125136
81.137	6413	0.1360542855	273.6793025541	0.3463641612	-0.2384190701
81.118	6414	0.1360466561	273.8970979391	0.3464380709	-0.2384258651
81.079	6415	0.1360313973	274.1211518121	0.3465087620	-0.2384309911
81.045	6416	0.1360178075	274.3445798364	0.3465842215	-0.2384345674
81.007	6417	0.1360029063	274.5636269190	0.3466587273	-0.2384350442
80.981	6418	0.1359925351	274.7876807921	0.3467294184	-0.2384394549
80.960	6419	0.1359844289	275.0111088163	0.3468028514	-0.2384452962
80.922	6420	0.1359694085	275.2332851430	0.3468774764	-0.2384498261
80.893	6421	0.1359578452	275.4579648648	0.3469498364	-0.2384542369
80.867	6422	0.1359477124	275.6832704355	0.3470239846	-0.2384548329
80.847	6423	0.1359398446	275.9035692157	0.3470947949	-0.2384579324
80.806	6424	0.1359235129	276.1295006352	0.3471682279	-0.2384625815
80.774	6425	0.1359107575	276.3548062059	0.3472411840	-0.2384691381
80.743	6426	0.1358987174	276.5776083814	0.3473155706	-0.2384722375
80.709	6427	0.1358852467	276.8004105568	0.3473897187	-0.2384737872
80.681	6428	0.1358740411	277.0269678251	0.3474611251	-0.2384749793
80.649	6429	0.1358614049	277.2541509422	0.3475356309	-0.2384822511
80.617	6430	0.1358488879	277.4794565129	0.3476088254	-0.2384765290
80.589	6431	0.1358376822	277.7010069907	0.3476804702	-0.2384770059
80.561	6432	0.1358265958	277.9288159566	0.3477567642	-0.2384919070
80.526	6433	0.1358130059	278.1491147369	0.3478269784	-0.2384998941
80.496	6434	0.1358010850	278.3775495516	0.3478988616	-0.2385038280
80.460	6435	0.1357867799	278.6041068199	0.3479730098	-0.2385109805
80.440	6436	0.1357789121	278.8319157858	0.3480450122	-0.2385260009
80.411	6437	0.1357673488	279.0572213565	0.3481208294	-0.2385445975
80.380	6438	0.1357551894	279.2844044736	0.3481929510	-0.2385618829
80.335	6439	0.1357375464	279.5122134395	0.3482643573	-0.2385621213
80.309	6440	0.1357271752	279.7406482542	0.3483376711	-0.2385628366
80.277	6441	0.1357146582	279.9684572201	0.3484124153	-0.2385301732
80.243	6442	0.1357009492	280.1925110932	0.3484853714	-0.2385270738
80.212	6443	0.1356886706	280.4221976055	0.3485568970	-0.2385263585
80.187	6444	0.1356788955	280.6468773274	0.3486305683	-0.2385209941
80.160	6445	0.1356681666	280.8753121421	0.3487032860	-0.2385178947
80.128	6446	0.1356554112	281.1049986544	0.3487740963	-0.2385195636
80.097	6447	0.1356433711	281.3371885620	0.3488487213	-0.2385229014
80.065	6448	0.1356307349	281.5606165862	0.3489213198	-0.2385267161
80.044	6449	0.1356223902	281.7903030986	0.3489940374	-0.2385330342
80.013	6450	0.1356099925	282.0181120645	0.3490696161	-0.2385373258
79.977	6451	0.1355959258	282.2471727280	0.3491399496	-0.2385395907
79.956	6452	0.1355877003	282.4781109380	0.3492104023	-0.2385455512
79.928	6453	0.1355767331	282.7071716015	0.3492849081	-0.2385474586
79.899	6454	0.1355650506	282.9356064162	0.3493565529	-0.2385515117
79.865	6455	0.1355518183	283.1652929285	0.3494302243	-0.2385590219
79.833	6456	0.1355391822	283.3993603825	0.3495022267	-0.2385665320
79.804	6457	0.1355273804	283.6252918020	0.3495727986	-0.2385703467
79.769	6458	0.1355135522	283.8549783143	0.3496467083	-0.2385770225
79.736	6459	0.1355007968	284.0852906755	0.3497208565	-0.2385847711
79.716	6460	0.1354925713	284.3168547342	0.3497950047	-0.2385910892
79.679	6461	0.1354780278	284.5477929442	0.3498661727	-0.2386016988
79.650	6462	0.1354664645	284.7812345494	0.3499390095	-0.2386102819
79.619	6463	0.1354543051	285.0046625736	0.3500119656	-0.2386196994
79.586	6464	0.1354414305	285.2399817252	0.3500838488	-0.2386291169
79.551	6465	0.1354273638	285.4696682375	0.3501571626	-0.2386412763
79.526	6466	0.1354178271	285.7049873891	0.3502294034	-0.2386468791
79.502	6467	0.1354080519	285.9346739015	0.3503031939	-0.2386595153
79.460	6468	0.1353917203	286.1693672043	0.3503751964	-0.2386685752
79.436	6469	0.1353821835	286.4009312630	0.3504470796	-0.2386573695
79.400	6470	0.1353679976	286.6324953218	0.3505197972	-0.2386633300
79.387	6471	0.1353625140	286.8621818341	0.3505914420	-0.2386720323
79.358	6472	0.1353513083	287.1000043809	0.3506636829	-0.2387023114
79.332	6473	0.1353409371	287.3240582540	0.3507367582	-0.2387249612
79.294	6474	0.1353257975	287.5606291032	0.3508093566	-0.2387380742
79.258	6475	0.1353117308	287.7921931620	0.3508815975	-0.2387367629
79.226	6476	0.1352988562	288.0293898600	0.3509547920	-0.2387626313
79.201	6477	0.1352892003	288.2609539188	0.3510256023	-0.2387650155
79.168	6478	0.1352760872	288.4968989192	0.3510985584	-0.2387622737
79.137	6479	0.1352639279	288.7297146755	0.3511699647	-0.2387453460
79.111	6480	0.1352534375	288.9662855247	0.3512423248	-0.2387434386
79.096	6481	0.1352474770	289.1953461883	0.3513139696	-0.2387428426
79.050	6482	0.1352293572	289.4319170375	0.3513864488	-0.2387479686
79.015	6483	0.1352157673	289.6672361891	0.3514602394	-0.2387442731
78.994	6484	0.1352073035	289.9000519455	0.3515328378	-0.2387451076
78.959	6485	0.1351933560	290.1359969459	0.3516036482	-0.2387486839
78.928	6486	0.1351811966	290.3681868534	0.3516752929	-0.2387437963
78.897	6487	0.1351690373	290.6022543074	0.3517482490	-0.2387443923
78.866	6488	0.1351566395	290.8444577959	0.3518222780	-0.2387468957
78.835	6489	0.1351443610	291.0778994011	0.3518920155	-0.2387502336
78.817	6490	0.1351374468	291.3107151574	0.3519640179	-0.2387806319
78.788	6491	0.1351258835	291.5485377043	0.3520361395	-0.2388070964
78.754	6492	0.1351122937	291.7807276118	0.3521077843	-0.2388081693
78.721	6493	0.1350991806	292.0204277051	0.3521828861	-0.2388068580
78.695	6494	0.1350891671	292.2526176126	0.3522511931	-0.2388208055
78.660	6495	0.1350752196	292.4910660083	0.3523240299	-0.2388405942
78.631	6496	0.1350637755	292.7263851599	0.3523974629	-0.2388372564
78.598	6497	0.1350505433	292.9642077067	0.3524704190	-0.2388360643
78.568	6498	0.1350389799	293.2014044047	0.3525414677	-0.2388386869
78.540	6499	0.1350276551	293.4417303468	0.3526125164	-0.2388461971
78.512	6500	0.1350169262	293.6726685567	0.3526841612	-0.2388466739
78.476	6501	0.1350025019	293.9098652548	0.3527566405	-0.2388488197
78.444	6502	0.1349897465	294.1495653480	0.3528276892	-0.2388485812
78.414	6503	0.1349778256	294.3848844996	0.3528999301	-0.2388481044
78.388	6504	0.1349676928	294.6252104417	0.3529731246	-0.2388546609
78.358	6505	0.1349560103	294.8649105349	0.3530434580	-0.2388570451
78.327	6506	0.1349436125	295.1008555353	0.3531160565	-0.2388616943
78.293	6507	0.1349302611	295.3368005357	0.3531891318	-0.2388661050
78.268	6508	0.1349203667	295.5802557218	0.3532586308	-0.2388702773
78.229	6509	0.1349046311	295.8174524198	0.3533287259	-0.2388758802
78.199	6510	0.1348929486	296.0496423274	0.3534001323	-0.2388792180
78.168	6511	0.1348807892	296.2937233623	0.3534721347	-0.2388847017
78.146	6512	0.1348719677	296.5277908163	0.3535462829	-0.2388874435
78.117	6513	0.1348604044	296.7687426072	0.3536160203	-0.2388986492
78.084	6514	0.1348474106	297.0090685492	0.3536881419	-0.2388996028
78.053	6515	0.1348353705	297.2475169449	0.3537593099	-0.2389034175
78.021	6516	0.1348227343	297.4884687357	0.3538317891	-0.2389065170
77.990	6517	0.1348102173	297.7287946778	0.3539010497	-0.2389118814
77.971	6518	0.1348027071	297.9672430734	0.3539744827	-0.2389172458
77.934	6519	0.1347880444	298.2119499571	0.3540463659	-0.2389181995
77.906	6520	0.1347771963	298.4453915623	0.3541168186	-0.2389208221
77.879	6521	0.1347665867	298.6875950508	0.3541891786	-0.2389257097
77.850	6522	0.1347547850	298.9285468417	0.3542579624	-0.2389303588
77.823	6523	0.1347440561	299.1694986325	0.3543306800	-0.2389350080
77.790	6524	0.1347313008	299.4091987258	0.3544020864	-0.2389377498
77.768	6525	0.1347225985	299.6482729702	0.3544752809	-0.2389429950
77.731	6526	0.1347078165	299.8936057027	0.3545451376	-0.2389438295
77.700	6527	0.1346956572	300.1308024008	0.3546153518	-0.2389460945
77.668	6528	0.1346829018	300.3748834357	0.3546862814	-0.2389490747
77.634	6529	0.1346693119	300.6139576801	0.3547563764	-0.2389512204
77.612	6530	0.1346609673	300.8561611686	0.3548275444	-0.2389542007
77.583	6531	0.1346494040	301.0971129595	0.3548988315	-0.2389558696
77.548	6532	0.1346355757	301.3380647503	0.3549705955	-0.2389571809
77.520	6533	0.1346244892	301.5777648436	0.3550424787	-0.2389614724
77.493	6534	0.1346136412	301.8230975761	0.3551119778	-0.2389605188
77.461	6535	0.1346012434	302.0627976693	0.3551844570	-0.2389595651
77.421	6536	0.1345851502	302.3075045531	0.3552539560	-0.2389593267
77.394	6537	0.1345745405	302.5503338903	0.3553248856	-0.2389645719
77.370	6538	0.1345652422	302.7931632276	0.3553962919	-0.2389558696
77.345	6539	0.1345552286	303.0347408673	0.3554688904	-0.2389557504
77.320	6540	0.1345453343	303.2813252974	0.3555386278	-0.2389552736
77.290	6541	0.1345334133	303.5272838788	0.3556113455	-0.2389568233
77.262	6542	0.1345223269	303.7657322744	0.3556790564	-0.2389549159
77.228	6543	0.1345088562	304.0085616117	0.3557485554	-0.2389521741
77.198	6544	0.1344969353	304.2520167978	0.3558204386	-0.2389516973
77.169	6545	0.1344854912	304.4904651934	0.3558916066	-0.2389527702
77.142	6546	0.1344747623	304.7370496236	0.3559611056	-0.2389545583
77.112	6547	0.1344628414	304.9848857513	0.3560326312	-0.2389632606
77.077	6548	0.1344491324	305.2258375422	0.3561035607	-0.2389645719
77.050	6549	0.1344385227	305.4711702747	0.3561725829	-0.2389640951
77.023	6550	0.1344279131	305.7121220656	0.3562444661	-0.2389685058
76.990	6551	0.1344148001	305.9587064957	0.3563152764	-0.2389718437
76.962	6552	0.1344037136	306.2002841354	0.3563872788	-0.2389685058
76.935	6553	0.1343929848	306.4481202631	0.3564545129	-0.2389698171
76.903	6554	0.1343803486	306.6940788444	0.3565238927	-0.2389603996
76.874	6555	0.1343687853	306.9381598793	0.3565966103	-0.2389581346
76.841	6556	0.1343559107	307.1866218559	0.3566663478	-0.2389599227
76.809	6557	0.1343430361	307.4281994956	0.3567381118	-0.2389587306
76.793	6558	0.1343369564	307.6747839257	0.3568083261	-0.2389587306
76.762	6559	0.1343244394	307.9182391118	0.3568780635	-0.2389595651
76.732	6560	0.1343126377	308.1629459955	0.3569468473	-0.2389584922
76.700	6561	0.1343001207	308.4114079721	0.3570180152	-0.2389639758
76.683	6562	0.1342930874	308.6561148558	0.3570879911	-0.2389634990
76.651	6563	0.1342805704	308.9033251347	0.3571599935	-0.2389649295
76.619	6564	0.1342679342	309.1461544720	0.3572292541	-0.2389670753
76.582	6565	0.1342532715	309.3927389021	0.3572989915	-0.2389674329
76.556	6566	0.1342430195	309.6399491811	0.3573682521	-0.2389689826
76.530	6567	0.1342326483	309.8902887041	0.3574390624	-0.2389770889
76.508	6568	0.1342240652	310.1299887973	0.3575086807	-0.2389969968
76.476	6569	0.1342114290	310.3784507739	0.3575774644	-0.2389876985
76.443	6570	0.1341983160	310.6281644480	0.3576476787	-0.2389927053
76.414	6571	0.1341869911	310.8709937853	0.3577181314	-0.2389941358
76.385	6572	0.1341751894	311.1194557619	0.3577869152	-0.2389922284
76.354	6573	0.1341631492	311.3654143432	0.3578570102	-0.2389928245
76.327	6574	0.1341524204	311.6182572614	0.3579263900	-0.2389922284
76.297	6575	0.1341404995	311.8642158427	0.3579968427	-0.2389919900
76.266	6576	0.1341284593	312.1082968776	0.3580632423	-0.2389891290
76.249	6577	0.1341214260	312.3611397958	0.3581342911	-0.2389910364
76.213	6578	0.1341071209	312.6045949819	0.3582056974	-0.2389934205
76.186	6579	0.1340965113	312.8555603537	0.3582746004	-0.2389977121
76.154	6580	0.1340839943	313.1008930862	0.3583446955	-0.2390203618
76.123	6581	0.1340715965	313.3531101556	0.3584143137	-0.2390306138
76.096	6582	0.1340609869	313.5959394929	0.3584839319	-0.2390194082
76.060	6583	0.1340466818	313.8494082600	0.3585531925	-0.2390047454
76.039	6584	0.1340385755	314.0972443877	0.3586225723	-0.2389919900
76.013	6585	0.1340282043	314.3444546666	0.3586920714	-0.2389866256
75.973	6586	0.1340123495	314.5941683408	0.3587622856	-0.2389793538
75.951	6587	0.1340035280	314.8407527709	0.3588292813	-0.2389869832
75.925	6588	0.1339932760	315.0929698403	0.3588988995	-0.2389910364
75.891	6589	0.1339799246	315.3420576657	0.3589682793	-0.2389931821
75.866	6590	0.1339701494	315.5898937935	0.3590386128	-0.2389967584
75.837	6591	0.1339585861	315.8402333164	0.3591076350	-0.2390000963
75.805	6592	0.1339459499	316.0893211418	0.3591759419	-0.2390121364
75.770	6593	0.1339321216	316.3396606648	0.3592460370	-0.2390189313
75.744	6594	0.1339216312	316.5868709437	0.3593150591	-0.2390159511
